patient_id,source_patient_id,phase,image_path,mask_path,slice_index,dataset,subset,modality,view,frame_id,group,has_positive_mask,spacing_row_mm,spacing_col_mm
ImageCAS_1,1,static,C:\Users\maksa\Desktop\диссертация\data\data\segmentation\ImageCAS_CT\raw_images\final_extracted\1-200\1.img.nii.gz,C:\Users\maksa\Desktop\диссертация\data\data\segmentation\ImageCAS_CT\ImageCAS-STACOM2025-02-10-2025\segmentations\1.img.nii.gz,0,ImageCAS,unassigned,cardiac_ct,axial,0,public,True,0.376953125,0.376953125
ImageCAS_1,1,static,C:\Users\maksa\Desktop\диссертация\data\data\segmentation\ImageCAS_CT\raw_images\final_extracted\1-200\1.img.nii.gz,C:\Users\maksa\Desktop\диссертация\data\data\segmentation\ImageCAS_CT\ImageCAS-STACOM2025-02-10-2025\segmentations\1.img.nii.gz,30,ImageCAS,unassigned,cardiac_ct,axial,0,public,True,0.376953125,0.376953125
ImageCAS_1,1,static,C:\Users\maksa\Desktop\диссертация\data\data\segmentation\ImageCAS_CT\raw_images\final_extracted\1-200\1.img.nii.gz,C:\Users\maksa\Desktop\диссертация\data\data\segmentation\ImageCAS_CT\ImageCAS-STACOM2025-02-10-2025\segmentations\1.img.nii.gz,61,ImageCAS,unassigned,cardiac_ct,axial,0,public,True,0.376953125,0.376953125
ImageCAS_1,1,static,C:\Users\maksa\Desktop\диссертация\data\data\segmentation\ImageCAS_CT\raw_images\final_extracted\1-200\1.img.nii.gz,C:\Users\maksa\Desktop\диссертация\data\data\segmentation\ImageCAS_CT\ImageCAS-STACOM2025-02-10-2025\segmentations\1.img.nii.gz,91,ImageCAS,unassigned,cardiac_ct,axial,0,public,True,0.376953125,0.376953125
ImageCAS_1,1,static,C:\Users\maksa\Desktop\диссертация\data\data\segmentation\ImageCAS_CT\raw_images\final_extracted\1-200\1.img.nii.gz,C:\Users\maksa\Desktop\диссертация\data\data\segmentation\ImageCAS_CT\ImageCAS-STACOM2025-02-10-2025\segmentations\1.img.nii.gz,122,ImageCAS,unassigned,cardiac_ct,axial,0,public,True,0.376953125,0.376953125
ImageCAS_1,1,static,C:\Users\maksa\Desktop\диссертация\data\data\segmentation\ImageCAS_CT\raw_images\final_extracted\1-200\1.img.nii.gz,C:\Users\maksa\Desktop\диссертация\data\data\segmentation\ImageCAS_CT\ImageCAS-STACOM2025-02-10-2025\segmentations\1.img.nii.gz,152,ImageCAS,unassigned,cardiac_ct,axial,0,public,True,0.376953125,0.376953125
ImageCAS_1,1,static,C:\Users\maksa\Desktop\диссертация\data\data\segmentation\ImageCAS_CT\raw_images\final_extracted\1-200\1.img.nii.gz,C:\Users\maksa\Desktop\диссертация\data\data\segmentation\ImageCAS_CT\ImageCAS-STACOM2025-02-10-2025\segmentations\1.img.nii.gz,183,ImageCAS,unassigned,cardiac_ct,axial,0,public,True,0.376953125,0.376953125
ImageCAS_1,1,static,C:\Users\maksa\Desktop\диссертация\data\data\segmentation\ImageCAS_CT\raw_images\final_extracted\1-200\1.img.nii.gz,C:\Users\maksa\Desktop\диссертация\data\data\segmentation\ImageCAS_CT\ImageCAS-STACOM2025-02-10-2025\segmentations\1.img.nii.gz,213,ImageCAS,unassigned,cardiac_ct,axial,0,public,True,0.376953125,0.376953125
ImageCAS_1,1,static,C:\Users\maksa\Desktop\диссертация\data\data\segmentation\ImageCAS_CT\raw_images\final_extracted\1-200\1.img.nii.gz,C:\Users\maksa\Desktop\диссертация\data\data\segmentation\ImageCAS_CT\ImageCAS-STACOM2025-02-10-2025\segmentations\1.img.nii.gz,244,ImageCAS,unassigned,cardiac_ct,axial,0,public,True,0.376953125,0.376953125
ImageCAS_1,1,static,C:\Users\maksa\Desktop\диссертация\data\data\segmentation\ImageCAS_CT\raw_images\final_extracted\1-200\1.img.nii.gz,C:\Users\maksa\Desktop\диссертация\data\data\segmentation\ImageCAS_CT\ImageCAS-STACOM2025-02-10-2025\segmentations\1.img.nii.gz,274,ImageCAS,unassigned,cardiac_ct,axial,0,public,True,0.376953125,0.376953125
ImageCAS_100,100,static,C:\Users\maksa\Desktop\диссертация\data\data\segmentation\ImageCAS_CT\raw_images\final_extracted\1-200\100.img.nii.gz,C:\Users\maksa\Desktop\диссертация\data\data\segmentation\ImageCAS_CT\ImageCAS-STACOM2025-02-10-2025\segmentations\100.img.nii.gz,0,ImageCAS,unassigned,cardiac_ct,axial,0,public,True,0.318359375,0.318359375
ImageCAS_100,100,static,C:\Users\maksa\Desktop\диссертация\data\data\segmentation\ImageCAS_CT\raw_images\final_extracted\1-200\100.img.nii.gz,C:\Users\maksa\Desktop\диссертация\data\data\segmentation\ImageCAS_CT\ImageCAS-STACOM2025-02-10-2025\segmentations\100.img.nii.gz,23,ImageCAS,unassigned,cardiac_ct,axial,0,public,True,0.318359375,0.318359375
ImageCAS_100,100,static,C:\Users\maksa\Desktop\диссертация\data\data\segmentation\ImageCAS_CT\raw_images\final_extracted\1-200\100.img.nii.gz,C:\Users\maksa\Desktop\диссертация\data\data\segmentation\ImageCAS_CT\ImageCAS-STACOM2025-02-10-2025\segmentations\100.img.nii.gz,46,ImageCAS,unassigned,cardiac_ct,axial,0,public,True,0.318359375,0.318359375
ImageCAS_100,100,static,C:\Users\maksa\Desktop\диссертация\data\data\segmentation\ImageCAS_CT\raw_images\final_extracted\1-200\100.img.nii.gz,C:\Users\maksa\Desktop\диссертация\data\data\segmentation\ImageCAS_CT\ImageCAS-STACOM2025-02-10-2025\segmentations\100.img.nii.gz,68,ImageCAS,unassigned,cardiac_ct,axial,0,public,True,0.318359375,0.318359375
ImageCAS_100,100,static,C:\Users\maksa\Desktop\диссертация\data\data\segmentation\ImageCAS_CT\raw_images\final_extracted\1-200\100.img.nii.gz,C:\Users\maksa\Desktop\диссертация\data\data\segmentation\ImageCAS_CT\ImageCAS-STACOM2025-02-10-2025\segmentations\100.img.nii.gz,91,ImageCAS,unassigned,cardiac_ct,axial,0,public,True,0.318359375,0.318359375
ImageCAS_100,100,static,C:\Users\maksa\Desktop\диссертация\data\data\segmentation\ImageCAS_CT\raw_images\final_extracted\1-200\100.img.nii.gz,C:\Users\maksa\Desktop\диссертация\data\data\segmentation\ImageCAS_CT\ImageCAS-STACOM2025-02-10-2025\segmentations\100.img.nii.gz,114,ImageCAS,unassigned,cardiac_ct,axial,0,public,True,0.318359375,0.318359375
ImageCAS_100,100,static,C:\Users\maksa\Desktop\диссертация\data\data\segmentation\ImageCAS_CT\raw_images\final_extracted\1-200\100.img.nii.gz,C:\Users\maksa\Desktop\диссертация\data\data\segmentation\ImageCAS_CT\ImageCAS-STACOM2025-02-10-2025\segmentations\100.img.nii.gz,137,ImageCAS,unassigned,cardiac_ct,axial,0,public,True,0.318359375,0.318359375
ImageCAS_100,100,static,C:\Users\maksa\Desktop\диссертация\data\data\segmentation\ImageCAS_CT\raw_images\final_extracted\1-200\100.img.nii.gz,C:\Users\maksa\Desktop\диссертация\data\data\segmentation\ImageCAS_CT\ImageCAS-STACOM2025-02-10-2025\segmentations\100.img.nii.gz,159,ImageCAS,unassigned,cardiac_ct,axial,0,public,True,0.318359375,0.318359375
ImageCAS_100,100,static,C:\Users\maksa\Desktop\диссертация\data\data\segmentation\ImageCAS_CT\raw_images\final_extracted\1-200\100.img.nii.gz,C:\Users\maksa\Desktop\диссертация\data\data\segmentation\ImageCAS_CT\ImageCAS-STACOM2025-02-10-2025\segmentations\100.img.nii.gz,182,ImageCAS,unassigned,cardiac_ct,axial,0,public,True,0.318359375,0.318359375
ImageCAS_100,100,static,C:\Users\maksa\Desktop\диссертация\data\data\segmentation\ImageCAS_CT\raw_images\final_extracted\1-200\100.img.nii.gz,C:\Users\maksa\Desktop\диссертация\data\data\segmentation\ImageCAS_CT\ImageCAS-STACOM2025-02-10-2025\segmentations\100.img.nii.gz,205,ImageCAS,unassigned,cardiac_ct,axial,0,public,True,0.318359375,0.318359375
ImageCAS_101,101,static,C:\Users\maksa\Desktop\диссертация\data\data\segmentation\ImageCAS_CT\raw_images\final_extracted\1-200\101.img.nii.gz,C:\Users\maksa\Desktop\диссертация\data\data\segmentation\ImageCAS_CT\ImageCAS-STACOM2025-02-10-2025\segmentations\101.img.nii.gz,0,ImageCAS,unassigned,cardiac_ct,axial,0,public,True,0.318359375,0.318359375
ImageCAS_101,101,static,C:\Users\maksa\Desktop\диссертация\data\data\segmentation\ImageCAS_CT\raw_images\final_extracted\1-200\101.img.nii.gz,C:\Users\maksa\Desktop\диссертация\data\data\segmentation\ImageCAS_CT\ImageCAS-STACOM2025-02-10-2025\segmentations\101.img.nii.gz,23,ImageCAS,unassigned,cardiac_ct,axial,0,public,True,0.318359375,0.318359375
ImageCAS_101,101,static,C:\Users\maksa\Desktop\диссертация\data\data\segmentation\ImageCAS_CT\raw_images\final_extracted\1-200\101.img.nii.gz,C:\Users\maksa\Desktop\диссертация\data\data\segmentation\ImageCAS_CT\ImageCAS-STACOM2025-02-10-2025\segmentations\101.img.nii.gz,46,ImageCAS,unassigned,cardiac_ct,axial,0,public,True,0.318359375,0.318359375
ImageCAS_101,101,static,C:\Users\maksa\Desktop\диссертация\data\data\segmentation\ImageCAS_CT\raw_images\final_extracted\1-200\101.img.nii.gz,C:\Users\maksa\Desktop\диссертация\data\data\segmentation\ImageCAS_CT\ImageCAS-STACOM2025-02-10-2025\segmentations\101.img.nii.gz,68,ImageCAS,unassigned,cardiac_ct,axial,0,public,True,0.318359375,0.318359375
ImageCAS_101,101,static,C:\Users\maksa\Desktop\диссертация\data\data\segmentation\ImageCAS_CT\raw_images\final_extracted\1-200\101.img.nii.gz,C:\Users\maksa\Desktop\диссертация\data\data\segmentation\ImageCAS_CT\ImageCAS-STACOM2025-02-10-2025\segmentations\101.img.nii.gz,91,ImageCAS,unassigned,cardiac_ct,axial,0,public,True,0.318359375,0.318359375
ImageCAS_101,101,static,C:\Users\maksa\Desktop\диссертация\data\data\segmentation\ImageCAS_CT\raw_images\final_extracted\1-200\101.img.nii.gz,C:\Users\maksa\Desktop\диссертация\data\data\segmentation\ImageCAS_CT\ImageCAS-STACOM2025-02-10-2025\segmentations\101.img.nii.gz,114,ImageCAS,unassigned,cardiac_ct,axial,0,public,True,0.318359375,0.318359375
ImageCAS_101,101,static,C:\Users\maksa\Desktop\диссертация\data\data\segmentation\ImageCAS_CT\raw_images\final_extracted\1-200\101.img.nii.gz,C:\Users\maksa\Desktop\диссертация\data\data\segmentation\ImageCAS_CT\ImageCAS-STACOM2025-02-10-2025\segmentations\101.img.nii.gz,137,ImageCAS,unassigned,cardiac_ct,axial,0,public,True,0.318359375,0.318359375
ImageCAS_101,101,static,C:\Users\maksa\Desktop\диссертация\data\data\segmentation\ImageCAS_CT\raw_images\final_extracted\1-200\101.img.nii.gz,C:\Users\maksa\Desktop\диссертация\data\data\segmentation\ImageCAS_CT\ImageCAS-STACOM2025-02-10-2025\segmentations\101.img.nii.gz,159,ImageCAS,unassigned,cardiac_ct,axial,0,public,True,0.318359375,0.318359375
ImageCAS_101,101,static,C:\Users\maksa\Desktop\диссертация\data\data\segmentation\ImageCAS_CT\raw_images\final_extracted\1-200\101.img.nii.gz,C:\Users\maksa\Desktop\диссертация\data\data\segmentation\ImageCAS_CT\ImageCAS-STACOM2025-02-10-2025\segmentations\101.img.nii.gz,182,ImageCAS,unassigned,cardiac_ct,axial,0,public,True,0.318359375,0.318359375
ImageCAS_101,101,static,C:\Users\maksa\Desktop\диссертация\data\data\segmentation\ImageCAS_CT\raw_images\final_extracted\1-200\101.img.nii.gz,C:\Users\maksa\Desktop\диссертация\data\data\segmentation\ImageCAS_CT\ImageCAS-STACOM2025-02-10-2025\segmentations\101.img.nii.gz,205,ImageCAS,unassigned,cardiac_ct,axial,0,public,True,0.318359375,0.318359375
ImageCAS_102,102,static,C:\Users\maksa\Desktop\диссертация\data\data\segmentation\ImageCAS_CT\raw_images\final_extracted\1-200\102.img.nii.gz,C:\Users\maksa\Desktop\диссертация\data\data\segmentation\ImageCAS_CT\ImageCAS-STACOM2025-02-10-2025\segmentations\102.img.nii.gz,0,ImageCAS,unassigned,cardiac_ct,axial,0,public,True,0.4296875,0.4296875
ImageCAS_102,102,static,C:\Users\maksa\Desktop\диссертация\data\data\segmentation\ImageCAS_CT\raw_images\final_extracted\1-200\102.img.nii.gz,C:\Users\maksa\Desktop\диссертация\data\data\segmentation\ImageCAS_CT\ImageCAS-STACOM2025-02-10-2025\segmentations\102.img.nii.gz,28,ImageCAS,unassigned,cardiac_ct,axial,0,public,True,0.4296875,0.4296875
ImageCAS_102,102,static,C:\Users\maksa\Desktop\диссертация\data\data\segmentation\ImageCAS_CT\raw_images\final_extracted\1-200\102.img.nii.gz,C:\Users\maksa\Desktop\диссертация\data\data\segmentation\ImageCAS_CT\ImageCAS-STACOM2025-02-10-2025\segmentations\102.img.nii.gz,57,ImageCAS,unassigned,cardiac_ct,axial,0,public,True,0.4296875,0.4296875
ImageCAS_102,102,static,C:\Users\maksa\Desktop\диссертация\data\data\segmentation\ImageCAS_CT\raw_images\final_extracted\1-200\102.img.nii.gz,C:\Users\maksa\Desktop\диссертация\data\data\segmentation\ImageCAS_CT\ImageCAS-STACOM2025-02-10-2025\segmentations\102.img.nii.gz,85,ImageCAS,unassigned,cardiac_ct,axial,0,public,True,0.4296875,0.4296875
ImageCAS_102,102,static,C:\Users\maksa\Desktop\диссертация\data\data\segmentation\ImageCAS_CT\raw_images\final_extracted\1-200\102.img.nii.gz,C:\Users\maksa\Desktop\диссертация\data\data\segmentation\ImageCAS_CT\ImageCAS-STACOM2025-02-10-2025\segmentations\102.img.nii.gz,114,ImageCAS,unassigned,cardiac_ct,axial,0,public,True,0.4296875,0.4296875
ImageCAS_102,102,static,C:\Users\maksa\Desktop\диссертация\data\data\segmentation\ImageCAS_CT\raw_images\final_extracted\1-200\102.img.nii.gz,C:\Users\maksa\Desktop\диссертация\data\data\segmentation\ImageCAS_CT\ImageCAS-STACOM2025-02-10-2025\segmentations\102.img.nii.gz,142,ImageCAS,unassigned,cardiac_ct,axial,0,public,True,0.4296875,0.4296875
ImageCAS_102,102,static,C:\Users\maksa\Desktop\диссертация\data\data\segmentation\ImageCAS_CT\raw_images\final_extracted\1-200\102.img.nii.gz,C:\Users\maksa\Desktop\диссертация\data\data\segmentation\ImageCAS_CT\ImageCAS-STACOM2025-02-10-2025\segmentations\102.img.nii.gz,171,ImageCAS,unassigned,cardiac_ct,axial,0,public,True,0.4296875,0.4296875
ImageCAS_102,102,static,C:\Users\maksa\Desktop\диссертация\data\data\segmentation\ImageCAS_CT\raw_images\final_extracted\1-200\102.img.nii.gz,C:\Users\maksa\Desktop\диссертация\data\data\segmentation\ImageCAS_CT\ImageCAS-STACOM2025-02-10-2025\segmentations\102.img.nii.gz,199,ImageCAS,unassigned,cardiac_ct,axial,0,public,True,0.4296875,0.4296875
ImageCAS_102,102,static,C:\Users\maksa\Desktop\диссертация\data\data\segmentation\ImageCAS_CT\raw_images\final_extracted\1-200\102.img.nii.gz,C:\Users\maksa\Desktop\диссертация\data\data\segmentation\ImageCAS_CT\ImageCAS-STACOM2025-02-10-2025\segmentations\102.img.nii.gz,228,ImageCAS,unassigned,cardiac_ct,axial,0,public,True,0.4296875,0.4296875
ImageCAS_102,102,static,C:\Users\maksa\Desktop\диссертация\data\data\segmentation\ImageCAS_CT\raw_images\final_extracted\1-200\102.img.nii.gz,C:\Users\maksa\Desktop\диссертация\data\data\segmentation\ImageCAS_CT\ImageCAS-STACOM2025-02-10-2025\segmentations\102.img.nii.gz,256,ImageCAS,unassigned,cardiac_ct,axial,0,public,True,0.4296875,0.4296875
ImageCAS_103,103,static,C:\Users\maksa\Desktop\диссертация\data\data\segmentation\ImageCAS_CT\raw_images\final_extracted\1-200\103.img.nii.gz,C:\Users\maksa\Desktop\диссертация\data\data\segmentation\ImageCAS_CT\ImageCAS-STACOM2025-02-10-2025\segmentations\103.img.nii.gz,0,ImageCAS,unassigned,cardiac_ct,axial,0,public,True,0.318359375,0.318359375
ImageCAS_103,103,static,C:\Users\maksa\Desktop\диссертация\data\data\segmentation\ImageCAS_CT\raw_images\final_extracted\1-200\103.img.nii.gz,C:\Users\maksa\Desktop\диссертация\data\data\segmentation\ImageCAS_CT\ImageCAS-STACOM2025-02-10-2025\segmentations\103.img.nii.gz,23,ImageCAS,unassigned,cardiac_ct,axial,0,public,True,0.318359375,0.318359375
ImageCAS_103,103,static,C:\Users\maksa\Desktop\диссертация\data\data\segmentation\ImageCAS_CT\raw_images\final_extracted\1-200\103.img.nii.gz,C:\Users\maksa\Desktop\диссертация\data\data\segmentation\ImageCAS_CT\ImageCAS-STACOM2025-02-10-2025\segmentations\103.img.nii.gz,46,ImageCAS,unassigned,cardiac_ct,axial,0,public,True,0.318359375,0.318359375
ImageCAS_103,103,static,C:\Users\maksa\Desktop\диссертация\data\data\segmentation\ImageCAS_CT\raw_images\final_extracted\1-200\103.img.nii.gz,C:\Users\maksa\Desktop\диссертация\data\data\segmentation\ImageCAS_CT\ImageCAS-STACOM2025-02-10-2025\segmentations\103.img.nii.gz,68,ImageCAS,unassigned,cardiac_ct,axial,0,public,True,0.318359375,0.318359375
ImageCAS_103,103,static,C:\Users\maksa\Desktop\диссертация\data\data\segmentation\ImageCAS_CT\raw_images\final_extracted\1-200\103.img.nii.gz,C:\Users\maksa\Desktop\диссертация\data\data\segmentation\ImageCAS_CT\ImageCAS-STACOM2025-02-10-2025\segmentations\103.img.nii.gz,91,ImageCAS,unassigned,cardiac_ct,axial,0,public,True,0.318359375,0.318359375
ImageCAS_103,103,static,C:\Users\maksa\Desktop\диссертация\data\data\segmentation\ImageCAS_CT\raw_images\final_extracted\1-200\103.img.nii.gz,C:\Users\maksa\Desktop\диссертация\data\data\segmentation\ImageCAS_CT\ImageCAS-STACOM2025-02-10-2025\segmentations\103.img.nii.gz,114,ImageCAS,unassigned,cardiac_ct,axial,0,public,True,0.318359375,0.318359375
ImageCAS_103,103,static,C:\Users\maksa\Desktop\диссертация\data\data\segmentation\ImageCAS_CT\raw_images\final_extracted\1-200\103.img.nii.gz,C:\Users\maksa\Desktop\диссертация\data\data\segmentation\ImageCAS_CT\ImageCAS-STACOM2025-02-10-2025\segmentations\103.img.nii.gz,137,ImageCAS,unassigned,cardiac_ct,axial,0,public,True,0.318359375,0.318359375
ImageCAS_103,103,static,C:\Users\maksa\Desktop\диссертация\data\data\segmentation\ImageCAS_CT\raw_images\final_extracted\1-200\103.img.nii.gz,C:\Users\maksa\Desktop\диссертация\data\data\segmentation\ImageCAS_CT\ImageCAS-STACOM2025-02-10-2025\segmentations\103.img.nii.gz,159,ImageCAS,unassigned,cardiac_ct,axial,0,public,True,0.318359375,0.318359375
ImageCAS_103,103,static,C:\Users\maksa\Desktop\диссертация\data\data\segmentation\ImageCAS_CT\raw_images\final_extracted\1-200\103.img.nii.gz,C:\Users\maksa\Desktop\диссертация\data\data\segmentation\ImageCAS_CT\ImageCAS-STACOM2025-02-10-2025\segmentations\103.img.nii.gz,182,ImageCAS,unassigned,cardiac_ct,axial,0,public,True,0.318359375,0.318359375
ImageCAS_103,103,static,C:\Users\maksa\Desktop\диссертация\data\data\segmentation\ImageCAS_CT\raw_images\final_extracted\1-200\103.img.nii.gz,C:\Users\maksa\Desktop\диссертация\data\data\segmentation\ImageCAS_CT\ImageCAS-STACOM2025-02-10-2025\segmentations\103.img.nii.gz,205,ImageCAS,unassigned,cardiac_ct,axial,0,public,True,0.318359375,0.318359375
ImageCAS_105,105,static,C:\Users\maksa\Desktop\диссертация\data\data\segmentation\ImageCAS_CT\raw_images\final_extracted\1-200\105.img.nii.gz,C:\Users\maksa\Desktop\диссертация\data\data\segmentation\ImageCAS_CT\ImageCAS-STACOM2025-02-10-2025\segmentations\105.img.nii.gz,0,ImageCAS,unassigned,cardiac_ct,axial,0,public,True,0.318359375,0.318359375
ImageCAS_105,105,static,C:\Users\maksa\Desktop\диссертация\data\data\segmentation\ImageCAS_CT\raw_images\final_extracted\1-200\105.img.nii.gz,C:\Users\maksa\Desktop\диссертация\data\data\segmentation\ImageCAS_CT\ImageCAS-STACOM2025-02-10-2025\segmentations\105.img.nii.gz,30,ImageCAS,unassigned,cardiac_ct,axial,0,public,True,0.318359375,0.318359375
ImageCAS_105,105,static,C:\Users\maksa\Desktop\диссертация\data\data\segmentation\ImageCAS_CT\raw_images\final_extracted\1-200\105.img.nii.gz,C:\Users\maksa\Desktop\диссертация\data\data\segmentation\ImageCAS_CT\ImageCAS-STACOM2025-02-10-2025\segmentations\105.img.nii.gz,61,ImageCAS,unassigned,cardiac_ct,axial,0,public,True,0.318359375,0.318359375
ImageCAS_105,105,static,C:\Users\maksa\Desktop\диссертация\data\data\segmentation\ImageCAS_CT\raw_images\final_extracted\1-200\105.img.nii.gz,C:\Users\maksa\Desktop\диссертация\data\data\segmentation\ImageCAS_CT\ImageCAS-STACOM2025-02-10-2025\segmentations\105.img.nii.gz,91,ImageCAS,unassigned,cardiac_ct,axial,0,public,True,0.318359375,0.318359375
ImageCAS_105,105,static,C:\Users\maksa\Desktop\диссертация\data\data\segmentation\ImageCAS_CT\raw_images\final_extracted\1-200\105.img.nii.gz,C:\Users\maksa\Desktop\диссертация\data\data\segmentation\ImageCAS_CT\ImageCAS-STACOM2025-02-10-2025\segmentations\105.img.nii.gz,122,ImageCAS,unassigned,cardiac_ct,axial,0,public,True,0.318359375,0.318359375
ImageCAS_105,105,static,C:\Users\maksa\Desktop\диссертация\data\data\segmentation\ImageCAS_CT\raw_images\final_extracted\1-200\105.img.nii.gz,C:\Users\maksa\Desktop\диссертация\data\data\segmentation\ImageCAS_CT\ImageCAS-STACOM2025-02-10-2025\segmentations\105.img.nii.gz,152,ImageCAS,unassigned,cardiac_ct,axial,0,public,True,0.318359375,0.318359375
ImageCAS_105,105,static,C:\Users\maksa\Desktop\диссертация\data\data\segmentation\ImageCAS_CT\raw_images\final_extracted\1-200\105.img.nii.gz,C:\Users\maksa\Desktop\диссертация\data\data\segmentation\ImageCAS_CT\ImageCAS-STACOM2025-02-10-2025\segmentations\105.img.nii.gz,183,ImageCAS,unassigned,cardiac_ct,axial,0,public,True,0.318359375,0.318359375
ImageCAS_105,105,static,C:\Users\maksa\Desktop\диссертация\data\data\segmentation\ImageCAS_CT\raw_images\final_extracted\1-200\105.img.nii.gz,C:\Users\maksa\Desktop\диссертация\data\data\segmentation\ImageCAS_CT\ImageCAS-STACOM2025-02-10-2025\segmentations\105.img.nii.gz,213,ImageCAS,unassigned,cardiac_ct,axial,0,public,True,0.318359375,0.318359375
ImageCAS_105,105,static,C:\Users\maksa\Desktop\диссертация\data\data\segmentation\ImageCAS_CT\raw_images\final_extracted\1-200\105.img.nii.gz,C:\Users\maksa\Desktop\диссертация\data\data\segmentation\ImageCAS_CT\ImageCAS-STACOM2025-02-10-2025\segmentations\105.img.nii.gz,244,ImageCAS,unassigned,cardiac_ct,axial,0,public,True,0.318359375,0.318359375
ImageCAS_105,105,static,C:\Users\maksa\Desktop\диссертация\data\data\segmentation\ImageCAS_CT\raw_images\final_extracted\1-200\105.img.nii.gz,C:\Users\maksa\Desktop\диссертация\data\data\segmentation\ImageCAS_CT\ImageCAS-STACOM2025-02-10-2025\segmentations\105.img.nii.gz,274,ImageCAS,unassigned,cardiac_ct,axial,0,public,True,0.318359375,0.318359375
ImageCAS_106,106,static,C:\Users\maksa\Desktop\диссертация\data\data\segmentation\ImageCAS_CT\raw_images\final_extracted\1-200\106.img.nii.gz,C:\Users\maksa\Desktop\диссертация\data\data\segmentation\ImageCAS_CT\ImageCAS-STACOM2025-02-10-2025\segmentations\106.img.nii.gz,0,ImageCAS,unassigned,cardiac_ct,axial,0,public,True,0.318359375,0.318359375
ImageCAS_106,106,static,C:\Users\maksa\Desktop\диссертация\data\data\segmentation\ImageCAS_CT\raw_images\final_extracted\1-200\106.img.nii.gz,C:\Users\maksa\Desktop\диссертация\data\data\segmentation\ImageCAS_CT\ImageCAS-STACOM2025-02-10-2025\segmentations\106.img.nii.gz,23,ImageCAS,unassigned,cardiac_ct,axial,0,public,True,0.318359375,0.318359375
ImageCAS_106,106,static,C:\Users\maksa\Desktop\диссертация\data\data\segmentation\ImageCAS_CT\raw_images\final_extracted\1-200\106.img.nii.gz,C:\Users\maksa\Desktop\диссертация\data\data\segmentation\ImageCAS_CT\ImageCAS-STACOM2025-02-10-2025\segmentations\106.img.nii.gz,46,ImageCAS,unassigned,cardiac_ct,axial,0,public,True,0.318359375,0.318359375
ImageCAS_106,106,static,C:\Users\maksa\Desktop\диссертация\data\data\segmentation\ImageCAS_CT\raw_images\final_extracted\1-200\106.img.nii.gz,C:\Users\maksa\Desktop\диссертация\data\data\segmentation\ImageCAS_CT\ImageCAS-STACOM2025-02-10-2025\segmentations\106.img.nii.gz,68,ImageCAS,unassigned,cardiac_ct,axial,0,public,True,0.318359375,0.318359375
ImageCAS_106,106,static,C:\Users\maksa\Desktop\диссертация\data\data\segmentation\ImageCAS_CT\raw_images\final_extracted\1-200\106.img.nii.gz,C:\Users\maksa\Desktop\диссертация\data\data\segmentation\ImageCAS_CT\ImageCAS-STACOM2025-02-10-2025\segmentations\106.img.nii.gz,91,ImageCAS,unassigned,cardiac_ct,axial,0,public,True,0.318359375,0.318359375
ImageCAS_106,106,static,C:\Users\maksa\Desktop\диссертация\data\data\segmentation\ImageCAS_CT\raw_images\final_extracted\1-200\106.img.nii.gz,C:\Users\maksa\Desktop\диссертация\data\data\segmentation\ImageCAS_CT\ImageCAS-STACOM2025-02-10-2025\segmentations\106.img.nii.gz,114,ImageCAS,unassigned,cardiac_ct,axial,0,public,True,0.318359375,0.318359375
ImageCAS_106,106,static,C:\Users\maksa\Desktop\диссертация\data\data\segmentation\ImageCAS_CT\raw_images\final_extracted\1-200\106.img.nii.gz,C:\Users\maksa\Desktop\диссертация\data\data\segmentation\ImageCAS_CT\ImageCAS-STACOM2025-02-10-2025\segmentations\106.img.nii.gz,137,ImageCAS,unassigned,cardiac_ct,axial,0,public,True,0.318359375,0.318359375
ImageCAS_106,106,static,C:\Users\maksa\Desktop\диссертация\data\data\segmentation\ImageCAS_CT\raw_images\final_extracted\1-200\106.img.nii.gz,C:\Users\maksa\Desktop\диссертация\data\data\segmentation\ImageCAS_CT\ImageCAS-STACOM2025-02-10-2025\segmentations\106.img.nii.gz,159,ImageCAS,unassigned,cardiac_ct,axial,0,public,True,0.318359375,0.318359375
ImageCAS_106,106,static,C:\Users\maksa\Desktop\диссертация\data\data\segmentation\ImageCAS_CT\raw_images\final_extracted\1-200\106.img.nii.gz,C:\Users\maksa\Desktop\диссертация\data\data\segmentation\ImageCAS_CT\ImageCAS-STACOM2025-02-10-2025\segmentations\106.img.nii.gz,182,ImageCAS,unassigned,cardiac_ct,axial,0,public,True,0.318359375,0.318359375
ImageCAS_106,106,static,C:\Users\maksa\Desktop\диссертация\data\data\segmentation\ImageCAS_CT\raw_images\final_extracted\1-200\106.img.nii.gz,C:\Users\maksa\Desktop\диссертация\data\data\segmentation\ImageCAS_CT\ImageCAS-STACOM2025-02-10-2025\segmentations\106.img.nii.gz,205,ImageCAS,unassigned,cardiac_ct,axial,0,public,True,0.318359375,0.318359375
ImageCAS_107,107,static,C:\Users\maksa\Desktop\диссертация\data\data\segmentation\ImageCAS_CT\raw_images\final_extracted\1-200\107.img.nii.gz,C:\Users\maksa\Desktop\диссертация\data\data\segmentation\ImageCAS_CT\ImageCAS-STACOM2025-02-10-2025\segmentations\107.img.nii.gz,0,ImageCAS,unassigned,cardiac_ct,axial,0,public,True,0.353515625,0.353515625
ImageCAS_107,107,static,C:\Users\maksa\Desktop\диссертация\data\data\segmentation\ImageCAS_CT\raw_images\final_extracted\1-200\107.img.nii.gz,C:\Users\maksa\Desktop\диссертация\data\data\segmentation\ImageCAS_CT\ImageCAS-STACOM2025-02-10-2025\segmentations\107.img.nii.gz,30,ImageCAS,unassigned,cardiac_ct,axial,0,public,True,0.353515625,0.353515625
ImageCAS_107,107,static,C:\Users\maksa\Desktop\диссертация\data\data\segmentation\ImageCAS_CT\raw_images\final_extracted\1-200\107.img.nii.gz,C:\Users\maksa\Desktop\диссертация\data\data\segmentation\ImageCAS_CT\ImageCAS-STACOM2025-02-10-2025\segmentations\107.img.nii.gz,61,ImageCAS,unassigned,cardiac_ct,axial,0,public,True,0.353515625,0.353515625
ImageCAS_107,107,static,C:\Users\maksa\Desktop\диссертация\data\data\segmentation\ImageCAS_CT\raw_images\final_extracted\1-200\107.img.nii.gz,C:\Users\maksa\Desktop\диссертация\data\data\segmentation\ImageCAS_CT\ImageCAS-STACOM2025-02-10-2025\segmentations\107.img.nii.gz,91,ImageCAS,unassigned,cardiac_ct,axial,0,public,True,0.353515625,0.353515625
ImageCAS_107,107,static,C:\Users\maksa\Desktop\диссертация\data\data\segmentation\ImageCAS_CT\raw_images\final_extracted\1-200\107.img.nii.gz,C:\Users\maksa\Desktop\диссертация\data\data\segmentation\ImageCAS_CT\ImageCAS-STACOM2025-02-10-2025\segmentations\107.img.nii.gz,122,ImageCAS,unassigned,cardiac_ct,axial,0,public,True,0.353515625,0.353515625
ImageCAS_107,107,static,C:\Users\maksa\Desktop\диссертация\data\data\segmentation\ImageCAS_CT\raw_images\final_extracted\1-200\107.img.nii.gz,C:\Users\maksa\Desktop\диссертация\data\data\segmentation\ImageCAS_CT\ImageCAS-STACOM2025-02-10-2025\segmentations\107.img.nii.gz,152,ImageCAS,unassigned,cardiac_ct,axial,0,public,True,0.353515625,0.353515625
ImageCAS_107,107,static,C:\Users\maksa\Desktop\диссертация\data\data\segmentation\ImageCAS_CT\raw_images\final_extracted\1-200\107.img.nii.gz,C:\Users\maksa\Desktop\диссертация\data\data\segmentation\ImageCAS_CT\ImageCAS-STACOM2025-02-10-2025\segmentations\107.img.nii.gz,183,ImageCAS,unassigned,cardiac_ct,axial,0,public,True,0.353515625,0.353515625
ImageCAS_107,107,static,C:\Users\maksa\Desktop\диссертация\data\data\segmentation\ImageCAS_CT\raw_images\final_extracted\1-200\107.img.nii.gz,C:\Users\maksa\Desktop\диссертация\data\data\segmentation\ImageCAS_CT\ImageCAS-STACOM2025-02-10-2025\segmentations\107.img.nii.gz,213,ImageCAS,unassigned,cardiac_ct,axial,0,public,True,0.353515625,0.353515625
ImageCAS_107,107,static,C:\Users\maksa\Desktop\диссертация\data\data\segmentation\ImageCAS_CT\raw_images\final_extracted\1-200\107.img.nii.gz,C:\Users\maksa\Desktop\диссертация\data\data\segmentation\ImageCAS_CT\ImageCAS-STACOM2025-02-10-2025\segmentations\107.img.nii.gz,244,ImageCAS,unassigned,cardiac_ct,axial,0,public,True,0.353515625,0.353515625
ImageCAS_107,107,static,C:\Users\maksa\Desktop\диссертация\data\data\segmentation\ImageCAS_CT\raw_images\final_extracted\1-200\107.img.nii.gz,C:\Users\maksa\Desktop\диссертация\data\data\segmentation\ImageCAS_CT\ImageCAS-STACOM2025-02-10-2025\segmentations\107.img.nii.gz,274,ImageCAS,unassigned,cardiac_ct,axial,0,public,True,0.353515625,0.353515625
ImageCAS_108,108,static,C:\Users\maksa\Desktop\диссертация\data\data\segmentation\ImageCAS_CT\raw_images\final_extracted\1-200\108.img.nii.gz,C:\Users\maksa\Desktop\диссертация\data\data\segmentation\ImageCAS_CT\ImageCAS-STACOM2025-02-10-2025\segmentations\108.img.nii.gz,0,ImageCAS,unassigned,cardiac_ct,axial,0,public,True,0.373046875,0.373046875
ImageCAS_108,108,static,C:\Users\maksa\Desktop\диссертация\data\data\segmentation\ImageCAS_CT\raw_images\final_extracted\1-200\108.img.nii.gz,C:\Users\maksa\Desktop\диссертация\data\data\segmentation\ImageCAS_CT\ImageCAS-STACOM2025-02-10-2025\segmentations\108.img.nii.gz,30,ImageCAS,unassigned,cardiac_ct,axial,0,public,True,0.373046875,0.373046875
ImageCAS_108,108,static,C:\Users\maksa\Desktop\диссертация\data\data\segmentation\ImageCAS_CT\raw_images\final_extracted\1-200\108.img.nii.gz,C:\Users\maksa\Desktop\диссертация\data\data\segmentation\ImageCAS_CT\ImageCAS-STACOM2025-02-10-2025\segmentations\108.img.nii.gz,61,ImageCAS,unassigned,cardiac_ct,axial,0,public,True,0.373046875,0.373046875
ImageCAS_108,108,static,C:\Users\maksa\Desktop\диссертация\data\data\segmentation\ImageCAS_CT\raw_images\final_extracted\1-200\108.img.nii.gz,C:\Users\maksa\Desktop\диссертация\data\data\segmentation\ImageCAS_CT\ImageCAS-STACOM2025-02-10-2025\segmentations\108.img.nii.gz,91,ImageCAS,unassigned,cardiac_ct,axial,0,public,True,0.373046875,0.373046875
ImageCAS_108,108,static,C:\Users\maksa\Desktop\диссертация\data\data\segmentation\ImageCAS_CT\raw_images\final_extracted\1-200\108.img.nii.gz,C:\Users\maksa\Desktop\диссертация\data\data\segmentation\ImageCAS_CT\ImageCAS-STACOM2025-02-10-2025\segmentations\108.img.nii.gz,122,ImageCAS,unassigned,cardiac_ct,axial,0,public,True,0.373046875,0.373046875
ImageCAS_108,108,static,C:\Users\maksa\Desktop\диссертация\data\data\segmentation\ImageCAS_CT\raw_images\final_extracted\1-200\108.img.nii.gz,C:\Users\maksa\Desktop\диссертация\data\data\segmentation\ImageCAS_CT\ImageCAS-STACOM2025-02-10-2025\segmentations\108.img.nii.gz,152,ImageCAS,unassigned,cardiac_ct,axial,0,public,True,0.373046875,0.373046875
ImageCAS_108,108,static,C:\Users\maksa\Desktop\диссертация\data\data\segmentation\ImageCAS_CT\raw_images\final_extracted\1-200\108.img.nii.gz,C:\Users\maksa\Desktop\диссертация\data\data\segmentation\ImageCAS_CT\ImageCAS-STACOM2025-02-10-2025\segmentations\108.img.nii.gz,183,ImageCAS,unassigned,cardiac_ct,axial,0,public,True,0.373046875,0.373046875
ImageCAS_108,108,static,C:\Users\maksa\Desktop\диссертация\data\data\segmentation\ImageCAS_CT\raw_images\final_extracted\1-200\108.img.nii.gz,C:\Users\maksa\Desktop\диссертация\data\data\segmentation\ImageCAS_CT\ImageCAS-STACOM2025-02-10-2025\segmentations\108.img.nii.gz,213,ImageCAS,unassigned,cardiac_ct,axial,0,public,True,0.373046875,0.373046875
ImageCAS_108,108,static,C:\Users\maksa\Desktop\диссертация\data\data\segmentation\ImageCAS_CT\raw_images\final_extracted\1-200\108.img.nii.gz,C:\Users\maksa\Desktop\диссертация\data\data\segmentation\ImageCAS_CT\ImageCAS-STACOM2025-02-10-2025\segmentations\108.img.nii.gz,244,ImageCAS,unassigned,cardiac_ct,axial,0,public,True,0.373046875,0.373046875
ImageCAS_108,108,static,C:\Users\maksa\Desktop\диссертация\data\data\segmentation\ImageCAS_CT\raw_images\final_extracted\1-200\108.img.nii.gz,C:\Users\maksa\Desktop\диссертация\data\data\segmentation\ImageCAS_CT\ImageCAS-STACOM2025-02-10-2025\segmentations\108.img.nii.gz,274,ImageCAS,unassigned,cardiac_ct,axial,0,public,True,0.373046875,0.373046875
ImageCAS_11,11,static,C:\Users\maksa\Desktop\диссертация\data\data\segmentation\ImageCAS_CT\raw_images\final_extracted\1-200\11.img.nii.gz,C:\Users\maksa\Desktop\диссертация\data\data\segmentation\ImageCAS_CT\ImageCAS-STACOM2025-02-10-2025\segmentations\11.img.nii.gz,0,ImageCAS,unassigned,cardiac_ct,axial,0,public,True,0.330078125,0.330078125
ImageCAS_11,11,static,C:\Users\maksa\Desktop\диссертация\data\data\segmentation\ImageCAS_CT\raw_images\final_extracted\1-200\11.img.nii.gz,C:\Users\maksa\Desktop\диссертация\data\data\segmentation\ImageCAS_CT\ImageCAS-STACOM2025-02-10-2025\segmentations\11.img.nii.gz,30,ImageCAS,unassigned,cardiac_ct,axial,0,public,True,0.330078125,0.330078125
ImageCAS_11,11,static,C:\Users\maksa\Desktop\диссертация\data\data\segmentation\ImageCAS_CT\raw_images\final_extracted\1-200\11.img.nii.gz,C:\Users\maksa\Desktop\диссертация\data\data\segmentation\ImageCAS_CT\ImageCAS-STACOM2025-02-10-2025\segmentations\11.img.nii.gz,61,ImageCAS,unassigned,cardiac_ct,axial,0,public,True,0.330078125,0.330078125
ImageCAS_11,11,static,C:\Users\maksa\Desktop\диссертация\data\data\segmentation\ImageCAS_CT\raw_images\final_extracted\1-200\11.img.nii.gz,C:\Users\maksa\Desktop\диссертация\data\data\segmentation\ImageCAS_CT\ImageCAS-STACOM2025-02-10-2025\segmentations\11.img.nii.gz,91,ImageCAS,unassigned,cardiac_ct,axial,0,public,True,0.330078125,0.330078125
ImageCAS_11,11,static,C:\Users\maksa\Desktop\диссертация\data\data\segmentation\ImageCAS_CT\raw_images\final_extracted\1-200\11.img.nii.gz,C:\Users\maksa\Desktop\диссертация\data\data\segmentation\ImageCAS_CT\ImageCAS-STACOM2025-02-10-2025\segmentations\11.img.nii.gz,122,ImageCAS,unassigned,cardiac_ct,axial,0,public,True,0.330078125,0.330078125
ImageCAS_11,11,static,C:\Users\maksa\Desktop\диссертация\data\data\segmentation\ImageCAS_CT\raw_images\final_extracted\1-200\11.img.nii.gz,C:\Users\maksa\Desktop\диссертация\data\data\segmentation\ImageCAS_CT\ImageCAS-STACOM2025-02-10-2025\segmentations\11.img.nii.gz,152,ImageCAS,unassigned,cardiac_ct,axial,0,public,True,0.330078125,0.330078125
ImageCAS_11,11,static,C:\Users\maksa\Desktop\диссертация\data\data\segmentation\ImageCAS_CT\raw_images\final_extracted\1-200\11.img.nii.gz,C:\Users\maksa\Desktop\диссертация\data\data\segmentation\ImageCAS_CT\ImageCAS-STACOM2025-02-10-2025\segmentations\11.img.nii.gz,183,ImageCAS,unassigned,cardiac_ct,axial,0,public,True,0.330078125,0.330078125
ImageCAS_11,11,static,C:\Users\maksa\Desktop\диссертация\data\data\segmentation\ImageCAS_CT\raw_images\final_extracted\1-200\11.img.nii.gz,C:\Users\maksa\Desktop\диссертация\data\data\segmentation\ImageCAS_CT\ImageCAS-STACOM2025-02-10-2025\segmentations\11.img.nii.gz,213,ImageCAS,unassigned,cardiac_ct,axial,0,public,True,0.330078125,0.330078125
ImageCAS_11,11,static,C:\Users\maksa\Desktop\диссертация\data\data\segmentation\ImageCAS_CT\raw_images\final_extracted\1-200\11.img.nii.gz,C:\Users\maksa\Desktop\диссертация\data\data\segmentation\ImageCAS_CT\ImageCAS-STACOM2025-02-10-2025\segmentations\11.img.nii.gz,244,ImageCAS,unassigned,cardiac_ct,axial,0,public,True,0.330078125,0.330078125
ImageCAS_11,11,static,C:\Users\maksa\Desktop\диссертация\data\data\segmentation\ImageCAS_CT\raw_images\final_extracted\1-200\11.img.nii.gz,C:\Users\maksa\Desktop\диссертация\data\data\segmentation\ImageCAS_CT\ImageCAS-STACOM2025-02-10-2025\segmentations\11.img.nii.gz,274,ImageCAS,unassigned,cardiac_ct,axial,0,public,True,0.330078125,0.330078125
ImageCAS_110,110,static,C:\Users\maksa\Desktop\диссертация\data\data\segmentation\ImageCAS_CT\raw_images\final_extracted\1-200\110.img.nii.gz,C:\Users\maksa\Desktop\диссертация\data\data\segmentation\ImageCAS_CT\ImageCAS-STACOM2025-02-10-2025\segmentations\110.img.nii.gz,0,ImageCAS,unassigned,cardiac_ct,axial,0,public,True,0.353515625,0.353515625
ImageCAS_110,110,static,C:\Users\maksa\Desktop\диссертация\data\data\segmentation\ImageCAS_CT\raw_images\final_extracted\1-200\110.img.nii.gz,C:\Users\maksa\Desktop\диссертация\data\data\segmentation\ImageCAS_CT\ImageCAS-STACOM2025-02-10-2025\segmentations\110.img.nii.gz,30,ImageCAS,unassigned,cardiac_ct,axial,0,public,True,0.353515625,0.353515625
ImageCAS_110,110,static,C:\Users\maksa\Desktop\диссертация\data\data\segmentation\ImageCAS_CT\raw_images\final_extracted\1-200\110.img.nii.gz,C:\Users\maksa\Desktop\диссертация\data\data\segmentation\ImageCAS_CT\ImageCAS-STACOM2025-02-10-2025\segmentations\110.img.nii.gz,61,ImageCAS,unassigned,cardiac_ct,axial,0,public,True,0.353515625,0.353515625
ImageCAS_110,110,static,C:\Users\maksa\Desktop\диссертация\data\data\segmentation\ImageCAS_CT\raw_images\final_extracted\1-200\110.img.nii.gz,C:\Users\maksa\Desktop\диссертация\data\data\segmentation\ImageCAS_CT\ImageCAS-STACOM2025-02-10-2025\segmentations\110.img.nii.gz,91,ImageCAS,unassigned,cardiac_ct,axial,0,public,True,0.353515625,0.353515625
ImageCAS_110,110,static,C:\Users\maksa\Desktop\диссертация\data\data\segmentation\ImageCAS_CT\raw_images\final_extracted\1-200\110.img.nii.gz,C:\Users\maksa\Desktop\диссертация\data\data\segmentation\ImageCAS_CT\ImageCAS-STACOM2025-02-10-2025\segmentations\110.img.nii.gz,122,ImageCAS,unassigned,cardiac_ct,axial,0,public,True,0.353515625,0.353515625
ImageCAS_110,110,static,C:\Users\maksa\Desktop\диссертация\data\data\segmentation\ImageCAS_CT\raw_images\final_extracted\1-200\110.img.nii.gz,C:\Users\maksa\Desktop\диссертация\data\data\segmentation\ImageCAS_CT\ImageCAS-STACOM2025-02-10-2025\segmentations\110.img.nii.gz,152,ImageCAS,unassigned,cardiac_ct,axial,0,public,True,0.353515625,0.353515625
ImageCAS_110,110,static,C:\Users\maksa\Desktop\диссертация\data\data\segmentation\ImageCAS_CT\raw_images\final_extracted\1-200\110.img.nii.gz,C:\Users\maksa\Desktop\диссертация\data\data\segmentation\ImageCAS_CT\ImageCAS-STACOM2025-02-10-2025\segmentations\110.img.nii.gz,183,ImageCAS,unassigned,cardiac_ct,axial,0,public,True,0.353515625,0.353515625
ImageCAS_110,110,static,C:\Users\maksa\Desktop\диссертация\data\data\segmentation\ImageCAS_CT\raw_images\final_extracted\1-200\110.img.nii.gz,C:\Users\maksa\Desktop\диссертация\data\data\segmentation\ImageCAS_CT\ImageCAS-STACOM2025-02-10-2025\segmentations\110.img.nii.gz,213,ImageCAS,unassigned,cardiac_ct,axial,0,public,True,0.353515625,0.353515625
ImageCAS_110,110,static,C:\Users\maksa\Desktop\диссертация\data\data\segmentation\ImageCAS_CT\raw_images\final_extracted\1-200\110.img.nii.gz,C:\Users\maksa\Desktop\диссертация\data\data\segmentation\ImageCAS_CT\ImageCAS-STACOM2025-02-10-2025\segmentations\110.img.nii.gz,244,ImageCAS,unassigned,cardiac_ct,axial,0,public,True,0.353515625,0.353515625
ImageCAS_110,110,static,C:\Users\maksa\Desktop\диссертация\data\data\segmentation\ImageCAS_CT\raw_images\final_extracted\1-200\110.img.nii.gz,C:\Users\maksa\Desktop\диссертация\data\data\segmentation\ImageCAS_CT\ImageCAS-STACOM2025-02-10-2025\segmentations\110.img.nii.gz,274,ImageCAS,unassigned,cardiac_ct,axial,0,public,True,0.353515625,0.353515625
ImageCAS_115,115,static,C:\Users\maksa\Desktop\диссертация\data\data\segmentation\ImageCAS_CT\raw_images\final_extracted\1-200\115.img.nii.gz,C:\Users\maksa\Desktop\диссертация\data\data\segmentation\ImageCAS_CT\ImageCAS-STACOM2025-02-10-2025\segmentations\115.img.nii.gz,0,ImageCAS,unassigned,cardiac_ct,axial,0,public,True,0.318359375,0.318359375
ImageCAS_115,115,static,C:\Users\maksa\Desktop\диссертация\data\data\segmentation\ImageCAS_CT\raw_images\final_extracted\1-200\115.img.nii.gz,C:\Users\maksa\Desktop\диссертация\data\data\segmentation\ImageCAS_CT\ImageCAS-STACOM2025-02-10-2025\segmentations\115.img.nii.gz,27,ImageCAS,unassigned,cardiac_ct,axial,0,public,True,0.318359375,0.318359375
ImageCAS_115,115,static,C:\Users\maksa\Desktop\диссертация\data\data\segmentation\ImageCAS_CT\raw_images\final_extracted\1-200\115.img.nii.gz,C:\Users\maksa\Desktop\диссертация\data\data\segmentation\ImageCAS_CT\ImageCAS-STACOM2025-02-10-2025\segmentations\115.img.nii.gz,54,ImageCAS,unassigned,cardiac_ct,axial,0,public,True,0.318359375,0.318359375
ImageCAS_115,115,static,C:\Users\maksa\Desktop\диссертация\data\data\segmentation\ImageCAS_CT\raw_images\final_extracted\1-200\115.img.nii.gz,C:\Users\maksa\Desktop\диссертация\data\data\segmentation\ImageCAS_CT\ImageCAS-STACOM2025-02-10-2025\segmentations\115.img.nii.gz,81,ImageCAS,unassigned,cardiac_ct,axial,0,public,True,0.318359375,0.318359375
ImageCAS_115,115,static,C:\Users\maksa\Desktop\диссертация\data\data\segmentation\ImageCAS_CT\raw_images\final_extracted\1-200\115.img.nii.gz,C:\Users\maksa\Desktop\диссертация\data\data\segmentation\ImageCAS_CT\ImageCAS-STACOM2025-02-10-2025\segmentations\115.img.nii.gz,108,ImageCAS,unassigned,cardiac_ct,axial,0,public,True,0.318359375,0.318359375
ImageCAS_115,115,static,C:\Users\maksa\Desktop\диссертация\data\data\segmentation\ImageCAS_CT\raw_images\final_extracted\1-200\115.img.nii.gz,C:\Users\maksa\Desktop\диссертация\data\data\segmentation\ImageCAS_CT\ImageCAS-STACOM2025-02-10-2025\segmentations\115.img.nii.gz,136,ImageCAS,unassigned,cardiac_ct,axial,0,public,True,0.318359375,0.318359375
ImageCAS_115,115,static,C:\Users\maksa\Desktop\диссертация\data\data\segmentation\ImageCAS_CT\raw_images\final_extracted\1-200\115.img.nii.gz,C:\Users\maksa\Desktop\диссертация\data\data\segmentation\ImageCAS_CT\ImageCAS-STACOM2025-02-10-2025\segmentations\115.img.nii.gz,163,ImageCAS,unassigned,cardiac_ct,axial,0,public,True,0.318359375,0.318359375
ImageCAS_115,115,static,C:\Users\maksa\Desktop\диссертация\data\data\segmentation\ImageCAS_CT\raw_images\final_extracted\1-200\115.img.nii.gz,C:\Users\maksa\Desktop\диссертация\data\data\segmentation\ImageCAS_CT\ImageCAS-STACOM2025-02-10-2025\segmentations\115.img.nii.gz,190,ImageCAS,unassigned,cardiac_ct,axial,0,public,True,0.318359375,0.318359375
ImageCAS_115,115,static,C:\Users\maksa\Desktop\диссертация\data\data\segmentation\ImageCAS_CT\raw_images\final_extracted\1-200\115.img.nii.gz,C:\Users\maksa\Desktop\диссертация\data\data\segmentation\ImageCAS_CT\ImageCAS-STACOM2025-02-10-2025\segmentations\115.img.nii.gz,217,ImageCAS,unassigned,cardiac_ct,axial,0,public,True,0.318359375,0.318359375
ImageCAS_115,115,static,C:\Users\maksa\Desktop\диссертация\data\data\segmentation\ImageCAS_CT\raw_images\final_extracted\1-200\115.img.nii.gz,C:\Users\maksa\Desktop\диссертация\data\data\segmentation\ImageCAS_CT\ImageCAS-STACOM2025-02-10-2025\segmentations\115.img.nii.gz,244,ImageCAS,unassigned,cardiac_ct,axial,0,public,True,0.318359375,0.318359375
ImageCAS_117,117,static,C:\Users\maksa\Desktop\диссертация\data\data\segmentation\ImageCAS_CT\raw_images\final_extracted\1-200\117.img.nii.gz,C:\Users\maksa\Desktop\диссертация\data\data\segmentation\ImageCAS_CT\ImageCAS-STACOM2025-02-10-2025\segmentations\117.img.nii.gz,0,ImageCAS,unassigned,cardiac_ct,axial,0,public,True,0.3828125,0.3828125
ImageCAS_117,117,static,C:\Users\maksa\Desktop\диссертация\data\data\segmentation\ImageCAS_CT\raw_images\final_extracted\1-200\117.img.nii.gz,C:\Users\maksa\Desktop\диссертация\data\data\segmentation\ImageCAS_CT\ImageCAS-STACOM2025-02-10-2025\segmentations\117.img.nii.gz,30,ImageCAS,unassigned,cardiac_ct,axial,0,public,True,0.3828125,0.3828125
ImageCAS_117,117,static,C:\Users\maksa\Desktop\диссертация\data\data\segmentation\ImageCAS_CT\raw_images\final_extracted\1-200\117.img.nii.gz,C:\Users\maksa\Desktop\диссертация\data\data\segmentation\ImageCAS_CT\ImageCAS-STACOM2025-02-10-2025\segmentations\117.img.nii.gz,61,ImageCAS,unassigned,cardiac_ct,axial,0,public,True,0.3828125,0.3828125
ImageCAS_117,117,static,C:\Users\maksa\Desktop\диссертация\data\data\segmentation\ImageCAS_CT\raw_images\final_extracted\1-200\117.img.nii.gz,C:\Users\maksa\Desktop\диссертация\data\data\segmentation\ImageCAS_CT\ImageCAS-STACOM2025-02-10-2025\segmentations\117.img.nii.gz,91,ImageCAS,unassigned,cardiac_ct,axial,0,public,True,0.3828125,0.3828125
ImageCAS_117,117,static,C:\Users\maksa\Desktop\диссертация\data\data\segmentation\ImageCAS_CT\raw_images\final_extracted\1-200\117.img.nii.gz,C:\Users\maksa\Desktop\диссертация\data\data\segmentation\ImageCAS_CT\ImageCAS-STACOM2025-02-10-2025\segmentations\117.img.nii.gz,122,ImageCAS,unassigned,cardiac_ct,axial,0,public,True,0.3828125,0.3828125
ImageCAS_117,117,static,C:\Users\maksa\Desktop\диссертация\data\data\segmentation\ImageCAS_CT\raw_images\final_extracted\1-200\117.img.nii.gz,C:\Users\maksa\Desktop\диссертация\data\data\segmentation\ImageCAS_CT\ImageCAS-STACOM2025-02-10-2025\segmentations\117.img.nii.gz,152,ImageCAS,unassigned,cardiac_ct,axial,0,public,True,0.3828125,0.3828125
ImageCAS_117,117,static,C:\Users\maksa\Desktop\диссертация\data\data\segmentation\ImageCAS_CT\raw_images\final_extracted\1-200\117.img.nii.gz,C:\Users\maksa\Desktop\диссертация\data\data\segmentation\ImageCAS_CT\ImageCAS-STACOM2025-02-10-2025\segmentations\117.img.nii.gz,183,ImageCAS,unassigned,cardiac_ct,axial,0,public,True,0.3828125,0.3828125
ImageCAS_117,117,static,C:\Users\maksa\Desktop\диссертация\data\data\segmentation\ImageCAS_CT\raw_images\final_extracted\1-200\117.img.nii.gz,C:\Users\maksa\Desktop\диссертация\data\data\segmentation\ImageCAS_CT\ImageCAS-STACOM2025-02-10-2025\segmentations\117.img.nii.gz,213,ImageCAS,unassigned,cardiac_ct,axial,0,public,True,0.3828125,0.3828125
ImageCAS_117,117,static,C:\Users\maksa\Desktop\диссертация\data\data\segmentation\ImageCAS_CT\raw_images\final_extracted\1-200\117.img.nii.gz,C:\Users\maksa\Desktop\диссертация\data\data\segmentation\ImageCAS_CT\ImageCAS-STACOM2025-02-10-2025\segmentations\117.img.nii.gz,244,ImageCAS,unassigned,cardiac_ct,axial,0,public,True,0.3828125,0.3828125
ImageCAS_117,117,static,C:\Users\maksa\Desktop\диссертация\data\data\segmentation\ImageCAS_CT\raw_images\final_extracted\1-200\117.img.nii.gz,C:\Users\maksa\Desktop\диссертация\data\data\segmentation\ImageCAS_CT\ImageCAS-STACOM2025-02-10-2025\segmentations\117.img.nii.gz,274,ImageCAS,unassigned,cardiac_ct,axial,0,public,True,0.3828125,0.3828125
ImageCAS_118,118,static,C:\Users\maksa\Desktop\диссертация\data\data\segmentation\ImageCAS_CT\raw_images\final_extracted\1-200\118.img.nii.gz,C:\Users\maksa\Desktop\диссертация\data\data\segmentation\ImageCAS_CT\ImageCAS-STACOM2025-02-10-2025\segmentations\118.img.nii.gz,0,ImageCAS,unassigned,cardiac_ct,axial,0,public,True,0.3515625,0.3515625
ImageCAS_118,118,static,C:\Users\maksa\Desktop\диссертация\data\data\segmentation\ImageCAS_CT\raw_images\final_extracted\1-200\118.img.nii.gz,C:\Users\maksa\Desktop\диссертация\data\data\segmentation\ImageCAS_CT\ImageCAS-STACOM2025-02-10-2025\segmentations\118.img.nii.gz,30,ImageCAS,unassigned,cardiac_ct,axial,0,public,True,0.3515625,0.3515625
ImageCAS_118,118,static,C:\Users\maksa\Desktop\диссертация\data\data\segmentation\ImageCAS_CT\raw_images\final_extracted\1-200\118.img.nii.gz,C:\Users\maksa\Desktop\диссертация\data\data\segmentation\ImageCAS_CT\ImageCAS-STACOM2025-02-10-2025\segmentations\118.img.nii.gz,61,ImageCAS,unassigned,cardiac_ct,axial,0,public,True,0.3515625,0.3515625
ImageCAS_118,118,static,C:\Users\maksa\Desktop\диссертация\data\data\segmentation\ImageCAS_CT\raw_images\final_extracted\1-200\118.img.nii.gz,C:\Users\maksa\Desktop\диссертация\data\data\segmentation\ImageCAS_CT\ImageCAS-STACOM2025-02-10-2025\segmentations\118.img.nii.gz,91,ImageCAS,unassigned,cardiac_ct,axial,0,public,True,0.3515625,0.3515625
ImageCAS_118,118,static,C:\Users\maksa\Desktop\диссертация\data\data\segmentation\ImageCAS_CT\raw_images\final_extracted\1-200\118.img.nii.gz,C:\Users\maksa\Desktop\диссертация\data\data\segmentation\ImageCAS_CT\ImageCAS-STACOM2025-02-10-2025\segmentations\118.img.nii.gz,122,ImageCAS,unassigned,cardiac_ct,axial,0,public,True,0.3515625,0.3515625
ImageCAS_118,118,static,C:\Users\maksa\Desktop\диссертация\data\data\segmentation\ImageCAS_CT\raw_images\final_extracted\1-200\118.img.nii.gz,C:\Users\maksa\Desktop\диссертация\data\data\segmentation\ImageCAS_CT\ImageCAS-STACOM2025-02-10-2025\segmentations\118.img.nii.gz,152,ImageCAS,unassigned,cardiac_ct,axial,0,public,True,0.3515625,0.3515625
ImageCAS_118,118,static,C:\Users\maksa\Desktop\диссертация\data\data\segmentation\ImageCAS_CT\raw_images\final_extracted\1-200\118.img.nii.gz,C:\Users\maksa\Desktop\диссертация\data\data\segmentation\ImageCAS_CT\ImageCAS-STACOM2025-02-10-2025\segmentations\118.img.nii.gz,183,ImageCAS,unassigned,cardiac_ct,axial,0,public,True,0.3515625,0.3515625
ImageCAS_118,118,static,C:\Users\maksa\Desktop\диссертация\data\data\segmentation\ImageCAS_CT\raw_images\final_extracted\1-200\118.img.nii.gz,C:\Users\maksa\Desktop\диссертация\data\data\segmentation\ImageCAS_CT\ImageCAS-STACOM2025-02-10-2025\segmentations\118.img.nii.gz,213,ImageCAS,unassigned,cardiac_ct,axial,0,public,True,0.3515625,0.3515625
ImageCAS_118,118,static,C:\Users\maksa\Desktop\диссертация\data\data\segmentation\ImageCAS_CT\raw_images\final_extracted\1-200\118.img.nii.gz,C:\Users\maksa\Desktop\диссертация\data\data\segmentation\ImageCAS_CT\ImageCAS-STACOM2025-02-10-2025\segmentations\118.img.nii.gz,244,ImageCAS,unassigned,cardiac_ct,axial,0,public,True,0.3515625,0.3515625
ImageCAS_118,118,static,C:\Users\maksa\Desktop\диссертация\data\data\segmentation\ImageCAS_CT\raw_images\final_extracted\1-200\118.img.nii.gz,C:\Users\maksa\Desktop\диссертация\data\data\segmentation\ImageCAS_CT\ImageCAS-STACOM2025-02-10-2025\segmentations\118.img.nii.gz,274,ImageCAS,unassigned,cardiac_ct,axial,0,public,True,0.3515625,0.3515625
ImageCAS_120,120,static,C:\Users\maksa\Desktop\диссертация\data\data\segmentation\ImageCAS_CT\raw_images\final_extracted\1-200\120.img.nii.gz,C:\Users\maksa\Desktop\диссертация\data\data\segmentation\ImageCAS_CT\ImageCAS-STACOM2025-02-10-2025\segmentations\120.img.nii.gz,0,ImageCAS,unassigned,cardiac_ct,axial,0,public,True,0.361328125,0.361328125
ImageCAS_120,120,static,C:\Users\maksa\Desktop\диссертация\data\data\segmentation\ImageCAS_CT\raw_images\final_extracted\1-200\120.img.nii.gz,C:\Users\maksa\Desktop\диссертация\data\data\segmentation\ImageCAS_CT\ImageCAS-STACOM2025-02-10-2025\segmentations\120.img.nii.gz,30,ImageCAS,unassigned,cardiac_ct,axial,0,public,True,0.361328125,0.361328125
ImageCAS_120,120,static,C:\Users\maksa\Desktop\диссертация\data\data\segmentation\ImageCAS_CT\raw_images\final_extracted\1-200\120.img.nii.gz,C:\Users\maksa\Desktop\диссертация\data\data\segmentation\ImageCAS_CT\ImageCAS-STACOM2025-02-10-2025\segmentations\120.img.nii.gz,61,ImageCAS,unassigned,cardiac_ct,axial,0,public,True,0.361328125,0.361328125
ImageCAS_120,120,static,C:\Users\maksa\Desktop\диссертация\data\data\segmentation\ImageCAS_CT\raw_images\final_extracted\1-200\120.img.nii.gz,C:\Users\maksa\Desktop\диссертация\data\data\segmentation\ImageCAS_CT\ImageCAS-STACOM2025-02-10-2025\segmentations\120.img.nii.gz,91,ImageCAS,unassigned,cardiac_ct,axial,0,public,True,0.361328125,0.361328125
ImageCAS_120,120,static,C:\Users\maksa\Desktop\диссертация\data\data\segmentation\ImageCAS_CT\raw_images\final_extracted\1-200\120.img.nii.gz,C:\Users\maksa\Desktop\диссертация\data\data\segmentation\ImageCAS_CT\ImageCAS-STACOM2025-02-10-2025\segmentations\120.img.nii.gz,122,ImageCAS,unassigned,cardiac_ct,axial,0,public,True,0.361328125,0.361328125
ImageCAS_120,120,static,C:\Users\maksa\Desktop\диссертация\data\data\segmentation\ImageCAS_CT\raw_images\final_extracted\1-200\120.img.nii.gz,C:\Users\maksa\Desktop\диссертация\data\data\segmentation\ImageCAS_CT\ImageCAS-STACOM2025-02-10-2025\segmentations\120.img.nii.gz,152,ImageCAS,unassigned,cardiac_ct,axial,0,public,True,0.361328125,0.361328125
ImageCAS_120,120,static,C:\Users\maksa\Desktop\диссертация\data\data\segmentation\ImageCAS_CT\raw_images\final_extracted\1-200\120.img.nii.gz,C:\Users\maksa\Desktop\диссертация\data\data\segmentation\ImageCAS_CT\ImageCAS-STACOM2025-02-10-2025\segmentations\120.img.nii.gz,183,ImageCAS,unassigned,cardiac_ct,axial,0,public,True,0.361328125,0.361328125
ImageCAS_120,120,static,C:\Users\maksa\Desktop\диссертация\data\data\segmentation\ImageCAS_CT\raw_images\final_extracted\1-200\120.img.nii.gz,C:\Users\maksa\Desktop\диссертация\data\data\segmentation\ImageCAS_CT\ImageCAS-STACOM2025-02-10-2025\segmentations\120.img.nii.gz,213,ImageCAS,unassigned,cardiac_ct,axial,0,public,True,0.361328125,0.361328125
ImageCAS_120,120,static,C:\Users\maksa\Desktop\диссертация\data\data\segmentation\ImageCAS_CT\raw_images\final_extracted\1-200\120.img.nii.gz,C:\Users\maksa\Desktop\диссертация\data\data\segmentation\ImageCAS_CT\ImageCAS-STACOM2025-02-10-2025\segmentations\120.img.nii.gz,244,ImageCAS,unassigned,cardiac_ct,axial,0,public,True,0.361328125,0.361328125
ImageCAS_120,120,static,C:\Users\maksa\Desktop\диссертация\data\data\segmentation\ImageCAS_CT\raw_images\final_extracted\1-200\120.img.nii.gz,C:\Users\maksa\Desktop\диссертация\data\data\segmentation\ImageCAS_CT\ImageCAS-STACOM2025-02-10-2025\segmentations\120.img.nii.gz,274,ImageCAS,unassigned,cardiac_ct,axial,0,public,True,0.361328125,0.361328125
ImageCAS_121,121,static,C:\Users\maksa\Desktop\диссертация\data\data\segmentation\ImageCAS_CT\raw_images\final_extracted\1-200\121.img.nii.gz,C:\Users\maksa\Desktop\диссертация\data\data\segmentation\ImageCAS_CT\ImageCAS-STACOM2025-02-10-2025\segmentations\121.img.nii.gz,0,ImageCAS,unassigned,cardiac_ct,axial,0,public,True,0.361328125,0.361328125
ImageCAS_121,121,static,C:\Users\maksa\Desktop\диссертация\data\data\segmentation\ImageCAS_CT\raw_images\final_extracted\1-200\121.img.nii.gz,C:\Users\maksa\Desktop\диссертация\data\data\segmentation\ImageCAS_CT\ImageCAS-STACOM2025-02-10-2025\segmentations\121.img.nii.gz,30,ImageCAS,unassigned,cardiac_ct,axial,0,public,True,0.361328125,0.361328125
ImageCAS_121,121,static,C:\Users\maksa\Desktop\диссертация\data\data\segmentation\ImageCAS_CT\raw_images\final_extracted\1-200\121.img.nii.gz,C:\Users\maksa\Desktop\диссертация\data\data\segmentation\ImageCAS_CT\ImageCAS-STACOM2025-02-10-2025\segmentations\121.img.nii.gz,61,ImageCAS,unassigned,cardiac_ct,axial,0,public,True,0.361328125,0.361328125
ImageCAS_121,121,static,C:\Users\maksa\Desktop\диссертация\data\data\segmentation\ImageCAS_CT\raw_images\final_extracted\1-200\121.img.nii.gz,C:\Users\maksa\Desktop\диссертация\data\data\segmentation\ImageCAS_CT\ImageCAS-STACOM2025-02-10-2025\segmentations\121.img.nii.gz,91,ImageCAS,unassigned,cardiac_ct,axial,0,public,True,0.361328125,0.361328125
ImageCAS_121,121,static,C:\Users\maksa\Desktop\диссертация\data\data\segmentation\ImageCAS_CT\raw_images\final_extracted\1-200\121.img.nii.gz,C:\Users\maksa\Desktop\диссертация\data\data\segmentation\ImageCAS_CT\ImageCAS-STACOM2025-02-10-2025\segmentations\121.img.nii.gz,122,ImageCAS,unassigned,cardiac_ct,axial,0,public,True,0.361328125,0.361328125
ImageCAS_121,121,static,C:\Users\maksa\Desktop\диссертация\data\data\segmentation\ImageCAS_CT\raw_images\final_extracted\1-200\121.img.nii.gz,C:\Users\maksa\Desktop\диссертация\data\data\segmentation\ImageCAS_CT\ImageCAS-STACOM2025-02-10-2025\segmentations\121.img.nii.gz,152,ImageCAS,unassigned,cardiac_ct,axial,0,public,True,0.361328125,0.361328125
ImageCAS_121,121,static,C:\Users\maksa\Desktop\диссертация\data\data\segmentation\ImageCAS_CT\raw_images\final_extracted\1-200\121.img.nii.gz,C:\Users\maksa\Desktop\диссертация\data\data\segmentation\ImageCAS_CT\ImageCAS-STACOM2025-02-10-2025\segmentations\121.img.nii.gz,183,ImageCAS,unassigned,cardiac_ct,axial,0,public,True,0.361328125,0.361328125
ImageCAS_121,121,static,C:\Users\maksa\Desktop\диссертация\data\data\segmentation\ImageCAS_CT\raw_images\final_extracted\1-200\121.img.nii.gz,C:\Users\maksa\Desktop\диссертация\data\data\segmentation\ImageCAS_CT\ImageCAS-STACOM2025-02-10-2025\segmentations\121.img.nii.gz,213,ImageCAS,unassigned,cardiac_ct,axial,0,public,True,0.361328125,0.361328125
ImageCAS_121,121,static,C:\Users\maksa\Desktop\диссертация\data\data\segmentation\ImageCAS_CT\raw_images\final_extracted\1-200\121.img.nii.gz,C:\Users\maksa\Desktop\диссертация\data\data\segmentation\ImageCAS_CT\ImageCAS-STACOM2025-02-10-2025\segmentations\121.img.nii.gz,244,ImageCAS,unassigned,cardiac_ct,axial,0,public,True,0.361328125,0.361328125
ImageCAS_121,121,static,C:\Users\maksa\Desktop\диссертация\data\data\segmentation\ImageCAS_CT\raw_images\final_extracted\1-200\121.img.nii.gz,C:\Users\maksa\Desktop\диссертация\data\data\segmentation\ImageCAS_CT\ImageCAS-STACOM2025-02-10-2025\segmentations\121.img.nii.gz,274,ImageCAS,unassigned,cardiac_ct,axial,0,public,True,0.361328125,0.361328125
ImageCAS_122,122,static,C:\Users\maksa\Desktop\диссертация\data\data\segmentation\ImageCAS_CT\raw_images\final_extracted\1-200\122.img.nii.gz,C:\Users\maksa\Desktop\диссертация\data\data\segmentation\ImageCAS_CT\ImageCAS-STACOM2025-02-10-2025\segmentations\122.img.nii.gz,0,ImageCAS,unassigned,cardiac_ct,axial,0,public,True,0.373046875,0.373046875
ImageCAS_122,122,static,C:\Users\maksa\Desktop\диссертация\data\data\segmentation\ImageCAS_CT\raw_images\final_extracted\1-200\122.img.nii.gz,C:\Users\maksa\Desktop\диссертация\data\data\segmentation\ImageCAS_CT\ImageCAS-STACOM2025-02-10-2025\segmentations\122.img.nii.gz,30,ImageCAS,unassigned,cardiac_ct,axial,0,public,True,0.373046875,0.373046875
ImageCAS_122,122,static,C:\Users\maksa\Desktop\диссертация\data\data\segmentation\ImageCAS_CT\raw_images\final_extracted\1-200\122.img.nii.gz,C:\Users\maksa\Desktop\диссертация\data\data\segmentation\ImageCAS_CT\ImageCAS-STACOM2025-02-10-2025\segmentations\122.img.nii.gz,61,ImageCAS,unassigned,cardiac_ct,axial,0,public,True,0.373046875,0.373046875
ImageCAS_122,122,static,C:\Users\maksa\Desktop\диссертация\data\data\segmentation\ImageCAS_CT\raw_images\final_extracted\1-200\122.img.nii.gz,C:\Users\maksa\Desktop\диссертация\data\data\segmentation\ImageCAS_CT\ImageCAS-STACOM2025-02-10-2025\segmentations\122.img.nii.gz,91,ImageCAS,unassigned,cardiac_ct,axial,0,public,True,0.373046875,0.373046875
ImageCAS_122,122,static,C:\Users\maksa\Desktop\диссертация\data\data\segmentation\ImageCAS_CT\raw_images\final_extracted\1-200\122.img.nii.gz,C:\Users\maksa\Desktop\диссертация\data\data\segmentation\ImageCAS_CT\ImageCAS-STACOM2025-02-10-2025\segmentations\122.img.nii.gz,122,ImageCAS,unassigned,cardiac_ct,axial,0,public,True,0.373046875,0.373046875
ImageCAS_122,122,static,C:\Users\maksa\Desktop\диссертация\data\data\segmentation\ImageCAS_CT\raw_images\final_extracted\1-200\122.img.nii.gz,C:\Users\maksa\Desktop\диссертация\data\data\segmentation\ImageCAS_CT\ImageCAS-STACOM2025-02-10-2025\segmentations\122.img.nii.gz,152,ImageCAS,unassigned,cardiac_ct,axial,0,public,True,0.373046875,0.373046875
ImageCAS_122,122,static,C:\Users\maksa\Desktop\диссертация\data\data\segmentation\ImageCAS_CT\raw_images\final_extracted\1-200\122.img.nii.gz,C:\Users\maksa\Desktop\диссертация\data\data\segmentation\ImageCAS_CT\ImageCAS-STACOM2025-02-10-2025\segmentations\122.img.nii.gz,183,ImageCAS,unassigned,cardiac_ct,axial,0,public,True,0.373046875,0.373046875
ImageCAS_122,122,static,C:\Users\maksa\Desktop\диссертация\data\data\segmentation\ImageCAS_CT\raw_images\final_extracted\1-200\122.img.nii.gz,C:\Users\maksa\Desktop\диссертация\data\data\segmentation\ImageCAS_CT\ImageCAS-STACOM2025-02-10-2025\segmentations\122.img.nii.gz,213,ImageCAS,unassigned,cardiac_ct,axial,0,public,True,0.373046875,0.373046875
ImageCAS_122,122,static,C:\Users\maksa\Desktop\диссертация\data\data\segmentation\ImageCAS_CT\raw_images\final_extracted\1-200\122.img.nii.gz,C:\Users\maksa\Desktop\диссертация\data\data\segmentation\ImageCAS_CT\ImageCAS-STACOM2025-02-10-2025\segmentations\122.img.nii.gz,244,ImageCAS,unassigned,cardiac_ct,axial,0,public,True,0.373046875,0.373046875
ImageCAS_122,122,static,C:\Users\maksa\Desktop\диссертация\data\data\segmentation\ImageCAS_CT\raw_images\final_extracted\1-200\122.img.nii.gz,C:\Users\maksa\Desktop\диссертация\data\data\segmentation\ImageCAS_CT\ImageCAS-STACOM2025-02-10-2025\segmentations\122.img.nii.gz,274,ImageCAS,unassigned,cardiac_ct,axial,0,public,True,0.373046875,0.373046875
ImageCAS_123,123,static,C:\Users\maksa\Desktop\диссертация\data\data\segmentation\ImageCAS_CT\raw_images\final_extracted\1-200\123.img.nii.gz,C:\Users\maksa\Desktop\диссертация\data\data\segmentation\ImageCAS_CT\ImageCAS-STACOM2025-02-10-2025\segmentations\123.img.nii.gz,0,ImageCAS,unassigned,cardiac_ct,axial,0,public,True,0.38671875,0.38671875
ImageCAS_123,123,static,C:\Users\maksa\Desktop\диссертация\data\data\segmentation\ImageCAS_CT\raw_images\final_extracted\1-200\123.img.nii.gz,C:\Users\maksa\Desktop\диссертация\data\data\segmentation\ImageCAS_CT\ImageCAS-STACOM2025-02-10-2025\segmentations\123.img.nii.gz,30,ImageCAS,unassigned,cardiac_ct,axial,0,public,True,0.38671875,0.38671875
ImageCAS_123,123,static,C:\Users\maksa\Desktop\диссертация\data\data\segmentation\ImageCAS_CT\raw_images\final_extracted\1-200\123.img.nii.gz,C:\Users\maksa\Desktop\диссертация\data\data\segmentation\ImageCAS_CT\ImageCAS-STACOM2025-02-10-2025\segmentations\123.img.nii.gz,61,ImageCAS,unassigned,cardiac_ct,axial,0,public,True,0.38671875,0.38671875
ImageCAS_123,123,static,C:\Users\maksa\Desktop\диссертация\data\data\segmentation\ImageCAS_CT\raw_images\final_extracted\1-200\123.img.nii.gz,C:\Users\maksa\Desktop\диссертация\data\data\segmentation\ImageCAS_CT\ImageCAS-STACOM2025-02-10-2025\segmentations\123.img.nii.gz,91,ImageCAS,unassigned,cardiac_ct,axial,0,public,True,0.38671875,0.38671875
ImageCAS_123,123,static,C:\Users\maksa\Desktop\диссертация\data\data\segmentation\ImageCAS_CT\raw_images\final_extracted\1-200\123.img.nii.gz,C:\Users\maksa\Desktop\диссертация\data\data\segmentation\ImageCAS_CT\ImageCAS-STACOM2025-02-10-2025\segmentations\123.img.nii.gz,122,ImageCAS,unassigned,cardiac_ct,axial,0,public,True,0.38671875,0.38671875
ImageCAS_123,123,static,C:\Users\maksa\Desktop\диссертация\data\data\segmentation\ImageCAS_CT\raw_images\final_extracted\1-200\123.img.nii.gz,C:\Users\maksa\Desktop\диссертация\data\data\segmentation\ImageCAS_CT\ImageCAS-STACOM2025-02-10-2025\segmentations\123.img.nii.gz,152,ImageCAS,unassigned,cardiac_ct,axial,0,public,True,0.38671875,0.38671875
ImageCAS_123,123,static,C:\Users\maksa\Desktop\диссертация\data\data\segmentation\ImageCAS_CT\raw_images\final_extracted\1-200\123.img.nii.gz,C:\Users\maksa\Desktop\диссертация\data\data\segmentation\ImageCAS_CT\ImageCAS-STACOM2025-02-10-2025\segmentations\123.img.nii.gz,183,ImageCAS,unassigned,cardiac_ct,axial,0,public,True,0.38671875,0.38671875
ImageCAS_123,123,static,C:\Users\maksa\Desktop\диссертация\data\data\segmentation\ImageCAS_CT\raw_images\final_extracted\1-200\123.img.nii.gz,C:\Users\maksa\Desktop\диссертация\data\data\segmentation\ImageCAS_CT\ImageCAS-STACOM2025-02-10-2025\segmentations\123.img.nii.gz,213,ImageCAS,unassigned,cardiac_ct,axial,0,public,True,0.38671875,0.38671875
ImageCAS_123,123,static,C:\Users\maksa\Desktop\диссертация\data\data\segmentation\ImageCAS_CT\raw_images\final_extracted\1-200\123.img.nii.gz,C:\Users\maksa\Desktop\диссертация\data\data\segmentation\ImageCAS_CT\ImageCAS-STACOM2025-02-10-2025\segmentations\123.img.nii.gz,244,ImageCAS,unassigned,cardiac_ct,axial,0,public,True,0.38671875,0.38671875
ImageCAS_123,123,static,C:\Users\maksa\Desktop\диссертация\data\data\segmentation\ImageCAS_CT\raw_images\final_extracted\1-200\123.img.nii.gz,C:\Users\maksa\Desktop\диссертация\data\data\segmentation\ImageCAS_CT\ImageCAS-STACOM2025-02-10-2025\segmentations\123.img.nii.gz,274,ImageCAS,unassigned,cardiac_ct,axial,0,public,True,0.38671875,0.38671875
ImageCAS_124,124,static,C:\Users\maksa\Desktop\диссертация\data\data\segmentation\ImageCAS_CT\raw_images\final_extracted\1-200\124.img.nii.gz,C:\Users\maksa\Desktop\диссертация\data\data\segmentation\ImageCAS_CT\ImageCAS-STACOM2025-02-10-2025\segmentations\124.img.nii.gz,0,ImageCAS,unassigned,cardiac_ct,axial,0,public,True,0.318359375,0.318359375
ImageCAS_124,124,static,C:\Users\maksa\Desktop\диссертация\data\data\segmentation\ImageCAS_CT\raw_images\final_extracted\1-200\124.img.nii.gz,C:\Users\maksa\Desktop\диссертация\data\data\segmentation\ImageCAS_CT\ImageCAS-STACOM2025-02-10-2025\segmentations\124.img.nii.gz,30,ImageCAS,unassigned,cardiac_ct,axial,0,public,True,0.318359375,0.318359375
ImageCAS_124,124,static,C:\Users\maksa\Desktop\диссертация\data\data\segmentation\ImageCAS_CT\raw_images\final_extracted\1-200\124.img.nii.gz,C:\Users\maksa\Desktop\диссертация\data\data\segmentation\ImageCAS_CT\ImageCAS-STACOM2025-02-10-2025\segmentations\124.img.nii.gz,61,ImageCAS,unassigned,cardiac_ct,axial,0,public,True,0.318359375,0.318359375
ImageCAS_124,124,static,C:\Users\maksa\Desktop\диссертация\data\data\segmentation\ImageCAS_CT\raw_images\final_extracted\1-200\124.img.nii.gz,C:\Users\maksa\Desktop\диссертация\data\data\segmentation\ImageCAS_CT\ImageCAS-STACOM2025-02-10-2025\segmentations\124.img.nii.gz,91,ImageCAS,unassigned,cardiac_ct,axial,0,public,True,0.318359375,0.318359375
ImageCAS_124,124,static,C:\Users\maksa\Desktop\диссертация\data\data\segmentation\ImageCAS_CT\raw_images\final_extracted\1-200\124.img.nii.gz,C:\Users\maksa\Desktop\диссертация\data\data\segmentation\ImageCAS_CT\ImageCAS-STACOM2025-02-10-2025\segmentations\124.img.nii.gz,122,ImageCAS,unassigned,cardiac_ct,axial,0,public,True,0.318359375,0.318359375
ImageCAS_124,124,static,C:\Users\maksa\Desktop\диссертация\data\data\segmentation\ImageCAS_CT\raw_images\final_extracted\1-200\124.img.nii.gz,C:\Users\maksa\Desktop\диссертация\data\data\segmentation\ImageCAS_CT\ImageCAS-STACOM2025-02-10-2025\segmentations\124.img.nii.gz,152,ImageCAS,unassigned,cardiac_ct,axial,0,public,True,0.318359375,0.318359375
ImageCAS_124,124,static,C:\Users\maksa\Desktop\диссертация\data\data\segmentation\ImageCAS_CT\raw_images\final_extracted\1-200\124.img.nii.gz,C:\Users\maksa\Desktop\диссертация\data\data\segmentation\ImageCAS_CT\ImageCAS-STACOM2025-02-10-2025\segmentations\124.img.nii.gz,183,ImageCAS,unassigned,cardiac_ct,axial,0,public,True,0.318359375,0.318359375
ImageCAS_124,124,static,C:\Users\maksa\Desktop\диссертация\data\data\segmentation\ImageCAS_CT\raw_images\final_extracted\1-200\124.img.nii.gz,C:\Users\maksa\Desktop\диссертация\data\data\segmentation\ImageCAS_CT\ImageCAS-STACOM2025-02-10-2025\segmentations\124.img.nii.gz,213,ImageCAS,unassigned,cardiac_ct,axial,0,public,True,0.318359375,0.318359375
ImageCAS_124,124,static,C:\Users\maksa\Desktop\диссертация\data\data\segmentation\ImageCAS_CT\raw_images\final_extracted\1-200\124.img.nii.gz,C:\Users\maksa\Desktop\диссертация\data\data\segmentation\ImageCAS_CT\ImageCAS-STACOM2025-02-10-2025\segmentations\124.img.nii.gz,244,ImageCAS,unassigned,cardiac_ct,axial,0,public,True,0.318359375,0.318359375
ImageCAS_124,124,static,C:\Users\maksa\Desktop\диссертация\data\data\segmentation\ImageCAS_CT\raw_images\final_extracted\1-200\124.img.nii.gz,C:\Users\maksa\Desktop\диссертация\data\data\segmentation\ImageCAS_CT\ImageCAS-STACOM2025-02-10-2025\segmentations\124.img.nii.gz,274,ImageCAS,unassigned,cardiac_ct,axial,0,public,True,0.318359375,0.318359375
ImageCAS_125,125,static,C:\Users\maksa\Desktop\диссертация\data\data\segmentation\ImageCAS_CT\raw_images\final_extracted\1-200\125.img.nii.gz,C:\Users\maksa\Desktop\диссертация\data\data\segmentation\ImageCAS_CT\ImageCAS-STACOM2025-02-10-2025\segmentations\125.img.nii.gz,0,ImageCAS,unassigned,cardiac_ct,axial,0,public,True,0.361328125,0.361328125
ImageCAS_125,125,static,C:\Users\maksa\Desktop\диссертация\data\data\segmentation\ImageCAS_CT\raw_images\final_extracted\1-200\125.img.nii.gz,C:\Users\maksa\Desktop\диссертация\data\data\segmentation\ImageCAS_CT\ImageCAS-STACOM2025-02-10-2025\segmentations\125.img.nii.gz,30,ImageCAS,unassigned,cardiac_ct,axial,0,public,True,0.361328125,0.361328125
ImageCAS_125,125,static,C:\Users\maksa\Desktop\диссертация\data\data\segmentation\ImageCAS_CT\raw_images\final_extracted\1-200\125.img.nii.gz,C:\Users\maksa\Desktop\диссертация\data\data\segmentation\ImageCAS_CT\ImageCAS-STACOM2025-02-10-2025\segmentations\125.img.nii.gz,61,ImageCAS,unassigned,cardiac_ct,axial,0,public,True,0.361328125,0.361328125
ImageCAS_125,125,static,C:\Users\maksa\Desktop\диссертация\data\data\segmentation\ImageCAS_CT\raw_images\final_extracted\1-200\125.img.nii.gz,C:\Users\maksa\Desktop\диссертация\data\data\segmentation\ImageCAS_CT\ImageCAS-STACOM2025-02-10-2025\segmentations\125.img.nii.gz,91,ImageCAS,unassigned,cardiac_ct,axial,0,public,True,0.361328125,0.361328125
ImageCAS_125,125,static,C:\Users\maksa\Desktop\диссертация\data\data\segmentation\ImageCAS_CT\raw_images\final_extracted\1-200\125.img.nii.gz,C:\Users\maksa\Desktop\диссертация\data\data\segmentation\ImageCAS_CT\ImageCAS-STACOM2025-02-10-2025\segmentations\125.img.nii.gz,122,ImageCAS,unassigned,cardiac_ct,axial,0,public,True,0.361328125,0.361328125
ImageCAS_125,125,static,C:\Users\maksa\Desktop\диссертация\data\data\segmentation\ImageCAS_CT\raw_images\final_extracted\1-200\125.img.nii.gz,C:\Users\maksa\Desktop\диссертация\data\data\segmentation\ImageCAS_CT\ImageCAS-STACOM2025-02-10-2025\segmentations\125.img.nii.gz,152,ImageCAS,unassigned,cardiac_ct,axial,0,public,True,0.361328125,0.361328125
ImageCAS_125,125,static,C:\Users\maksa\Desktop\диссертация\data\data\segmentation\ImageCAS_CT\raw_images\final_extracted\1-200\125.img.nii.gz,C:\Users\maksa\Desktop\диссертация\data\data\segmentation\ImageCAS_CT\ImageCAS-STACOM2025-02-10-2025\segmentations\125.img.nii.gz,183,ImageCAS,unassigned,cardiac_ct,axial,0,public,True,0.361328125,0.361328125
ImageCAS_125,125,static,C:\Users\maksa\Desktop\диссертация\data\data\segmentation\ImageCAS_CT\raw_images\final_extracted\1-200\125.img.nii.gz,C:\Users\maksa\Desktop\диссертация\data\data\segmentation\ImageCAS_CT\ImageCAS-STACOM2025-02-10-2025\segmentations\125.img.nii.gz,213,ImageCAS,unassigned,cardiac_ct,axial,0,public,True,0.361328125,0.361328125
ImageCAS_125,125,static,C:\Users\maksa\Desktop\диссертация\data\data\segmentation\ImageCAS_CT\raw_images\final_extracted\1-200\125.img.nii.gz,C:\Users\maksa\Desktop\диссертация\data\data\segmentation\ImageCAS_CT\ImageCAS-STACOM2025-02-10-2025\segmentations\125.img.nii.gz,244,ImageCAS,unassigned,cardiac_ct,axial,0,public,True,0.361328125,0.361328125
ImageCAS_125,125,static,C:\Users\maksa\Desktop\диссертация\data\data\segmentation\ImageCAS_CT\raw_images\final_extracted\1-200\125.img.nii.gz,C:\Users\maksa\Desktop\диссертация\data\data\segmentation\ImageCAS_CT\ImageCAS-STACOM2025-02-10-2025\segmentations\125.img.nii.gz,274,ImageCAS,unassigned,cardiac_ct,axial,0,public,True,0.361328125,0.361328125
ImageCAS_128,128,static,C:\Users\maksa\Desktop\диссертация\data\data\segmentation\ImageCAS_CT\raw_images\final_extracted\1-200\128.img.nii.gz,C:\Users\maksa\Desktop\диссертация\data\data\segmentation\ImageCAS_CT\ImageCAS-STACOM2025-02-10-2025\segmentations\128.img.nii.gz,0,ImageCAS,unassigned,cardiac_ct,axial,0,public,True,0.35546875,0.35546875
ImageCAS_128,128,static,C:\Users\maksa\Desktop\диссертация\data\data\segmentation\ImageCAS_CT\raw_images\final_extracted\1-200\128.img.nii.gz,C:\Users\maksa\Desktop\диссертация\data\data\segmentation\ImageCAS_CT\ImageCAS-STACOM2025-02-10-2025\segmentations\128.img.nii.gz,30,ImageCAS,unassigned,cardiac_ct,axial,0,public,True,0.35546875,0.35546875
ImageCAS_128,128,static,C:\Users\maksa\Desktop\диссертация\data\data\segmentation\ImageCAS_CT\raw_images\final_extracted\1-200\128.img.nii.gz,C:\Users\maksa\Desktop\диссертация\data\data\segmentation\ImageCAS_CT\ImageCAS-STACOM2025-02-10-2025\segmentations\128.img.nii.gz,61,ImageCAS,unassigned,cardiac_ct,axial,0,public,True,0.35546875,0.35546875
ImageCAS_128,128,static,C:\Users\maksa\Desktop\диссертация\data\data\segmentation\ImageCAS_CT\raw_images\final_extracted\1-200\128.img.nii.gz,C:\Users\maksa\Desktop\диссертация\data\data\segmentation\ImageCAS_CT\ImageCAS-STACOM2025-02-10-2025\segmentations\128.img.nii.gz,91,ImageCAS,unassigned,cardiac_ct,axial,0,public,True,0.35546875,0.35546875
ImageCAS_128,128,static,C:\Users\maksa\Desktop\диссертация\data\data\segmentation\ImageCAS_CT\raw_images\final_extracted\1-200\128.img.nii.gz,C:\Users\maksa\Desktop\диссертация\data\data\segmentation\ImageCAS_CT\ImageCAS-STACOM2025-02-10-2025\segmentations\128.img.nii.gz,122,ImageCAS,unassigned,cardiac_ct,axial,0,public,True,0.35546875,0.35546875
ImageCAS_128,128,static,C:\Users\maksa\Desktop\диссертация\data\data\segmentation\ImageCAS_CT\raw_images\final_extracted\1-200\128.img.nii.gz,C:\Users\maksa\Desktop\диссертация\data\data\segmentation\ImageCAS_CT\ImageCAS-STACOM2025-02-10-2025\segmentations\128.img.nii.gz,152,ImageCAS,unassigned,cardiac_ct,axial,0,public,True,0.35546875,0.35546875
ImageCAS_128,128,static,C:\Users\maksa\Desktop\диссертация\data\data\segmentation\ImageCAS_CT\raw_images\final_extracted\1-200\128.img.nii.gz,C:\Users\maksa\Desktop\диссертация\data\data\segmentation\ImageCAS_CT\ImageCAS-STACOM2025-02-10-2025\segmentations\128.img.nii.gz,183,ImageCAS,unassigned,cardiac_ct,axial,0,public,True,0.35546875,0.35546875
ImageCAS_128,128,static,C:\Users\maksa\Desktop\диссертация\data\data\segmentation\ImageCAS_CT\raw_images\final_extracted\1-200\128.img.nii.gz,C:\Users\maksa\Desktop\диссертация\data\data\segmentation\ImageCAS_CT\ImageCAS-STACOM2025-02-10-2025\segmentations\128.img.nii.gz,213,ImageCAS,unassigned,cardiac_ct,axial,0,public,True,0.35546875,0.35546875
ImageCAS_128,128,static,C:\Users\maksa\Desktop\диссертация\data\data\segmentation\ImageCAS_CT\raw_images\final_extracted\1-200\128.img.nii.gz,C:\Users\maksa\Desktop\диссертация\data\data\segmentation\ImageCAS_CT\ImageCAS-STACOM2025-02-10-2025\segmentations\128.img.nii.gz,244,ImageCAS,unassigned,cardiac_ct,axial,0,public,True,0.35546875,0.35546875
ImageCAS_128,128,static,C:\Users\maksa\Desktop\диссертация\data\data\segmentation\ImageCAS_CT\raw_images\final_extracted\1-200\128.img.nii.gz,C:\Users\maksa\Desktop\диссертация\data\data\segmentation\ImageCAS_CT\ImageCAS-STACOM2025-02-10-2025\segmentations\128.img.nii.gz,274,ImageCAS,unassigned,cardiac_ct,axial,0,public,True,0.35546875,0.35546875
ImageCAS_129,129,static,C:\Users\maksa\Desktop\диссертация\data\data\segmentation\ImageCAS_CT\raw_images\final_extracted\1-200\129.img.nii.gz,C:\Users\maksa\Desktop\диссертация\data\data\segmentation\ImageCAS_CT\ImageCAS-STACOM2025-02-10-2025\segmentations\129.img.nii.gz,0,ImageCAS,unassigned,cardiac_ct,axial,0,public,True,0.373046875,0.373046875
ImageCAS_129,129,static,C:\Users\maksa\Desktop\диссертация\data\data\segmentation\ImageCAS_CT\raw_images\final_extracted\1-200\129.img.nii.gz,C:\Users\maksa\Desktop\диссертация\data\data\segmentation\ImageCAS_CT\ImageCAS-STACOM2025-02-10-2025\segmentations\129.img.nii.gz,30,ImageCAS,unassigned,cardiac_ct,axial,0,public,True,0.373046875,0.373046875
ImageCAS_129,129,static,C:\Users\maksa\Desktop\диссертация\data\data\segmentation\ImageCAS_CT\raw_images\final_extracted\1-200\129.img.nii.gz,C:\Users\maksa\Desktop\диссертация\data\data\segmentation\ImageCAS_CT\ImageCAS-STACOM2025-02-10-2025\segmentations\129.img.nii.gz,61,ImageCAS,unassigned,cardiac_ct,axial,0,public,True,0.373046875,0.373046875
ImageCAS_129,129,static,C:\Users\maksa\Desktop\диссертация\data\data\segmentation\ImageCAS_CT\raw_images\final_extracted\1-200\129.img.nii.gz,C:\Users\maksa\Desktop\диссертация\data\data\segmentation\ImageCAS_CT\ImageCAS-STACOM2025-02-10-2025\segmentations\129.img.nii.gz,91,ImageCAS,unassigned,cardiac_ct,axial,0,public,True,0.373046875,0.373046875
ImageCAS_129,129,static,C:\Users\maksa\Desktop\диссертация\data\data\segmentation\ImageCAS_CT\raw_images\final_extracted\1-200\129.img.nii.gz,C:\Users\maksa\Desktop\диссертация\data\data\segmentation\ImageCAS_CT\ImageCAS-STACOM2025-02-10-2025\segmentations\129.img.nii.gz,122,ImageCAS,unassigned,cardiac_ct,axial,0,public,True,0.373046875,0.373046875
ImageCAS_129,129,static,C:\Users\maksa\Desktop\диссертация\data\data\segmentation\ImageCAS_CT\raw_images\final_extracted\1-200\129.img.nii.gz,C:\Users\maksa\Desktop\диссертация\data\data\segmentation\ImageCAS_CT\ImageCAS-STACOM2025-02-10-2025\segmentations\129.img.nii.gz,152,ImageCAS,unassigned,cardiac_ct,axial,0,public,True,0.373046875,0.373046875
ImageCAS_129,129,static,C:\Users\maksa\Desktop\диссертация\data\data\segmentation\ImageCAS_CT\raw_images\final_extracted\1-200\129.img.nii.gz,C:\Users\maksa\Desktop\диссертация\data\data\segmentation\ImageCAS_CT\ImageCAS-STACOM2025-02-10-2025\segmentations\129.img.nii.gz,183,ImageCAS,unassigned,cardiac_ct,axial,0,public,True,0.373046875,0.373046875
ImageCAS_129,129,static,C:\Users\maksa\Desktop\диссертация\data\data\segmentation\ImageCAS_CT\raw_images\final_extracted\1-200\129.img.nii.gz,C:\Users\maksa\Desktop\диссертация\data\data\segmentation\ImageCAS_CT\ImageCAS-STACOM2025-02-10-2025\segmentations\129.img.nii.gz,213,ImageCAS,unassigned,cardiac_ct,axial,0,public,True,0.373046875,0.373046875
ImageCAS_129,129,static,C:\Users\maksa\Desktop\диссертация\data\data\segmentation\ImageCAS_CT\raw_images\final_extracted\1-200\129.img.nii.gz,C:\Users\maksa\Desktop\диссертация\data\data\segmentation\ImageCAS_CT\ImageCAS-STACOM2025-02-10-2025\segmentations\129.img.nii.gz,244,ImageCAS,unassigned,cardiac_ct,axial,0,public,True,0.373046875,0.373046875
ImageCAS_129,129,static,C:\Users\maksa\Desktop\диссертация\data\data\segmentation\ImageCAS_CT\raw_images\final_extracted\1-200\129.img.nii.gz,C:\Users\maksa\Desktop\диссертация\data\data\segmentation\ImageCAS_CT\ImageCAS-STACOM2025-02-10-2025\segmentations\129.img.nii.gz,274,ImageCAS,unassigned,cardiac_ct,axial,0,public,True,0.373046875,0.373046875
ImageCAS_132,132,static,C:\Users\maksa\Desktop\диссертация\data\data\segmentation\ImageCAS_CT\raw_images\final_extracted\1-200\132.img.nii.gz,C:\Users\maksa\Desktop\диссертация\data\data\segmentation\ImageCAS_CT\ImageCAS-STACOM2025-02-10-2025\segmentations\132.img.nii.gz,0,ImageCAS,unassigned,cardiac_ct,axial,0,public,True,0.328125,0.328125
ImageCAS_132,132,static,C:\Users\maksa\Desktop\диссертация\data\data\segmentation\ImageCAS_CT\raw_images\final_extracted\1-200\132.img.nii.gz,C:\Users\maksa\Desktop\диссертация\data\data\segmentation\ImageCAS_CT\ImageCAS-STACOM2025-02-10-2025\segmentations\132.img.nii.gz,30,ImageCAS,unassigned,cardiac_ct,axial,0,public,True,0.328125,0.328125
ImageCAS_132,132,static,C:\Users\maksa\Desktop\диссертация\data\data\segmentation\ImageCAS_CT\raw_images\final_extracted\1-200\132.img.nii.gz,C:\Users\maksa\Desktop\диссертация\data\data\segmentation\ImageCAS_CT\ImageCAS-STACOM2025-02-10-2025\segmentations\132.img.nii.gz,61,ImageCAS,unassigned,cardiac_ct,axial,0,public,True,0.328125,0.328125
ImageCAS_132,132,static,C:\Users\maksa\Desktop\диссертация\data\data\segmentation\ImageCAS_CT\raw_images\final_extracted\1-200\132.img.nii.gz,C:\Users\maksa\Desktop\диссертация\data\data\segmentation\ImageCAS_CT\ImageCAS-STACOM2025-02-10-2025\segmentations\132.img.nii.gz,91,ImageCAS,unassigned,cardiac_ct,axial,0,public,True,0.328125,0.328125
ImageCAS_132,132,static,C:\Users\maksa\Desktop\диссертация\data\data\segmentation\ImageCAS_CT\raw_images\final_extracted\1-200\132.img.nii.gz,C:\Users\maksa\Desktop\диссертация\data\data\segmentation\ImageCAS_CT\ImageCAS-STACOM2025-02-10-2025\segmentations\132.img.nii.gz,122,ImageCAS,unassigned,cardiac_ct,axial,0,public,True,0.328125,0.328125
ImageCAS_132,132,static,C:\Users\maksa\Desktop\диссертация\data\data\segmentation\ImageCAS_CT\raw_images\final_extracted\1-200\132.img.nii.gz,C:\Users\maksa\Desktop\диссертация\data\data\segmentation\ImageCAS_CT\ImageCAS-STACOM2025-02-10-2025\segmentations\132.img.nii.gz,152,ImageCAS,unassigned,cardiac_ct,axial,0,public,True,0.328125,0.328125
ImageCAS_132,132,static,C:\Users\maksa\Desktop\диссертация\data\data\segmentation\ImageCAS_CT\raw_images\final_extracted\1-200\132.img.nii.gz,C:\Users\maksa\Desktop\диссертация\data\data\segmentation\ImageCAS_CT\ImageCAS-STACOM2025-02-10-2025\segmentations\132.img.nii.gz,183,ImageCAS,unassigned,cardiac_ct,axial,0,public,True,0.328125,0.328125
ImageCAS_132,132,static,C:\Users\maksa\Desktop\диссертация\data\data\segmentation\ImageCAS_CT\raw_images\final_extracted\1-200\132.img.nii.gz,C:\Users\maksa\Desktop\диссертация\data\data\segmentation\ImageCAS_CT\ImageCAS-STACOM2025-02-10-2025\segmentations\132.img.nii.gz,213,ImageCAS,unassigned,cardiac_ct,axial,0,public,True,0.328125,0.328125
ImageCAS_132,132,static,C:\Users\maksa\Desktop\диссертация\data\data\segmentation\ImageCAS_CT\raw_images\final_extracted\1-200\132.img.nii.gz,C:\Users\maksa\Desktop\диссертация\data\data\segmentation\ImageCAS_CT\ImageCAS-STACOM2025-02-10-2025\segmentations\132.img.nii.gz,244,ImageCAS,unassigned,cardiac_ct,axial,0,public,True,0.328125,0.328125
ImageCAS_132,132,static,C:\Users\maksa\Desktop\диссертация\data\data\segmentation\ImageCAS_CT\raw_images\final_extracted\1-200\132.img.nii.gz,C:\Users\maksa\Desktop\диссертация\data\data\segmentation\ImageCAS_CT\ImageCAS-STACOM2025-02-10-2025\segmentations\132.img.nii.gz,274,ImageCAS,unassigned,cardiac_ct,axial,0,public,True,0.328125,0.328125
ImageCAS_133,133,static,C:\Users\maksa\Desktop\диссертация\data\data\segmentation\ImageCAS_CT\raw_images\final_extracted\1-200\133.img.nii.gz,C:\Users\maksa\Desktop\диссертация\data\data\segmentation\ImageCAS_CT\ImageCAS-STACOM2025-02-10-2025\segmentations\133.img.nii.gz,0,ImageCAS,unassigned,cardiac_ct,axial,0,public,True,0.390625,0.390625
ImageCAS_133,133,static,C:\Users\maksa\Desktop\диссертация\data\data\segmentation\ImageCAS_CT\raw_images\final_extracted\1-200\133.img.nii.gz,C:\Users\maksa\Desktop\диссертация\data\data\segmentation\ImageCAS_CT\ImageCAS-STACOM2025-02-10-2025\segmentations\133.img.nii.gz,30,ImageCAS,unassigned,cardiac_ct,axial,0,public,True,0.390625,0.390625
ImageCAS_133,133,static,C:\Users\maksa\Desktop\диссертация\data\data\segmentation\ImageCAS_CT\raw_images\final_extracted\1-200\133.img.nii.gz,C:\Users\maksa\Desktop\диссертация\data\data\segmentation\ImageCAS_CT\ImageCAS-STACOM2025-02-10-2025\segmentations\133.img.nii.gz,61,ImageCAS,unassigned,cardiac_ct,axial,0,public,True,0.390625,0.390625
ImageCAS_133,133,static,C:\Users\maksa\Desktop\диссертация\data\data\segmentation\ImageCAS_CT\raw_images\final_extracted\1-200\133.img.nii.gz,C:\Users\maksa\Desktop\диссертация\data\data\segmentation\ImageCAS_CT\ImageCAS-STACOM2025-02-10-2025\segmentations\133.img.nii.gz,91,ImageCAS,unassigned,cardiac_ct,axial,0,public,True,0.390625,0.390625
ImageCAS_133,133,static,C:\Users\maksa\Desktop\диссертация\data\data\segmentation\ImageCAS_CT\raw_images\final_extracted\1-200\133.img.nii.gz,C:\Users\maksa\Desktop\диссертация\data\data\segmentation\ImageCAS_CT\ImageCAS-STACOM2025-02-10-2025\segmentations\133.img.nii.gz,122,ImageCAS,unassigned,cardiac_ct,axial,0,public,True,0.390625,0.390625
ImageCAS_133,133,static,C:\Users\maksa\Desktop\диссертация\data\data\segmentation\ImageCAS_CT\raw_images\final_extracted\1-200\133.img.nii.gz,C:\Users\maksa\Desktop\диссертация\data\data\segmentation\ImageCAS_CT\ImageCAS-STACOM2025-02-10-2025\segmentations\133.img.nii.gz,152,ImageCAS,unassigned,cardiac_ct,axial,0,public,True,0.390625,0.390625
ImageCAS_133,133,static,C:\Users\maksa\Desktop\диссертация\data\data\segmentation\ImageCAS_CT\raw_images\final_extracted\1-200\133.img.nii.gz,C:\Users\maksa\Desktop\диссертация\data\data\segmentation\ImageCAS_CT\ImageCAS-STACOM2025-02-10-2025\segmentations\133.img.nii.gz,183,ImageCAS,unassigned,cardiac_ct,axial,0,public,True,0.390625,0.390625
ImageCAS_133,133,static,C:\Users\maksa\Desktop\диссертация\data\data\segmentation\ImageCAS_CT\raw_images\final_extracted\1-200\133.img.nii.gz,C:\Users\maksa\Desktop\диссертация\data\data\segmentation\ImageCAS_CT\ImageCAS-STACOM2025-02-10-2025\segmentations\133.img.nii.gz,213,ImageCAS,unassigned,cardiac_ct,axial,0,public,True,0.390625,0.390625
ImageCAS_133,133,static,C:\Users\maksa\Desktop\диссертация\data\data\segmentation\ImageCAS_CT\raw_images\final_extracted\1-200\133.img.nii.gz,C:\Users\maksa\Desktop\диссертация\data\data\segmentation\ImageCAS_CT\ImageCAS-STACOM2025-02-10-2025\segmentations\133.img.nii.gz,244,ImageCAS,unassigned,cardiac_ct,axial,0,public,True,0.390625,0.390625
ImageCAS_133,133,static,C:\Users\maksa\Desktop\диссертация\data\data\segmentation\ImageCAS_CT\raw_images\final_extracted\1-200\133.img.nii.gz,C:\Users\maksa\Desktop\диссертация\data\data\segmentation\ImageCAS_CT\ImageCAS-STACOM2025-02-10-2025\segmentations\133.img.nii.gz,274,ImageCAS,unassigned,cardiac_ct,axial,0,public,True,0.390625,0.390625
ImageCAS_134,134,static,C:\Users\maksa\Desktop\диссертация\data\data\segmentation\ImageCAS_CT\raw_images\final_extracted\1-200\134.img.nii.gz,C:\Users\maksa\Desktop\диссертация\data\data\segmentation\ImageCAS_CT\ImageCAS-STACOM2025-02-10-2025\segmentations\134.img.nii.gz,0,ImageCAS,unassigned,cardiac_ct,axial,0,public,True,0.318359375,0.318359375
ImageCAS_134,134,static,C:\Users\maksa\Desktop\диссертация\data\data\segmentation\ImageCAS_CT\raw_images\final_extracted\1-200\134.img.nii.gz,C:\Users\maksa\Desktop\диссертация\data\data\segmentation\ImageCAS_CT\ImageCAS-STACOM2025-02-10-2025\segmentations\134.img.nii.gz,23,ImageCAS,unassigned,cardiac_ct,axial,0,public,True,0.318359375,0.318359375
ImageCAS_134,134,static,C:\Users\maksa\Desktop\диссертация\data\data\segmentation\ImageCAS_CT\raw_images\final_extracted\1-200\134.img.nii.gz,C:\Users\maksa\Desktop\диссертация\data\data\segmentation\ImageCAS_CT\ImageCAS-STACOM2025-02-10-2025\segmentations\134.img.nii.gz,46,ImageCAS,unassigned,cardiac_ct,axial,0,public,True,0.318359375,0.318359375
ImageCAS_134,134,static,C:\Users\maksa\Desktop\диссертация\data\data\segmentation\ImageCAS_CT\raw_images\final_extracted\1-200\134.img.nii.gz,C:\Users\maksa\Desktop\диссертация\data\data\segmentation\ImageCAS_CT\ImageCAS-STACOM2025-02-10-2025\segmentations\134.img.nii.gz,68,ImageCAS,unassigned,cardiac_ct,axial,0,public,True,0.318359375,0.318359375
ImageCAS_134,134,static,C:\Users\maksa\Desktop\диссертация\data\data\segmentation\ImageCAS_CT\raw_images\final_extracted\1-200\134.img.nii.gz,C:\Users\maksa\Desktop\диссертация\data\data\segmentation\ImageCAS_CT\ImageCAS-STACOM2025-02-10-2025\segmentations\134.img.nii.gz,91,ImageCAS,unassigned,cardiac_ct,axial,0,public,True,0.318359375,0.318359375
ImageCAS_134,134,static,C:\Users\maksa\Desktop\диссертация\data\data\segmentation\ImageCAS_CT\raw_images\final_extracted\1-200\134.img.nii.gz,C:\Users\maksa\Desktop\диссертация\data\data\segmentation\ImageCAS_CT\ImageCAS-STACOM2025-02-10-2025\segmentations\134.img.nii.gz,114,ImageCAS,unassigned,cardiac_ct,axial,0,public,True,0.318359375,0.318359375
ImageCAS_134,134,static,C:\Users\maksa\Desktop\диссертация\data\data\segmentation\ImageCAS_CT\raw_images\final_extracted\1-200\134.img.nii.gz,C:\Users\maksa\Desktop\диссертация\data\data\segmentation\ImageCAS_CT\ImageCAS-STACOM2025-02-10-2025\segmentations\134.img.nii.gz,137,ImageCAS,unassigned,cardiac_ct,axial,0,public,True,0.318359375,0.318359375
ImageCAS_134,134,static,C:\Users\maksa\Desktop\диссертация\data\data\segmentation\ImageCAS_CT\raw_images\final_extracted\1-200\134.img.nii.gz,C:\Users\maksa\Desktop\диссертация\data\data\segmentation\ImageCAS_CT\ImageCAS-STACOM2025-02-10-2025\segmentations\134.img.nii.gz,159,ImageCAS,unassigned,cardiac_ct,axial,0,public,True,0.318359375,0.318359375
ImageCAS_134,134,static,C:\Users\maksa\Desktop\диссертация\data\data\segmentation\ImageCAS_CT\raw_images\final_extracted\1-200\134.img.nii.gz,C:\Users\maksa\Desktop\диссертация\data\data\segmentation\ImageCAS_CT\ImageCAS-STACOM2025-02-10-2025\segmentations\134.img.nii.gz,182,ImageCAS,unassigned,cardiac_ct,axial,0,public,True,0.318359375,0.318359375
ImageCAS_134,134,static,C:\Users\maksa\Desktop\диссертация\data\data\segmentation\ImageCAS_CT\raw_images\final_extracted\1-200\134.img.nii.gz,C:\Users\maksa\Desktop\диссертация\data\data\segmentation\ImageCAS_CT\ImageCAS-STACOM2025-02-10-2025\segmentations\134.img.nii.gz,205,ImageCAS,unassigned,cardiac_ct,axial,0,public,True,0.318359375,0.318359375
ImageCAS_14,14,static,C:\Users\maksa\Desktop\диссертация\data\data\segmentation\ImageCAS_CT\raw_images\final_extracted\1-200\14.img.nii.gz,C:\Users\maksa\Desktop\диссертация\data\data\segmentation\ImageCAS_CT\ImageCAS-STACOM2025-02-10-2025\segmentations\14.img.nii.gz,0,ImageCAS,unassigned,cardiac_ct,axial,0,public,True,0.318359375,0.318359375
ImageCAS_14,14,static,C:\Users\maksa\Desktop\диссертация\data\data\segmentation\ImageCAS_CT\raw_images\final_extracted\1-200\14.img.nii.gz,C:\Users\maksa\Desktop\диссертация\data\data\segmentation\ImageCAS_CT\ImageCAS-STACOM2025-02-10-2025\segmentations\14.img.nii.gz,30,ImageCAS,unassigned,cardiac_ct,axial,0,public,True,0.318359375,0.318359375
ImageCAS_14,14,static,C:\Users\maksa\Desktop\диссертация\data\data\segmentation\ImageCAS_CT\raw_images\final_extracted\1-200\14.img.nii.gz,C:\Users\maksa\Desktop\диссертация\data\data\segmentation\ImageCAS_CT\ImageCAS-STACOM2025-02-10-2025\segmentations\14.img.nii.gz,61,ImageCAS,unassigned,cardiac_ct,axial,0,public,True,0.318359375,0.318359375
ImageCAS_14,14,static,C:\Users\maksa\Desktop\диссертация\data\data\segmentation\ImageCAS_CT\raw_images\final_extracted\1-200\14.img.nii.gz,C:\Users\maksa\Desktop\диссертация\data\data\segmentation\ImageCAS_CT\ImageCAS-STACOM2025-02-10-2025\segmentations\14.img.nii.gz,91,ImageCAS,unassigned,cardiac_ct,axial,0,public,True,0.318359375,0.318359375
ImageCAS_14,14,static,C:\Users\maksa\Desktop\диссертация\data\data\segmentation\ImageCAS_CT\raw_images\final_extracted\1-200\14.img.nii.gz,C:\Users\maksa\Desktop\диссертация\data\data\segmentation\ImageCAS_CT\ImageCAS-STACOM2025-02-10-2025\segmentations\14.img.nii.gz,122,ImageCAS,unassigned,cardiac_ct,axial,0,public,True,0.318359375,0.318359375
ImageCAS_14,14,static,C:\Users\maksa\Desktop\диссертация\data\data\segmentation\ImageCAS_CT\raw_images\final_extracted\1-200\14.img.nii.gz,C:\Users\maksa\Desktop\диссертация\data\data\segmentation\ImageCAS_CT\ImageCAS-STACOM2025-02-10-2025\segmentations\14.img.nii.gz,152,ImageCAS,unassigned,cardiac_ct,axial,0,public,True,0.318359375,0.318359375
ImageCAS_14,14,static,C:\Users\maksa\Desktop\диссертация\data\data\segmentation\ImageCAS_CT\raw_images\final_extracted\1-200\14.img.nii.gz,C:\Users\maksa\Desktop\диссертация\data\data\segmentation\ImageCAS_CT\ImageCAS-STACOM2025-02-10-2025\segmentations\14.img.nii.gz,183,ImageCAS,unassigned,cardiac_ct,axial,0,public,True,0.318359375,0.318359375
ImageCAS_14,14,static,C:\Users\maksa\Desktop\диссертация\data\data\segmentation\ImageCAS_CT\raw_images\final_extracted\1-200\14.img.nii.gz,C:\Users\maksa\Desktop\диссертация\data\data\segmentation\ImageCAS_CT\ImageCAS-STACOM2025-02-10-2025\segmentations\14.img.nii.gz,213,ImageCAS,unassigned,cardiac_ct,axial,0,public,True,0.318359375,0.318359375
ImageCAS_14,14,static,C:\Users\maksa\Desktop\диссертация\data\data\segmentation\ImageCAS_CT\raw_images\final_extracted\1-200\14.img.nii.gz,C:\Users\maksa\Desktop\диссертация\data\data\segmentation\ImageCAS_CT\ImageCAS-STACOM2025-02-10-2025\segmentations\14.img.nii.gz,244,ImageCAS,unassigned,cardiac_ct,axial,0,public,True,0.318359375,0.318359375
ImageCAS_14,14,static,C:\Users\maksa\Desktop\диссертация\data\data\segmentation\ImageCAS_CT\raw_images\final_extracted\1-200\14.img.nii.gz,C:\Users\maksa\Desktop\диссертация\data\data\segmentation\ImageCAS_CT\ImageCAS-STACOM2025-02-10-2025\segmentations\14.img.nii.gz,274,ImageCAS,unassigned,cardiac_ct,axial,0,public,True,0.318359375,0.318359375
ImageCAS_140,140,static,C:\Users\maksa\Desktop\диссертация\data\data\segmentation\ImageCAS_CT\raw_images\final_extracted\1-200\140.img.nii.gz,C:\Users\maksa\Desktop\диссертация\data\data\segmentation\ImageCAS_CT\ImageCAS-STACOM2025-02-10-2025\segmentations\140.img.nii.gz,0,ImageCAS,unassigned,cardiac_ct,axial,0,public,True,0.357421875,0.357421875
ImageCAS_140,140,static,C:\Users\maksa\Desktop\диссертация\data\data\segmentation\ImageCAS_CT\raw_images\final_extracted\1-200\140.img.nii.gz,C:\Users\maksa\Desktop\диссертация\data\data\segmentation\ImageCAS_CT\ImageCAS-STACOM2025-02-10-2025\segmentations\140.img.nii.gz,30,ImageCAS,unassigned,cardiac_ct,axial,0,public,True,0.357421875,0.357421875
ImageCAS_140,140,static,C:\Users\maksa\Desktop\диссертация\data\data\segmentation\ImageCAS_CT\raw_images\final_extracted\1-200\140.img.nii.gz,C:\Users\maksa\Desktop\диссертация\data\data\segmentation\ImageCAS_CT\ImageCAS-STACOM2025-02-10-2025\segmentations\140.img.nii.gz,61,ImageCAS,unassigned,cardiac_ct,axial,0,public,True,0.357421875,0.357421875
ImageCAS_140,140,static,C:\Users\maksa\Desktop\диссертация\data\data\segmentation\ImageCAS_CT\raw_images\final_extracted\1-200\140.img.nii.gz,C:\Users\maksa\Desktop\диссертация\data\data\segmentation\ImageCAS_CT\ImageCAS-STACOM2025-02-10-2025\segmentations\140.img.nii.gz,91,ImageCAS,unassigned,cardiac_ct,axial,0,public,True,0.357421875,0.357421875
ImageCAS_140,140,static,C:\Users\maksa\Desktop\диссертация\data\data\segmentation\ImageCAS_CT\raw_images\final_extracted\1-200\140.img.nii.gz,C:\Users\maksa\Desktop\диссертация\data\data\segmentation\ImageCAS_CT\ImageCAS-STACOM2025-02-10-2025\segmentations\140.img.nii.gz,122,ImageCAS,unassigned,cardiac_ct,axial,0,public,True,0.357421875,0.357421875
ImageCAS_140,140,static,C:\Users\maksa\Desktop\диссертация\data\data\segmentation\ImageCAS_CT\raw_images\final_extracted\1-200\140.img.nii.gz,C:\Users\maksa\Desktop\диссертация\data\data\segmentation\ImageCAS_CT\ImageCAS-STACOM2025-02-10-2025\segmentations\140.img.nii.gz,152,ImageCAS,unassigned,cardiac_ct,axial,0,public,True,0.357421875,0.357421875
ImageCAS_140,140,static,C:\Users\maksa\Desktop\диссертация\data\data\segmentation\ImageCAS_CT\raw_images\final_extracted\1-200\140.img.nii.gz,C:\Users\maksa\Desktop\диссертация\data\data\segmentation\ImageCAS_CT\ImageCAS-STACOM2025-02-10-2025\segmentations\140.img.nii.gz,183,ImageCAS,unassigned,cardiac_ct,axial,0,public,True,0.357421875,0.357421875
ImageCAS_140,140,static,C:\Users\maksa\Desktop\диссертация\data\data\segmentation\ImageCAS_CT\raw_images\final_extracted\1-200\140.img.nii.gz,C:\Users\maksa\Desktop\диссертация\data\data\segmentation\ImageCAS_CT\ImageCAS-STACOM2025-02-10-2025\segmentations\140.img.nii.gz,213,ImageCAS,unassigned,cardiac_ct,axial,0,public,True,0.357421875,0.357421875
ImageCAS_140,140,static,C:\Users\maksa\Desktop\диссертация\data\data\segmentation\ImageCAS_CT\raw_images\final_extracted\1-200\140.img.nii.gz,C:\Users\maksa\Desktop\диссертация\data\data\segmentation\ImageCAS_CT\ImageCAS-STACOM2025-02-10-2025\segmentations\140.img.nii.gz,244,ImageCAS,unassigned,cardiac_ct,axial,0,public,True,0.357421875,0.357421875
ImageCAS_140,140,static,C:\Users\maksa\Desktop\диссертация\data\data\segmentation\ImageCAS_CT\raw_images\final_extracted\1-200\140.img.nii.gz,C:\Users\maksa\Desktop\диссертация\data\data\segmentation\ImageCAS_CT\ImageCAS-STACOM2025-02-10-2025\segmentations\140.img.nii.gz,274,ImageCAS,unassigned,cardiac_ct,axial,0,public,True,0.357421875,0.357421875
ImageCAS_143,143,static,C:\Users\maksa\Desktop\диссертация\data\data\segmentation\ImageCAS_CT\raw_images\final_extracted\1-200\143.img.nii.gz,C:\Users\maksa\Desktop\диссертация\data\data\segmentation\ImageCAS_CT\ImageCAS-STACOM2025-02-10-2025\segmentations\143.img.nii.gz,0,ImageCAS,unassigned,cardiac_ct,axial,0,public,True,0.359375,0.359375
ImageCAS_143,143,static,C:\Users\maksa\Desktop\диссертация\data\data\segmentation\ImageCAS_CT\raw_images\final_extracted\1-200\143.img.nii.gz,C:\Users\maksa\Desktop\диссертация\data\data\segmentation\ImageCAS_CT\ImageCAS-STACOM2025-02-10-2025\segmentations\143.img.nii.gz,30,ImageCAS,unassigned,cardiac_ct,axial,0,public,True,0.359375,0.359375
ImageCAS_143,143,static,C:\Users\maksa\Desktop\диссертация\data\data\segmentation\ImageCAS_CT\raw_images\final_extracted\1-200\143.img.nii.gz,C:\Users\maksa\Desktop\диссертация\data\data\segmentation\ImageCAS_CT\ImageCAS-STACOM2025-02-10-2025\segmentations\143.img.nii.gz,61,ImageCAS,unassigned,cardiac_ct,axial,0,public,True,0.359375,0.359375
ImageCAS_143,143,static,C:\Users\maksa\Desktop\диссертация\data\data\segmentation\ImageCAS_CT\raw_images\final_extracted\1-200\143.img.nii.gz,C:\Users\maksa\Desktop\диссертация\data\data\segmentation\ImageCAS_CT\ImageCAS-STACOM2025-02-10-2025\segmentations\143.img.nii.gz,91,ImageCAS,unassigned,cardiac_ct,axial,0,public,True,0.359375,0.359375
ImageCAS_143,143,static,C:\Users\maksa\Desktop\диссертация\data\data\segmentation\ImageCAS_CT\raw_images\final_extracted\1-200\143.img.nii.gz,C:\Users\maksa\Desktop\диссертация\data\data\segmentation\ImageCAS_CT\ImageCAS-STACOM2025-02-10-2025\segmentations\143.img.nii.gz,122,ImageCAS,unassigned,cardiac_ct,axial,0,public,True,0.359375,0.359375
ImageCAS_143,143,static,C:\Users\maksa\Desktop\диссертация\data\data\segmentation\ImageCAS_CT\raw_images\final_extracted\1-200\143.img.nii.gz,C:\Users\maksa\Desktop\диссертация\data\data\segmentation\ImageCAS_CT\ImageCAS-STACOM2025-02-10-2025\segmentations\143.img.nii.gz,152,ImageCAS,unassigned,cardiac_ct,axial,0,public,True,0.359375,0.359375
ImageCAS_143,143,static,C:\Users\maksa\Desktop\диссертация\data\data\segmentation\ImageCAS_CT\raw_images\final_extracted\1-200\143.img.nii.gz,C:\Users\maksa\Desktop\диссертация\data\data\segmentation\ImageCAS_CT\ImageCAS-STACOM2025-02-10-2025\segmentations\143.img.nii.gz,183,ImageCAS,unassigned,cardiac_ct,axial,0,public,True,0.359375,0.359375
ImageCAS_143,143,static,C:\Users\maksa\Desktop\диссертация\data\data\segmentation\ImageCAS_CT\raw_images\final_extracted\1-200\143.img.nii.gz,C:\Users\maksa\Desktop\диссертация\data\data\segmentation\ImageCAS_CT\ImageCAS-STACOM2025-02-10-2025\segmentations\143.img.nii.gz,213,ImageCAS,unassigned,cardiac_ct,axial,0,public,True,0.359375,0.359375
ImageCAS_143,143,static,C:\Users\maksa\Desktop\диссертация\data\data\segmentation\ImageCAS_CT\raw_images\final_extracted\1-200\143.img.nii.gz,C:\Users\maksa\Desktop\диссертация\data\data\segmentation\ImageCAS_CT\ImageCAS-STACOM2025-02-10-2025\segmentations\143.img.nii.gz,244,ImageCAS,unassigned,cardiac_ct,axial,0,public,True,0.359375,0.359375
ImageCAS_143,143,static,C:\Users\maksa\Desktop\диссертация\data\data\segmentation\ImageCAS_CT\raw_images\final_extracted\1-200\143.img.nii.gz,C:\Users\maksa\Desktop\диссертация\data\data\segmentation\ImageCAS_CT\ImageCAS-STACOM2025-02-10-2025\segmentations\143.img.nii.gz,274,ImageCAS,unassigned,cardiac_ct,axial,0,public,True,0.359375,0.359375
ImageCAS_145,145,static,C:\Users\maksa\Desktop\диссертация\data\data\segmentation\ImageCAS_CT\raw_images\final_extracted\1-200\145.img.nii.gz,C:\Users\maksa\Desktop\диссертация\data\data\segmentation\ImageCAS_CT\ImageCAS-STACOM2025-02-10-2025\segmentations\145.img.nii.gz,0,ImageCAS,unassigned,cardiac_ct,axial,0,public,True,0.373046875,0.373046875
ImageCAS_145,145,static,C:\Users\maksa\Desktop\диссертация\data\data\segmentation\ImageCAS_CT\raw_images\final_extracted\1-200\145.img.nii.gz,C:\Users\maksa\Desktop\диссертация\data\data\segmentation\ImageCAS_CT\ImageCAS-STACOM2025-02-10-2025\segmentations\145.img.nii.gz,25,ImageCAS,unassigned,cardiac_ct,axial,0,public,True,0.373046875,0.373046875
ImageCAS_145,145,static,C:\Users\maksa\Desktop\диссертация\data\data\segmentation\ImageCAS_CT\raw_images\final_extracted\1-200\145.img.nii.gz,C:\Users\maksa\Desktop\диссертация\data\data\segmentation\ImageCAS_CT\ImageCAS-STACOM2025-02-10-2025\segmentations\145.img.nii.gz,49,ImageCAS,unassigned,cardiac_ct,axial,0,public,True,0.373046875,0.373046875
ImageCAS_145,145,static,C:\Users\maksa\Desktop\диссертация\data\data\segmentation\ImageCAS_CT\raw_images\final_extracted\1-200\145.img.nii.gz,C:\Users\maksa\Desktop\диссертация\data\data\segmentation\ImageCAS_CT\ImageCAS-STACOM2025-02-10-2025\segmentations\145.img.nii.gz,74,ImageCAS,unassigned,cardiac_ct,axial,0,public,True,0.373046875,0.373046875
ImageCAS_145,145,static,C:\Users\maksa\Desktop\диссертация\data\data\segmentation\ImageCAS_CT\raw_images\final_extracted\1-200\145.img.nii.gz,C:\Users\maksa\Desktop\диссертация\data\data\segmentation\ImageCAS_CT\ImageCAS-STACOM2025-02-10-2025\segmentations\145.img.nii.gz,99,ImageCAS,unassigned,cardiac_ct,axial,0,public,True,0.373046875,0.373046875
ImageCAS_145,145,static,C:\Users\maksa\Desktop\диссертация\data\data\segmentation\ImageCAS_CT\raw_images\final_extracted\1-200\145.img.nii.gz,C:\Users\maksa\Desktop\диссертация\data\data\segmentation\ImageCAS_CT\ImageCAS-STACOM2025-02-10-2025\segmentations\145.img.nii.gz,123,ImageCAS,unassigned,cardiac_ct,axial,0,public,True,0.373046875,0.373046875
ImageCAS_145,145,static,C:\Users\maksa\Desktop\диссертация\data\data\segmentation\ImageCAS_CT\raw_images\final_extracted\1-200\145.img.nii.gz,C:\Users\maksa\Desktop\диссертация\data\data\segmentation\ImageCAS_CT\ImageCAS-STACOM2025-02-10-2025\segmentations\145.img.nii.gz,148,ImageCAS,unassigned,cardiac_ct,axial,0,public,True,0.373046875,0.373046875
ImageCAS_145,145,static,C:\Users\maksa\Desktop\диссертация\data\data\segmentation\ImageCAS_CT\raw_images\final_extracted\1-200\145.img.nii.gz,C:\Users\maksa\Desktop\диссертация\data\data\segmentation\ImageCAS_CT\ImageCAS-STACOM2025-02-10-2025\segmentations\145.img.nii.gz,173,ImageCAS,unassigned,cardiac_ct,axial,0,public,True,0.373046875,0.373046875
ImageCAS_145,145,static,C:\Users\maksa\Desktop\диссертация\data\data\segmentation\ImageCAS_CT\raw_images\final_extracted\1-200\145.img.nii.gz,C:\Users\maksa\Desktop\диссертация\data\data\segmentation\ImageCAS_CT\ImageCAS-STACOM2025-02-10-2025\segmentations\145.img.nii.gz,197,ImageCAS,unassigned,cardiac_ct,axial,0,public,True,0.373046875,0.373046875
ImageCAS_145,145,static,C:\Users\maksa\Desktop\диссертация\data\data\segmentation\ImageCAS_CT\raw_images\final_extracted\1-200\145.img.nii.gz,C:\Users\maksa\Desktop\диссертация\data\data\segmentation\ImageCAS_CT\ImageCAS-STACOM2025-02-10-2025\segmentations\145.img.nii.gz,222,ImageCAS,unassigned,cardiac_ct,axial,0,public,True,0.373046875,0.373046875
ImageCAS_146,146,static,C:\Users\maksa\Desktop\диссертация\data\data\segmentation\ImageCAS_CT\raw_images\final_extracted\1-200\146.img.nii.gz,C:\Users\maksa\Desktop\диссертация\data\data\segmentation\ImageCAS_CT\ImageCAS-STACOM2025-02-10-2025\segmentations\146.img.nii.gz,0,ImageCAS,unassigned,cardiac_ct,axial,0,public,True,0.353515625,0.353515625
ImageCAS_146,146,static,C:\Users\maksa\Desktop\диссертация\data\data\segmentation\ImageCAS_CT\raw_images\final_extracted\1-200\146.img.nii.gz,C:\Users\maksa\Desktop\диссертация\data\data\segmentation\ImageCAS_CT\ImageCAS-STACOM2025-02-10-2025\segmentations\146.img.nii.gz,30,ImageCAS,unassigned,cardiac_ct,axial,0,public,True,0.353515625,0.353515625
ImageCAS_146,146,static,C:\Users\maksa\Desktop\диссертация\data\data\segmentation\ImageCAS_CT\raw_images\final_extracted\1-200\146.img.nii.gz,C:\Users\maksa\Desktop\диссертация\data\data\segmentation\ImageCAS_CT\ImageCAS-STACOM2025-02-10-2025\segmentations\146.img.nii.gz,61,ImageCAS,unassigned,cardiac_ct,axial,0,public,True,0.353515625,0.353515625
ImageCAS_146,146,static,C:\Users\maksa\Desktop\диссертация\data\data\segmentation\ImageCAS_CT\raw_images\final_extracted\1-200\146.img.nii.gz,C:\Users\maksa\Desktop\диссертация\data\data\segmentation\ImageCAS_CT\ImageCAS-STACOM2025-02-10-2025\segmentations\146.img.nii.gz,91,ImageCAS,unassigned,cardiac_ct,axial,0,public,True,0.353515625,0.353515625
ImageCAS_146,146,static,C:\Users\maksa\Desktop\диссертация\data\data\segmentation\ImageCAS_CT\raw_images\final_extracted\1-200\146.img.nii.gz,C:\Users\maksa\Desktop\диссертация\data\data\segmentation\ImageCAS_CT\ImageCAS-STACOM2025-02-10-2025\segmentations\146.img.nii.gz,122,ImageCAS,unassigned,cardiac_ct,axial,0,public,True,0.353515625,0.353515625
ImageCAS_146,146,static,C:\Users\maksa\Desktop\диссертация\data\data\segmentation\ImageCAS_CT\raw_images\final_extracted\1-200\146.img.nii.gz,C:\Users\maksa\Desktop\диссертация\data\data\segmentation\ImageCAS_CT\ImageCAS-STACOM2025-02-10-2025\segmentations\146.img.nii.gz,152,ImageCAS,unassigned,cardiac_ct,axial,0,public,True,0.353515625,0.353515625
ImageCAS_146,146,static,C:\Users\maksa\Desktop\диссертация\data\data\segmentation\ImageCAS_CT\raw_images\final_extracted\1-200\146.img.nii.gz,C:\Users\maksa\Desktop\диссертация\data\data\segmentation\ImageCAS_CT\ImageCAS-STACOM2025-02-10-2025\segmentations\146.img.nii.gz,183,ImageCAS,unassigned,cardiac_ct,axial,0,public,True,0.353515625,0.353515625
ImageCAS_146,146,static,C:\Users\maksa\Desktop\диссертация\data\data\segmentation\ImageCAS_CT\raw_images\final_extracted\1-200\146.img.nii.gz,C:\Users\maksa\Desktop\диссертация\data\data\segmentation\ImageCAS_CT\ImageCAS-STACOM2025-02-10-2025\segmentations\146.img.nii.gz,213,ImageCAS,unassigned,cardiac_ct,axial,0,public,True,0.353515625,0.353515625
ImageCAS_146,146,static,C:\Users\maksa\Desktop\диссертация\data\data\segmentation\ImageCAS_CT\raw_images\final_extracted\1-200\146.img.nii.gz,C:\Users\maksa\Desktop\диссертация\data\data\segmentation\ImageCAS_CT\ImageCAS-STACOM2025-02-10-2025\segmentations\146.img.nii.gz,244,ImageCAS,unassigned,cardiac_ct,axial,0,public,True,0.353515625,0.353515625
ImageCAS_146,146,static,C:\Users\maksa\Desktop\диссертация\data\data\segmentation\ImageCAS_CT\raw_images\final_extracted\1-200\146.img.nii.gz,C:\Users\maksa\Desktop\диссертация\data\data\segmentation\ImageCAS_CT\ImageCAS-STACOM2025-02-10-2025\segmentations\146.img.nii.gz,274,ImageCAS,unassigned,cardiac_ct,axial,0,public,True,0.353515625,0.353515625
ImageCAS_147,147,static,C:\Users\maksa\Desktop\диссертация\data\data\segmentation\ImageCAS_CT\raw_images\final_extracted\1-200\147.img.nii.gz,C:\Users\maksa\Desktop\диссертация\data\data\segmentation\ImageCAS_CT\ImageCAS-STACOM2025-02-10-2025\segmentations\147.img.nii.gz,0,ImageCAS,unassigned,cardiac_ct,axial,0,public,True,0.3828125,0.3828125
ImageCAS_147,147,static,C:\Users\maksa\Desktop\диссертация\data\data\segmentation\ImageCAS_CT\raw_images\final_extracted\1-200\147.img.nii.gz,C:\Users\maksa\Desktop\диссертация\data\data\segmentation\ImageCAS_CT\ImageCAS-STACOM2025-02-10-2025\segmentations\147.img.nii.gz,30,ImageCAS,unassigned,cardiac_ct,axial,0,public,True,0.3828125,0.3828125
ImageCAS_147,147,static,C:\Users\maksa\Desktop\диссертация\data\data\segmentation\ImageCAS_CT\raw_images\final_extracted\1-200\147.img.nii.gz,C:\Users\maksa\Desktop\диссертация\data\data\segmentation\ImageCAS_CT\ImageCAS-STACOM2025-02-10-2025\segmentations\147.img.nii.gz,61,ImageCAS,unassigned,cardiac_ct,axial,0,public,True,0.3828125,0.3828125
ImageCAS_147,147,static,C:\Users\maksa\Desktop\диссертация\data\data\segmentation\ImageCAS_CT\raw_images\final_extracted\1-200\147.img.nii.gz,C:\Users\maksa\Desktop\диссертация\data\data\segmentation\ImageCAS_CT\ImageCAS-STACOM2025-02-10-2025\segmentations\147.img.nii.gz,91,ImageCAS,unassigned,cardiac_ct,axial,0,public,True,0.3828125,0.3828125
ImageCAS_147,147,static,C:\Users\maksa\Desktop\диссертация\data\data\segmentation\ImageCAS_CT\raw_images\final_extracted\1-200\147.img.nii.gz,C:\Users\maksa\Desktop\диссертация\data\data\segmentation\ImageCAS_CT\ImageCAS-STACOM2025-02-10-2025\segmentations\147.img.nii.gz,122,ImageCAS,unassigned,cardiac_ct,axial,0,public,True,0.3828125,0.3828125
ImageCAS_147,147,static,C:\Users\maksa\Desktop\диссертация\data\data\segmentation\ImageCAS_CT\raw_images\final_extracted\1-200\147.img.nii.gz,C:\Users\maksa\Desktop\диссертация\data\data\segmentation\ImageCAS_CT\ImageCAS-STACOM2025-02-10-2025\segmentations\147.img.nii.gz,152,ImageCAS,unassigned,cardiac_ct,axial,0,public,True,0.3828125,0.3828125
ImageCAS_147,147,static,C:\Users\maksa\Desktop\диссертация\data\data\segmentation\ImageCAS_CT\raw_images\final_extracted\1-200\147.img.nii.gz,C:\Users\maksa\Desktop\диссертация\data\data\segmentation\ImageCAS_CT\ImageCAS-STACOM2025-02-10-2025\segmentations\147.img.nii.gz,183,ImageCAS,unassigned,cardiac_ct,axial,0,public,True,0.3828125,0.3828125
ImageCAS_147,147,static,C:\Users\maksa\Desktop\диссертация\data\data\segmentation\ImageCAS_CT\raw_images\final_extracted\1-200\147.img.nii.gz,C:\Users\maksa\Desktop\диссертация\data\data\segmentation\ImageCAS_CT\ImageCAS-STACOM2025-02-10-2025\segmentations\147.img.nii.gz,213,ImageCAS,unassigned,cardiac_ct,axial,0,public,True,0.3828125,0.3828125
ImageCAS_147,147,static,C:\Users\maksa\Desktop\диссертация\data\data\segmentation\ImageCAS_CT\raw_images\final_extracted\1-200\147.img.nii.gz,C:\Users\maksa\Desktop\диссертация\data\data\segmentation\ImageCAS_CT\ImageCAS-STACOM2025-02-10-2025\segmentations\147.img.nii.gz,244,ImageCAS,unassigned,cardiac_ct,axial,0,public,True,0.3828125,0.3828125
ImageCAS_147,147,static,C:\Users\maksa\Desktop\диссертация\data\data\segmentation\ImageCAS_CT\raw_images\final_extracted\1-200\147.img.nii.gz,C:\Users\maksa\Desktop\диссертация\data\data\segmentation\ImageCAS_CT\ImageCAS-STACOM2025-02-10-2025\segmentations\147.img.nii.gz,274,ImageCAS,unassigned,cardiac_ct,axial,0,public,True,0.3828125,0.3828125
ImageCAS_149,149,static,C:\Users\maksa\Desktop\диссертация\data\data\segmentation\ImageCAS_CT\raw_images\final_extracted\1-200\149.img.nii.gz,C:\Users\maksa\Desktop\диссертация\data\data\segmentation\ImageCAS_CT\ImageCAS-STACOM2025-02-10-2025\segmentations\149.img.nii.gz,0,ImageCAS,unassigned,cardiac_ct,axial,0,public,True,0.361328125,0.361328125
ImageCAS_149,149,static,C:\Users\maksa\Desktop\диссертация\data\data\segmentation\ImageCAS_CT\raw_images\final_extracted\1-200\149.img.nii.gz,C:\Users\maksa\Desktop\диссертация\data\data\segmentation\ImageCAS_CT\ImageCAS-STACOM2025-02-10-2025\segmentations\149.img.nii.gz,30,ImageCAS,unassigned,cardiac_ct,axial,0,public,True,0.361328125,0.361328125
ImageCAS_149,149,static,C:\Users\maksa\Desktop\диссертация\data\data\segmentation\ImageCAS_CT\raw_images\final_extracted\1-200\149.img.nii.gz,C:\Users\maksa\Desktop\диссертация\data\data\segmentation\ImageCAS_CT\ImageCAS-STACOM2025-02-10-2025\segmentations\149.img.nii.gz,61,ImageCAS,unassigned,cardiac_ct,axial,0,public,True,0.361328125,0.361328125
ImageCAS_149,149,static,C:\Users\maksa\Desktop\диссертация\data\data\segmentation\ImageCAS_CT\raw_images\final_extracted\1-200\149.img.nii.gz,C:\Users\maksa\Desktop\диссертация\data\data\segmentation\ImageCAS_CT\ImageCAS-STACOM2025-02-10-2025\segmentations\149.img.nii.gz,91,ImageCAS,unassigned,cardiac_ct,axial,0,public,True,0.361328125,0.361328125
ImageCAS_149,149,static,C:\Users\maksa\Desktop\диссертация\data\data\segmentation\ImageCAS_CT\raw_images\final_extracted\1-200\149.img.nii.gz,C:\Users\maksa\Desktop\диссертация\data\data\segmentation\ImageCAS_CT\ImageCAS-STACOM2025-02-10-2025\segmentations\149.img.nii.gz,122,ImageCAS,unassigned,cardiac_ct,axial,0,public,True,0.361328125,0.361328125
ImageCAS_149,149,static,C:\Users\maksa\Desktop\диссертация\data\data\segmentation\ImageCAS_CT\raw_images\final_extracted\1-200\149.img.nii.gz,C:\Users\maksa\Desktop\диссертация\data\data\segmentation\ImageCAS_CT\ImageCAS-STACOM2025-02-10-2025\segmentations\149.img.nii.gz,152,ImageCAS,unassigned,cardiac_ct,axial,0,public,True,0.361328125,0.361328125
ImageCAS_149,149,static,C:\Users\maksa\Desktop\диссертация\data\data\segmentation\ImageCAS_CT\raw_images\final_extracted\1-200\149.img.nii.gz,C:\Users\maksa\Desktop\диссертация\data\data\segmentation\ImageCAS_CT\ImageCAS-STACOM2025-02-10-2025\segmentations\149.img.nii.gz,183,ImageCAS,unassigned,cardiac_ct,axial,0,public,True,0.361328125,0.361328125
ImageCAS_149,149,static,C:\Users\maksa\Desktop\диссертация\data\data\segmentation\ImageCAS_CT\raw_images\final_extracted\1-200\149.img.nii.gz,C:\Users\maksa\Desktop\диссертация\data\data\segmentation\ImageCAS_CT\ImageCAS-STACOM2025-02-10-2025\segmentations\149.img.nii.gz,213,ImageCAS,unassigned,cardiac_ct,axial,0,public,True,0.361328125,0.361328125
ImageCAS_149,149,static,C:\Users\maksa\Desktop\диссертация\data\data\segmentation\ImageCAS_CT\raw_images\final_extracted\1-200\149.img.nii.gz,C:\Users\maksa\Desktop\диссертация\data\data\segmentation\ImageCAS_CT\ImageCAS-STACOM2025-02-10-2025\segmentations\149.img.nii.gz,244,ImageCAS,unassigned,cardiac_ct,axial,0,public,True,0.361328125,0.361328125
ImageCAS_149,149,static,C:\Users\maksa\Desktop\диссертация\data\data\segmentation\ImageCAS_CT\raw_images\final_extracted\1-200\149.img.nii.gz,C:\Users\maksa\Desktop\диссертация\data\data\segmentation\ImageCAS_CT\ImageCAS-STACOM2025-02-10-2025\segmentations\149.img.nii.gz,274,ImageCAS,unassigned,cardiac_ct,axial,0,public,True,0.361328125,0.361328125
ImageCAS_15,15,static,C:\Users\maksa\Desktop\диссертация\data\data\segmentation\ImageCAS_CT\raw_images\final_extracted\1-200\15.img.nii.gz,C:\Users\maksa\Desktop\диссертация\data\data\segmentation\ImageCAS_CT\ImageCAS-STACOM2025-02-10-2025\segmentations\15.img.nii.gz,0,ImageCAS,unassigned,cardiac_ct,axial,0,public,True,0.357421875,0.357421875
ImageCAS_15,15,static,C:\Users\maksa\Desktop\диссертация\data\data\segmentation\ImageCAS_CT\raw_images\final_extracted\1-200\15.img.nii.gz,C:\Users\maksa\Desktop\диссертация\data\data\segmentation\ImageCAS_CT\ImageCAS-STACOM2025-02-10-2025\segmentations\15.img.nii.gz,23,ImageCAS,unassigned,cardiac_ct,axial,0,public,True,0.357421875,0.357421875
ImageCAS_15,15,static,C:\Users\maksa\Desktop\диссертация\data\data\segmentation\ImageCAS_CT\raw_images\final_extracted\1-200\15.img.nii.gz,C:\Users\maksa\Desktop\диссертация\data\data\segmentation\ImageCAS_CT\ImageCAS-STACOM2025-02-10-2025\segmentations\15.img.nii.gz,46,ImageCAS,unassigned,cardiac_ct,axial,0,public,True,0.357421875,0.357421875
ImageCAS_15,15,static,C:\Users\maksa\Desktop\диссертация\data\data\segmentation\ImageCAS_CT\raw_images\final_extracted\1-200\15.img.nii.gz,C:\Users\maksa\Desktop\диссертация\data\data\segmentation\ImageCAS_CT\ImageCAS-STACOM2025-02-10-2025\segmentations\15.img.nii.gz,68,ImageCAS,unassigned,cardiac_ct,axial,0,public,True,0.357421875,0.357421875
ImageCAS_15,15,static,C:\Users\maksa\Desktop\диссертация\data\data\segmentation\ImageCAS_CT\raw_images\final_extracted\1-200\15.img.nii.gz,C:\Users\maksa\Desktop\диссертация\data\data\segmentation\ImageCAS_CT\ImageCAS-STACOM2025-02-10-2025\segmentations\15.img.nii.gz,91,ImageCAS,unassigned,cardiac_ct,axial,0,public,True,0.357421875,0.357421875
ImageCAS_15,15,static,C:\Users\maksa\Desktop\диссертация\data\data\segmentation\ImageCAS_CT\raw_images\final_extracted\1-200\15.img.nii.gz,C:\Users\maksa\Desktop\диссертация\data\data\segmentation\ImageCAS_CT\ImageCAS-STACOM2025-02-10-2025\segmentations\15.img.nii.gz,114,ImageCAS,unassigned,cardiac_ct,axial,0,public,True,0.357421875,0.357421875
ImageCAS_15,15,static,C:\Users\maksa\Desktop\диссертация\data\data\segmentation\ImageCAS_CT\raw_images\final_extracted\1-200\15.img.nii.gz,C:\Users\maksa\Desktop\диссертация\data\data\segmentation\ImageCAS_CT\ImageCAS-STACOM2025-02-10-2025\segmentations\15.img.nii.gz,137,ImageCAS,unassigned,cardiac_ct,axial,0,public,True,0.357421875,0.357421875
ImageCAS_15,15,static,C:\Users\maksa\Desktop\диссертация\data\data\segmentation\ImageCAS_CT\raw_images\final_extracted\1-200\15.img.nii.gz,C:\Users\maksa\Desktop\диссертация\data\data\segmentation\ImageCAS_CT\ImageCAS-STACOM2025-02-10-2025\segmentations\15.img.nii.gz,159,ImageCAS,unassigned,cardiac_ct,axial,0,public,True,0.357421875,0.357421875
ImageCAS_15,15,static,C:\Users\maksa\Desktop\диссертация\data\data\segmentation\ImageCAS_CT\raw_images\final_extracted\1-200\15.img.nii.gz,C:\Users\maksa\Desktop\диссертация\data\data\segmentation\ImageCAS_CT\ImageCAS-STACOM2025-02-10-2025\segmentations\15.img.nii.gz,182,ImageCAS,unassigned,cardiac_ct,axial,0,public,True,0.357421875,0.357421875
ImageCAS_15,15,static,C:\Users\maksa\Desktop\диссертация\data\data\segmentation\ImageCAS_CT\raw_images\final_extracted\1-200\15.img.nii.gz,C:\Users\maksa\Desktop\диссертация\data\data\segmentation\ImageCAS_CT\ImageCAS-STACOM2025-02-10-2025\segmentations\15.img.nii.gz,205,ImageCAS,unassigned,cardiac_ct,axial,0,public,True,0.357421875,0.357421875
ImageCAS_150,150,static,C:\Users\maksa\Desktop\диссертация\data\data\segmentation\ImageCAS_CT\raw_images\final_extracted\1-200\150.img.nii.gz,C:\Users\maksa\Desktop\диссертация\data\data\segmentation\ImageCAS_CT\ImageCAS-STACOM2025-02-10-2025\segmentations\150.img.nii.gz,0,ImageCAS,unassigned,cardiac_ct,axial,0,public,True,0.40234375,0.40234375
ImageCAS_150,150,static,C:\Users\maksa\Desktop\диссертация\data\data\segmentation\ImageCAS_CT\raw_images\final_extracted\1-200\150.img.nii.gz,C:\Users\maksa\Desktop\диссертация\data\data\segmentation\ImageCAS_CT\ImageCAS-STACOM2025-02-10-2025\segmentations\150.img.nii.gz,30,ImageCAS,unassigned,cardiac_ct,axial,0,public,True,0.40234375,0.40234375
ImageCAS_150,150,static,C:\Users\maksa\Desktop\диссертация\data\data\segmentation\ImageCAS_CT\raw_images\final_extracted\1-200\150.img.nii.gz,C:\Users\maksa\Desktop\диссертация\data\data\segmentation\ImageCAS_CT\ImageCAS-STACOM2025-02-10-2025\segmentations\150.img.nii.gz,61,ImageCAS,unassigned,cardiac_ct,axial,0,public,True,0.40234375,0.40234375
ImageCAS_150,150,static,C:\Users\maksa\Desktop\диссертация\data\data\segmentation\ImageCAS_CT\raw_images\final_extracted\1-200\150.img.nii.gz,C:\Users\maksa\Desktop\диссертация\data\data\segmentation\ImageCAS_CT\ImageCAS-STACOM2025-02-10-2025\segmentations\150.img.nii.gz,91,ImageCAS,unassigned,cardiac_ct,axial,0,public,True,0.40234375,0.40234375
ImageCAS_150,150,static,C:\Users\maksa\Desktop\диссертация\data\data\segmentation\ImageCAS_CT\raw_images\final_extracted\1-200\150.img.nii.gz,C:\Users\maksa\Desktop\диссертация\data\data\segmentation\ImageCAS_CT\ImageCAS-STACOM2025-02-10-2025\segmentations\150.img.nii.gz,122,ImageCAS,unassigned,cardiac_ct,axial,0,public,True,0.40234375,0.40234375
ImageCAS_150,150,static,C:\Users\maksa\Desktop\диссертация\data\data\segmentation\ImageCAS_CT\raw_images\final_extracted\1-200\150.img.nii.gz,C:\Users\maksa\Desktop\диссертация\data\data\segmentation\ImageCAS_CT\ImageCAS-STACOM2025-02-10-2025\segmentations\150.img.nii.gz,152,ImageCAS,unassigned,cardiac_ct,axial,0,public,True,0.40234375,0.40234375
ImageCAS_150,150,static,C:\Users\maksa\Desktop\диссертация\data\data\segmentation\ImageCAS_CT\raw_images\final_extracted\1-200\150.img.nii.gz,C:\Users\maksa\Desktop\диссертация\data\data\segmentation\ImageCAS_CT\ImageCAS-STACOM2025-02-10-2025\segmentations\150.img.nii.gz,183,ImageCAS,unassigned,cardiac_ct,axial,0,public,True,0.40234375,0.40234375
ImageCAS_150,150,static,C:\Users\maksa\Desktop\диссертация\data\data\segmentation\ImageCAS_CT\raw_images\final_extracted\1-200\150.img.nii.gz,C:\Users\maksa\Desktop\диссертация\data\data\segmentation\ImageCAS_CT\ImageCAS-STACOM2025-02-10-2025\segmentations\150.img.nii.gz,213,ImageCAS,unassigned,cardiac_ct,axial,0,public,True,0.40234375,0.40234375
ImageCAS_150,150,static,C:\Users\maksa\Desktop\диссертация\data\data\segmentation\ImageCAS_CT\raw_images\final_extracted\1-200\150.img.nii.gz,C:\Users\maksa\Desktop\диссертация\data\data\segmentation\ImageCAS_CT\ImageCAS-STACOM2025-02-10-2025\segmentations\150.img.nii.gz,244,ImageCAS,unassigned,cardiac_ct,axial,0,public,True,0.40234375,0.40234375
ImageCAS_150,150,static,C:\Users\maksa\Desktop\диссертация\data\data\segmentation\ImageCAS_CT\raw_images\final_extracted\1-200\150.img.nii.gz,C:\Users\maksa\Desktop\диссертация\data\data\segmentation\ImageCAS_CT\ImageCAS-STACOM2025-02-10-2025\segmentations\150.img.nii.gz,274,ImageCAS,unassigned,cardiac_ct,axial,0,public,True,0.40234375,0.40234375
ImageCAS_153,153,static,C:\Users\maksa\Desktop\диссертация\data\data\segmentation\ImageCAS_CT\raw_images\final_extracted\1-200\153.img.nii.gz,C:\Users\maksa\Desktop\диссертация\data\data\segmentation\ImageCAS_CT\ImageCAS-STACOM2025-02-10-2025\segmentations\153.img.nii.gz,0,ImageCAS,unassigned,cardiac_ct,axial,0,public,True,0.376953125,0.376953125
ImageCAS_153,153,static,C:\Users\maksa\Desktop\диссертация\data\data\segmentation\ImageCAS_CT\raw_images\final_extracted\1-200\153.img.nii.gz,C:\Users\maksa\Desktop\диссертация\data\data\segmentation\ImageCAS_CT\ImageCAS-STACOM2025-02-10-2025\segmentations\153.img.nii.gz,30,ImageCAS,unassigned,cardiac_ct,axial,0,public,True,0.376953125,0.376953125
ImageCAS_153,153,static,C:\Users\maksa\Desktop\диссертация\data\data\segmentation\ImageCAS_CT\raw_images\final_extracted\1-200\153.img.nii.gz,C:\Users\maksa\Desktop\диссертация\data\data\segmentation\ImageCAS_CT\ImageCAS-STACOM2025-02-10-2025\segmentations\153.img.nii.gz,61,ImageCAS,unassigned,cardiac_ct,axial,0,public,True,0.376953125,0.376953125
ImageCAS_153,153,static,C:\Users\maksa\Desktop\диссертация\data\data\segmentation\ImageCAS_CT\raw_images\final_extracted\1-200\153.img.nii.gz,C:\Users\maksa\Desktop\диссертация\data\data\segmentation\ImageCAS_CT\ImageCAS-STACOM2025-02-10-2025\segmentations\153.img.nii.gz,91,ImageCAS,unassigned,cardiac_ct,axial,0,public,True,0.376953125,0.376953125
ImageCAS_153,153,static,C:\Users\maksa\Desktop\диссертация\data\data\segmentation\ImageCAS_CT\raw_images\final_extracted\1-200\153.img.nii.gz,C:\Users\maksa\Desktop\диссертация\data\data\segmentation\ImageCAS_CT\ImageCAS-STACOM2025-02-10-2025\segmentations\153.img.nii.gz,122,ImageCAS,unassigned,cardiac_ct,axial,0,public,True,0.376953125,0.376953125
ImageCAS_153,153,static,C:\Users\maksa\Desktop\диссертация\data\data\segmentation\ImageCAS_CT\raw_images\final_extracted\1-200\153.img.nii.gz,C:\Users\maksa\Desktop\диссертация\data\data\segmentation\ImageCAS_CT\ImageCAS-STACOM2025-02-10-2025\segmentations\153.img.nii.gz,152,ImageCAS,unassigned,cardiac_ct,axial,0,public,True,0.376953125,0.376953125
ImageCAS_153,153,static,C:\Users\maksa\Desktop\диссертация\data\data\segmentation\ImageCAS_CT\raw_images\final_extracted\1-200\153.img.nii.gz,C:\Users\maksa\Desktop\диссертация\data\data\segmentation\ImageCAS_CT\ImageCAS-STACOM2025-02-10-2025\segmentations\153.img.nii.gz,183,ImageCAS,unassigned,cardiac_ct,axial,0,public,True,0.376953125,0.376953125
ImageCAS_153,153,static,C:\Users\maksa\Desktop\диссертация\data\data\segmentation\ImageCAS_CT\raw_images\final_extracted\1-200\153.img.nii.gz,C:\Users\maksa\Desktop\диссертация\data\data\segmentation\ImageCAS_CT\ImageCAS-STACOM2025-02-10-2025\segmentations\153.img.nii.gz,213,ImageCAS,unassigned,cardiac_ct,axial,0,public,True,0.376953125,0.376953125
ImageCAS_153,153,static,C:\Users\maksa\Desktop\диссертация\data\data\segmentation\ImageCAS_CT\raw_images\final_extracted\1-200\153.img.nii.gz,C:\Users\maksa\Desktop\диссертация\data\data\segmentation\ImageCAS_CT\ImageCAS-STACOM2025-02-10-2025\segmentations\153.img.nii.gz,244,ImageCAS,unassigned,cardiac_ct,axial,0,public,True,0.376953125,0.376953125
ImageCAS_153,153,static,C:\Users\maksa\Desktop\диссертация\data\data\segmentation\ImageCAS_CT\raw_images\final_extracted\1-200\153.img.nii.gz,C:\Users\maksa\Desktop\диссертация\data\data\segmentation\ImageCAS_CT\ImageCAS-STACOM2025-02-10-2025\segmentations\153.img.nii.gz,274,ImageCAS,unassigned,cardiac_ct,axial,0,public,True,0.376953125,0.376953125
ImageCAS_156,156,static,C:\Users\maksa\Desktop\диссертация\data\data\segmentation\ImageCAS_CT\raw_images\final_extracted\1-200\156.img.nii.gz,C:\Users\maksa\Desktop\диссертация\data\data\segmentation\ImageCAS_CT\ImageCAS-STACOM2025-02-10-2025\segmentations\156.img.nii.gz,0,ImageCAS,unassigned,cardiac_ct,axial,0,public,True,0.318359375,0.318359375
ImageCAS_156,156,static,C:\Users\maksa\Desktop\диссертация\data\data\segmentation\ImageCAS_CT\raw_images\final_extracted\1-200\156.img.nii.gz,C:\Users\maksa\Desktop\диссертация\data\data\segmentation\ImageCAS_CT\ImageCAS-STACOM2025-02-10-2025\segmentations\156.img.nii.gz,23,ImageCAS,unassigned,cardiac_ct,axial,0,public,True,0.318359375,0.318359375
ImageCAS_156,156,static,C:\Users\maksa\Desktop\диссертация\data\data\segmentation\ImageCAS_CT\raw_images\final_extracted\1-200\156.img.nii.gz,C:\Users\maksa\Desktop\диссертация\data\data\segmentation\ImageCAS_CT\ImageCAS-STACOM2025-02-10-2025\segmentations\156.img.nii.gz,46,ImageCAS,unassigned,cardiac_ct,axial,0,public,True,0.318359375,0.318359375
ImageCAS_156,156,static,C:\Users\maksa\Desktop\диссертация\data\data\segmentation\ImageCAS_CT\raw_images\final_extracted\1-200\156.img.nii.gz,C:\Users\maksa\Desktop\диссертация\data\data\segmentation\ImageCAS_CT\ImageCAS-STACOM2025-02-10-2025\segmentations\156.img.nii.gz,68,ImageCAS,unassigned,cardiac_ct,axial,0,public,True,0.318359375,0.318359375
ImageCAS_156,156,static,C:\Users\maksa\Desktop\диссертация\data\data\segmentation\ImageCAS_CT\raw_images\final_extracted\1-200\156.img.nii.gz,C:\Users\maksa\Desktop\диссертация\data\data\segmentation\ImageCAS_CT\ImageCAS-STACOM2025-02-10-2025\segmentations\156.img.nii.gz,91,ImageCAS,unassigned,cardiac_ct,axial,0,public,True,0.318359375,0.318359375
ImageCAS_156,156,static,C:\Users\maksa\Desktop\диссертация\data\data\segmentation\ImageCAS_CT\raw_images\final_extracted\1-200\156.img.nii.gz,C:\Users\maksa\Desktop\диссертация\data\data\segmentation\ImageCAS_CT\ImageCAS-STACOM2025-02-10-2025\segmentations\156.img.nii.gz,114,ImageCAS,unassigned,cardiac_ct,axial,0,public,True,0.318359375,0.318359375
ImageCAS_156,156,static,C:\Users\maksa\Desktop\диссертация\data\data\segmentation\ImageCAS_CT\raw_images\final_extracted\1-200\156.img.nii.gz,C:\Users\maksa\Desktop\диссертация\data\data\segmentation\ImageCAS_CT\ImageCAS-STACOM2025-02-10-2025\segmentations\156.img.nii.gz,137,ImageCAS,unassigned,cardiac_ct,axial,0,public,True,0.318359375,0.318359375
ImageCAS_156,156,static,C:\Users\maksa\Desktop\диссертация\data\data\segmentation\ImageCAS_CT\raw_images\final_extracted\1-200\156.img.nii.gz,C:\Users\maksa\Desktop\диссертация\data\data\segmentation\ImageCAS_CT\ImageCAS-STACOM2025-02-10-2025\segmentations\156.img.nii.gz,159,ImageCAS,unassigned,cardiac_ct,axial,0,public,True,0.318359375,0.318359375
ImageCAS_156,156,static,C:\Users\maksa\Desktop\диссертация\data\data\segmentation\ImageCAS_CT\raw_images\final_extracted\1-200\156.img.nii.gz,C:\Users\maksa\Desktop\диссертация\data\data\segmentation\ImageCAS_CT\ImageCAS-STACOM2025-02-10-2025\segmentations\156.img.nii.gz,182,ImageCAS,unassigned,cardiac_ct,axial,0,public,True,0.318359375,0.318359375
ImageCAS_156,156,static,C:\Users\maksa\Desktop\диссертация\data\data\segmentation\ImageCAS_CT\raw_images\final_extracted\1-200\156.img.nii.gz,C:\Users\maksa\Desktop\диссертация\data\data\segmentation\ImageCAS_CT\ImageCAS-STACOM2025-02-10-2025\segmentations\156.img.nii.gz,205,ImageCAS,unassigned,cardiac_ct,axial,0,public,True,0.318359375,0.318359375
ImageCAS_157,157,static,C:\Users\maksa\Desktop\диссертация\data\data\segmentation\ImageCAS_CT\raw_images\final_extracted\1-200\157.img.nii.gz,C:\Users\maksa\Desktop\диссертация\data\data\segmentation\ImageCAS_CT\ImageCAS-STACOM2025-02-10-2025\segmentations\157.img.nii.gz,0,ImageCAS,unassigned,cardiac_ct,axial,0,public,True,0.328125,0.328125
ImageCAS_157,157,static,C:\Users\maksa\Desktop\диссертация\data\data\segmentation\ImageCAS_CT\raw_images\final_extracted\1-200\157.img.nii.gz,C:\Users\maksa\Desktop\диссертация\data\data\segmentation\ImageCAS_CT\ImageCAS-STACOM2025-02-10-2025\segmentations\157.img.nii.gz,30,ImageCAS,unassigned,cardiac_ct,axial,0,public,True,0.328125,0.328125
ImageCAS_157,157,static,C:\Users\maksa\Desktop\диссертация\data\data\segmentation\ImageCAS_CT\raw_images\final_extracted\1-200\157.img.nii.gz,C:\Users\maksa\Desktop\диссертация\data\data\segmentation\ImageCAS_CT\ImageCAS-STACOM2025-02-10-2025\segmentations\157.img.nii.gz,61,ImageCAS,unassigned,cardiac_ct,axial,0,public,True,0.328125,0.328125
ImageCAS_157,157,static,C:\Users\maksa\Desktop\диссертация\data\data\segmentation\ImageCAS_CT\raw_images\final_extracted\1-200\157.img.nii.gz,C:\Users\maksa\Desktop\диссертация\data\data\segmentation\ImageCAS_CT\ImageCAS-STACOM2025-02-10-2025\segmentations\157.img.nii.gz,91,ImageCAS,unassigned,cardiac_ct,axial,0,public,True,0.328125,0.328125
ImageCAS_157,157,static,C:\Users\maksa\Desktop\диссертация\data\data\segmentation\ImageCAS_CT\raw_images\final_extracted\1-200\157.img.nii.gz,C:\Users\maksa\Desktop\диссертация\data\data\segmentation\ImageCAS_CT\ImageCAS-STACOM2025-02-10-2025\segmentations\157.img.nii.gz,122,ImageCAS,unassigned,cardiac_ct,axial,0,public,True,0.328125,0.328125
ImageCAS_157,157,static,C:\Users\maksa\Desktop\диссертация\data\data\segmentation\ImageCAS_CT\raw_images\final_extracted\1-200\157.img.nii.gz,C:\Users\maksa\Desktop\диссертация\data\data\segmentation\ImageCAS_CT\ImageCAS-STACOM2025-02-10-2025\segmentations\157.img.nii.gz,152,ImageCAS,unassigned,cardiac_ct,axial,0,public,True,0.328125,0.328125
ImageCAS_157,157,static,C:\Users\maksa\Desktop\диссертация\data\data\segmentation\ImageCAS_CT\raw_images\final_extracted\1-200\157.img.nii.gz,C:\Users\maksa\Desktop\диссертация\data\data\segmentation\ImageCAS_CT\ImageCAS-STACOM2025-02-10-2025\segmentations\157.img.nii.gz,183,ImageCAS,unassigned,cardiac_ct,axial,0,public,True,0.328125,0.328125
ImageCAS_157,157,static,C:\Users\maksa\Desktop\диссертация\data\data\segmentation\ImageCAS_CT\raw_images\final_extracted\1-200\157.img.nii.gz,C:\Users\maksa\Desktop\диссертация\data\data\segmentation\ImageCAS_CT\ImageCAS-STACOM2025-02-10-2025\segmentations\157.img.nii.gz,213,ImageCAS,unassigned,cardiac_ct,axial,0,public,True,0.328125,0.328125
ImageCAS_157,157,static,C:\Users\maksa\Desktop\диссертация\data\data\segmentation\ImageCAS_CT\raw_images\final_extracted\1-200\157.img.nii.gz,C:\Users\maksa\Desktop\диссертация\data\data\segmentation\ImageCAS_CT\ImageCAS-STACOM2025-02-10-2025\segmentations\157.img.nii.gz,244,ImageCAS,unassigned,cardiac_ct,axial,0,public,True,0.328125,0.328125
ImageCAS_157,157,static,C:\Users\maksa\Desktop\диссертация\data\data\segmentation\ImageCAS_CT\raw_images\final_extracted\1-200\157.img.nii.gz,C:\Users\maksa\Desktop\диссертация\data\data\segmentation\ImageCAS_CT\ImageCAS-STACOM2025-02-10-2025\segmentations\157.img.nii.gz,274,ImageCAS,unassigned,cardiac_ct,axial,0,public,True,0.328125,0.328125
ImageCAS_159,159,static,C:\Users\maksa\Desktop\диссертация\data\data\segmentation\ImageCAS_CT\raw_images\final_extracted\1-200\159.img.nii.gz,C:\Users\maksa\Desktop\диссертация\data\data\segmentation\ImageCAS_CT\ImageCAS-STACOM2025-02-10-2025\segmentations\159.img.nii.gz,0,ImageCAS,unassigned,cardiac_ct,axial,0,public,True,0.36328125,0.36328125
ImageCAS_159,159,static,C:\Users\maksa\Desktop\диссертация\data\data\segmentation\ImageCAS_CT\raw_images\final_extracted\1-200\159.img.nii.gz,C:\Users\maksa\Desktop\диссертация\data\data\segmentation\ImageCAS_CT\ImageCAS-STACOM2025-02-10-2025\segmentations\159.img.nii.gz,30,ImageCAS,unassigned,cardiac_ct,axial,0,public,True,0.36328125,0.36328125
ImageCAS_159,159,static,C:\Users\maksa\Desktop\диссертация\data\data\segmentation\ImageCAS_CT\raw_images\final_extracted\1-200\159.img.nii.gz,C:\Users\maksa\Desktop\диссертация\data\data\segmentation\ImageCAS_CT\ImageCAS-STACOM2025-02-10-2025\segmentations\159.img.nii.gz,61,ImageCAS,unassigned,cardiac_ct,axial,0,public,True,0.36328125,0.36328125
ImageCAS_159,159,static,C:\Users\maksa\Desktop\диссертация\data\data\segmentation\ImageCAS_CT\raw_images\final_extracted\1-200\159.img.nii.gz,C:\Users\maksa\Desktop\диссертация\data\data\segmentation\ImageCAS_CT\ImageCAS-STACOM2025-02-10-2025\segmentations\159.img.nii.gz,91,ImageCAS,unassigned,cardiac_ct,axial,0,public,True,0.36328125,0.36328125
ImageCAS_159,159,static,C:\Users\maksa\Desktop\диссертация\data\data\segmentation\ImageCAS_CT\raw_images\final_extracted\1-200\159.img.nii.gz,C:\Users\maksa\Desktop\диссертация\data\data\segmentation\ImageCAS_CT\ImageCAS-STACOM2025-02-10-2025\segmentations\159.img.nii.gz,122,ImageCAS,unassigned,cardiac_ct,axial,0,public,True,0.36328125,0.36328125
ImageCAS_159,159,static,C:\Users\maksa\Desktop\диссертация\data\data\segmentation\ImageCAS_CT\raw_images\final_extracted\1-200\159.img.nii.gz,C:\Users\maksa\Desktop\диссертация\data\data\segmentation\ImageCAS_CT\ImageCAS-STACOM2025-02-10-2025\segmentations\159.img.nii.gz,152,ImageCAS,unassigned,cardiac_ct,axial,0,public,True,0.36328125,0.36328125
ImageCAS_159,159,static,C:\Users\maksa\Desktop\диссертация\data\data\segmentation\ImageCAS_CT\raw_images\final_extracted\1-200\159.img.nii.gz,C:\Users\maksa\Desktop\диссертация\data\data\segmentation\ImageCAS_CT\ImageCAS-STACOM2025-02-10-2025\segmentations\159.img.nii.gz,183,ImageCAS,unassigned,cardiac_ct,axial,0,public,True,0.36328125,0.36328125
ImageCAS_159,159,static,C:\Users\maksa\Desktop\диссертация\data\data\segmentation\ImageCAS_CT\raw_images\final_extracted\1-200\159.img.nii.gz,C:\Users\maksa\Desktop\диссертация\data\data\segmentation\ImageCAS_CT\ImageCAS-STACOM2025-02-10-2025\segmentations\159.img.nii.gz,213,ImageCAS,unassigned,cardiac_ct,axial,0,public,True,0.36328125,0.36328125
ImageCAS_159,159,static,C:\Users\maksa\Desktop\диссертация\data\data\segmentation\ImageCAS_CT\raw_images\final_extracted\1-200\159.img.nii.gz,C:\Users\maksa\Desktop\диссертация\data\data\segmentation\ImageCAS_CT\ImageCAS-STACOM2025-02-10-2025\segmentations\159.img.nii.gz,244,ImageCAS,unassigned,cardiac_ct,axial,0,public,True,0.36328125,0.36328125
ImageCAS_159,159,static,C:\Users\maksa\Desktop\диссертация\data\data\segmentation\ImageCAS_CT\raw_images\final_extracted\1-200\159.img.nii.gz,C:\Users\maksa\Desktop\диссертация\data\data\segmentation\ImageCAS_CT\ImageCAS-STACOM2025-02-10-2025\segmentations\159.img.nii.gz,274,ImageCAS,unassigned,cardiac_ct,axial,0,public,True,0.36328125,0.36328125
ImageCAS_16,16,static,C:\Users\maksa\Desktop\диссертация\data\data\segmentation\ImageCAS_CT\raw_images\final_extracted\1-200\16.img.nii.gz,C:\Users\maksa\Desktop\диссертация\data\data\segmentation\ImageCAS_CT\ImageCAS-STACOM2025-02-10-2025\segmentations\16.img.nii.gz,0,ImageCAS,unassigned,cardiac_ct,axial,0,public,True,0.390625,0.390625
ImageCAS_16,16,static,C:\Users\maksa\Desktop\диссертация\data\data\segmentation\ImageCAS_CT\raw_images\final_extracted\1-200\16.img.nii.gz,C:\Users\maksa\Desktop\диссертация\data\data\segmentation\ImageCAS_CT\ImageCAS-STACOM2025-02-10-2025\segmentations\16.img.nii.gz,30,ImageCAS,unassigned,cardiac_ct,axial,0,public,True,0.390625,0.390625
ImageCAS_16,16,static,C:\Users\maksa\Desktop\диссертация\data\data\segmentation\ImageCAS_CT\raw_images\final_extracted\1-200\16.img.nii.gz,C:\Users\maksa\Desktop\диссертация\data\data\segmentation\ImageCAS_CT\ImageCAS-STACOM2025-02-10-2025\segmentations\16.img.nii.gz,61,ImageCAS,unassigned,cardiac_ct,axial,0,public,True,0.390625,0.390625
ImageCAS_16,16,static,C:\Users\maksa\Desktop\диссертация\data\data\segmentation\ImageCAS_CT\raw_images\final_extracted\1-200\16.img.nii.gz,C:\Users\maksa\Desktop\диссертация\data\data\segmentation\ImageCAS_CT\ImageCAS-STACOM2025-02-10-2025\segmentations\16.img.nii.gz,91,ImageCAS,unassigned,cardiac_ct,axial,0,public,True,0.390625,0.390625
ImageCAS_16,16,static,C:\Users\maksa\Desktop\диссертация\data\data\segmentation\ImageCAS_CT\raw_images\final_extracted\1-200\16.img.nii.gz,C:\Users\maksa\Desktop\диссертация\data\data\segmentation\ImageCAS_CT\ImageCAS-STACOM2025-02-10-2025\segmentations\16.img.nii.gz,122,ImageCAS,unassigned,cardiac_ct,axial,0,public,True,0.390625,0.390625
ImageCAS_16,16,static,C:\Users\maksa\Desktop\диссертация\data\data\segmentation\ImageCAS_CT\raw_images\final_extracted\1-200\16.img.nii.gz,C:\Users\maksa\Desktop\диссертация\data\data\segmentation\ImageCAS_CT\ImageCAS-STACOM2025-02-10-2025\segmentations\16.img.nii.gz,152,ImageCAS,unassigned,cardiac_ct,axial,0,public,True,0.390625,0.390625
ImageCAS_16,16,static,C:\Users\maksa\Desktop\диссертация\data\data\segmentation\ImageCAS_CT\raw_images\final_extracted\1-200\16.img.nii.gz,C:\Users\maksa\Desktop\диссертация\data\data\segmentation\ImageCAS_CT\ImageCAS-STACOM2025-02-10-2025\segmentations\16.img.nii.gz,183,ImageCAS,unassigned,cardiac_ct,axial,0,public,True,0.390625,0.390625
ImageCAS_16,16,static,C:\Users\maksa\Desktop\диссертация\data\data\segmentation\ImageCAS_CT\raw_images\final_extracted\1-200\16.img.nii.gz,C:\Users\maksa\Desktop\диссертация\data\data\segmentation\ImageCAS_CT\ImageCAS-STACOM2025-02-10-2025\segmentations\16.img.nii.gz,213,ImageCAS,unassigned,cardiac_ct,axial,0,public,True,0.390625,0.390625
ImageCAS_16,16,static,C:\Users\maksa\Desktop\диссертация\data\data\segmentation\ImageCAS_CT\raw_images\final_extracted\1-200\16.img.nii.gz,C:\Users\maksa\Desktop\диссертация\data\data\segmentation\ImageCAS_CT\ImageCAS-STACOM2025-02-10-2025\segmentations\16.img.nii.gz,244,ImageCAS,unassigned,cardiac_ct,axial,0,public,True,0.390625,0.390625
ImageCAS_16,16,static,C:\Users\maksa\Desktop\диссертация\data\data\segmentation\ImageCAS_CT\raw_images\final_extracted\1-200\16.img.nii.gz,C:\Users\maksa\Desktop\диссертация\data\data\segmentation\ImageCAS_CT\ImageCAS-STACOM2025-02-10-2025\segmentations\16.img.nii.gz,274,ImageCAS,unassigned,cardiac_ct,axial,0,public,True,0.390625,0.390625
ImageCAS_160,160,static,C:\Users\maksa\Desktop\диссертация\data\data\segmentation\ImageCAS_CT\raw_images\final_extracted\1-200\160.img.nii.gz,C:\Users\maksa\Desktop\диссертация\data\data\segmentation\ImageCAS_CT\ImageCAS-STACOM2025-02-10-2025\segmentations\160.img.nii.gz,0,ImageCAS,unassigned,cardiac_ct,axial,0,public,True,0.318359375,0.318359375
ImageCAS_160,160,static,C:\Users\maksa\Desktop\диссертация\data\data\segmentation\ImageCAS_CT\raw_images\final_extracted\1-200\160.img.nii.gz,C:\Users\maksa\Desktop\диссертация\data\data\segmentation\ImageCAS_CT\ImageCAS-STACOM2025-02-10-2025\segmentations\160.img.nii.gz,24,ImageCAS,unassigned,cardiac_ct,axial,0,public,True,0.318359375,0.318359375
ImageCAS_160,160,static,C:\Users\maksa\Desktop\диссертация\data\data\segmentation\ImageCAS_CT\raw_images\final_extracted\1-200\160.img.nii.gz,C:\Users\maksa\Desktop\диссертация\data\data\segmentation\ImageCAS_CT\ImageCAS-STACOM2025-02-10-2025\segmentations\160.img.nii.gz,48,ImageCAS,unassigned,cardiac_ct,axial,0,public,True,0.318359375,0.318359375
ImageCAS_160,160,static,C:\Users\maksa\Desktop\диссертация\data\data\segmentation\ImageCAS_CT\raw_images\final_extracted\1-200\160.img.nii.gz,C:\Users\maksa\Desktop\диссертация\data\data\segmentation\ImageCAS_CT\ImageCAS-STACOM2025-02-10-2025\segmentations\160.img.nii.gz,73,ImageCAS,unassigned,cardiac_ct,axial,0,public,True,0.318359375,0.318359375
ImageCAS_160,160,static,C:\Users\maksa\Desktop\диссертация\data\data\segmentation\ImageCAS_CT\raw_images\final_extracted\1-200\160.img.nii.gz,C:\Users\maksa\Desktop\диссертация\data\data\segmentation\ImageCAS_CT\ImageCAS-STACOM2025-02-10-2025\segmentations\160.img.nii.gz,97,ImageCAS,unassigned,cardiac_ct,axial,0,public,True,0.318359375,0.318359375
ImageCAS_160,160,static,C:\Users\maksa\Desktop\диссертация\data\data\segmentation\ImageCAS_CT\raw_images\final_extracted\1-200\160.img.nii.gz,C:\Users\maksa\Desktop\диссертация\data\data\segmentation\ImageCAS_CT\ImageCAS-STACOM2025-02-10-2025\segmentations\160.img.nii.gz,121,ImageCAS,unassigned,cardiac_ct,axial,0,public,True,0.318359375,0.318359375
ImageCAS_160,160,static,C:\Users\maksa\Desktop\диссертация\data\data\segmentation\ImageCAS_CT\raw_images\final_extracted\1-200\160.img.nii.gz,C:\Users\maksa\Desktop\диссертация\data\data\segmentation\ImageCAS_CT\ImageCAS-STACOM2025-02-10-2025\segmentations\160.img.nii.gz,145,ImageCAS,unassigned,cardiac_ct,axial,0,public,True,0.318359375,0.318359375
ImageCAS_160,160,static,C:\Users\maksa\Desktop\диссертация\data\data\segmentation\ImageCAS_CT\raw_images\final_extracted\1-200\160.img.nii.gz,C:\Users\maksa\Desktop\диссертация\data\data\segmentation\ImageCAS_CT\ImageCAS-STACOM2025-02-10-2025\segmentations\160.img.nii.gz,170,ImageCAS,unassigned,cardiac_ct,axial,0,public,True,0.318359375,0.318359375
ImageCAS_160,160,static,C:\Users\maksa\Desktop\диссертация\data\data\segmentation\ImageCAS_CT\raw_images\final_extracted\1-200\160.img.nii.gz,C:\Users\maksa\Desktop\диссертация\data\data\segmentation\ImageCAS_CT\ImageCAS-STACOM2025-02-10-2025\segmentations\160.img.nii.gz,194,ImageCAS,unassigned,cardiac_ct,axial,0,public,True,0.318359375,0.318359375
ImageCAS_160,160,static,C:\Users\maksa\Desktop\диссертация\data\data\segmentation\ImageCAS_CT\raw_images\final_extracted\1-200\160.img.nii.gz,C:\Users\maksa\Desktop\диссертация\data\data\segmentation\ImageCAS_CT\ImageCAS-STACOM2025-02-10-2025\segmentations\160.img.nii.gz,218,ImageCAS,unassigned,cardiac_ct,axial,0,public,True,0.318359375,0.318359375
ImageCAS_161,161,static,C:\Users\maksa\Desktop\диссертация\data\data\segmentation\ImageCAS_CT\raw_images\final_extracted\1-200\161.img.nii.gz,C:\Users\maksa\Desktop\диссертация\data\data\segmentation\ImageCAS_CT\ImageCAS-STACOM2025-02-10-2025\segmentations\161.img.nii.gz,0,ImageCAS,unassigned,cardiac_ct,axial,0,public,True,0.36328125,0.36328125
ImageCAS_161,161,static,C:\Users\maksa\Desktop\диссертация\data\data\segmentation\ImageCAS_CT\raw_images\final_extracted\1-200\161.img.nii.gz,C:\Users\maksa\Desktop\диссертация\data\data\segmentation\ImageCAS_CT\ImageCAS-STACOM2025-02-10-2025\segmentations\161.img.nii.gz,26,ImageCAS,unassigned,cardiac_ct,axial,0,public,True,0.36328125,0.36328125
ImageCAS_161,161,static,C:\Users\maksa\Desktop\диссертация\data\data\segmentation\ImageCAS_CT\raw_images\final_extracted\1-200\161.img.nii.gz,C:\Users\maksa\Desktop\диссертация\data\data\segmentation\ImageCAS_CT\ImageCAS-STACOM2025-02-10-2025\segmentations\161.img.nii.gz,52,ImageCAS,unassigned,cardiac_ct,axial,0,public,True,0.36328125,0.36328125
ImageCAS_161,161,static,C:\Users\maksa\Desktop\диссертация\data\data\segmentation\ImageCAS_CT\raw_images\final_extracted\1-200\161.img.nii.gz,C:\Users\maksa\Desktop\диссертация\data\data\segmentation\ImageCAS_CT\ImageCAS-STACOM2025-02-10-2025\segmentations\161.img.nii.gz,77,ImageCAS,unassigned,cardiac_ct,axial,0,public,True,0.36328125,0.36328125
ImageCAS_161,161,static,C:\Users\maksa\Desktop\диссертация\data\data\segmentation\ImageCAS_CT\raw_images\final_extracted\1-200\161.img.nii.gz,C:\Users\maksa\Desktop\диссертация\data\data\segmentation\ImageCAS_CT\ImageCAS-STACOM2025-02-10-2025\segmentations\161.img.nii.gz,103,ImageCAS,unassigned,cardiac_ct,axial,0,public,True,0.36328125,0.36328125
ImageCAS_161,161,static,C:\Users\maksa\Desktop\диссертация\data\data\segmentation\ImageCAS_CT\raw_images\final_extracted\1-200\161.img.nii.gz,C:\Users\maksa\Desktop\диссертация\data\data\segmentation\ImageCAS_CT\ImageCAS-STACOM2025-02-10-2025\segmentations\161.img.nii.gz,129,ImageCAS,unassigned,cardiac_ct,axial,0,public,True,0.36328125,0.36328125
ImageCAS_161,161,static,C:\Users\maksa\Desktop\диссертация\data\data\segmentation\ImageCAS_CT\raw_images\final_extracted\1-200\161.img.nii.gz,C:\Users\maksa\Desktop\диссертация\data\data\segmentation\ImageCAS_CT\ImageCAS-STACOM2025-02-10-2025\segmentations\161.img.nii.gz,155,ImageCAS,unassigned,cardiac_ct,axial,0,public,True,0.36328125,0.36328125
ImageCAS_161,161,static,C:\Users\maksa\Desktop\диссертация\data\data\segmentation\ImageCAS_CT\raw_images\final_extracted\1-200\161.img.nii.gz,C:\Users\maksa\Desktop\диссертация\data\data\segmentation\ImageCAS_CT\ImageCAS-STACOM2025-02-10-2025\segmentations\161.img.nii.gz,180,ImageCAS,unassigned,cardiac_ct,axial,0,public,True,0.36328125,0.36328125
ImageCAS_161,161,static,C:\Users\maksa\Desktop\диссертация\data\data\segmentation\ImageCAS_CT\raw_images\final_extracted\1-200\161.img.nii.gz,C:\Users\maksa\Desktop\диссертация\data\data\segmentation\ImageCAS_CT\ImageCAS-STACOM2025-02-10-2025\segmentations\161.img.nii.gz,206,ImageCAS,unassigned,cardiac_ct,axial,0,public,True,0.36328125,0.36328125
ImageCAS_161,161,static,C:\Users\maksa\Desktop\диссертация\data\data\segmentation\ImageCAS_CT\raw_images\final_extracted\1-200\161.img.nii.gz,C:\Users\maksa\Desktop\диссертация\data\data\segmentation\ImageCAS_CT\ImageCAS-STACOM2025-02-10-2025\segmentations\161.img.nii.gz,232,ImageCAS,unassigned,cardiac_ct,axial,0,public,True,0.36328125,0.36328125
ImageCAS_163,163,static,C:\Users\maksa\Desktop\диссертация\data\data\segmentation\ImageCAS_CT\raw_images\final_extracted\1-200\163.img.nii.gz,C:\Users\maksa\Desktop\диссертация\data\data\segmentation\ImageCAS_CT\ImageCAS-STACOM2025-02-10-2025\segmentations\163.img.nii.gz,0,ImageCAS,unassigned,cardiac_ct,axial,0,public,True,0.392578125,0.392578125
ImageCAS_163,163,static,C:\Users\maksa\Desktop\диссертация\data\data\segmentation\ImageCAS_CT\raw_images\final_extracted\1-200\163.img.nii.gz,C:\Users\maksa\Desktop\диссертация\data\data\segmentation\ImageCAS_CT\ImageCAS-STACOM2025-02-10-2025\segmentations\163.img.nii.gz,30,ImageCAS,unassigned,cardiac_ct,axial,0,public,True,0.392578125,0.392578125
ImageCAS_163,163,static,C:\Users\maksa\Desktop\диссертация\data\data\segmentation\ImageCAS_CT\raw_images\final_extracted\1-200\163.img.nii.gz,C:\Users\maksa\Desktop\диссертация\data\data\segmentation\ImageCAS_CT\ImageCAS-STACOM2025-02-10-2025\segmentations\163.img.nii.gz,61,ImageCAS,unassigned,cardiac_ct,axial,0,public,True,0.392578125,0.392578125
ImageCAS_163,163,static,C:\Users\maksa\Desktop\диссертация\data\data\segmentation\ImageCAS_CT\raw_images\final_extracted\1-200\163.img.nii.gz,C:\Users\maksa\Desktop\диссертация\data\data\segmentation\ImageCAS_CT\ImageCAS-STACOM2025-02-10-2025\segmentations\163.img.nii.gz,91,ImageCAS,unassigned,cardiac_ct,axial,0,public,True,0.392578125,0.392578125
ImageCAS_163,163,static,C:\Users\maksa\Desktop\диссертация\data\data\segmentation\ImageCAS_CT\raw_images\final_extracted\1-200\163.img.nii.gz,C:\Users\maksa\Desktop\диссертация\data\data\segmentation\ImageCAS_CT\ImageCAS-STACOM2025-02-10-2025\segmentations\163.img.nii.gz,122,ImageCAS,unassigned,cardiac_ct,axial,0,public,True,0.392578125,0.392578125
ImageCAS_163,163,static,C:\Users\maksa\Desktop\диссертация\data\data\segmentation\ImageCAS_CT\raw_images\final_extracted\1-200\163.img.nii.gz,C:\Users\maksa\Desktop\диссертация\data\data\segmentation\ImageCAS_CT\ImageCAS-STACOM2025-02-10-2025\segmentations\163.img.nii.gz,152,ImageCAS,unassigned,cardiac_ct,axial,0,public,True,0.392578125,0.392578125
ImageCAS_163,163,static,C:\Users\maksa\Desktop\диссертация\data\data\segmentation\ImageCAS_CT\raw_images\final_extracted\1-200\163.img.nii.gz,C:\Users\maksa\Desktop\диссертация\data\data\segmentation\ImageCAS_CT\ImageCAS-STACOM2025-02-10-2025\segmentations\163.img.nii.gz,183,ImageCAS,unassigned,cardiac_ct,axial,0,public,True,0.392578125,0.392578125
ImageCAS_163,163,static,C:\Users\maksa\Desktop\диссертация\data\data\segmentation\ImageCAS_CT\raw_images\final_extracted\1-200\163.img.nii.gz,C:\Users\maksa\Desktop\диссертация\data\data\segmentation\ImageCAS_CT\ImageCAS-STACOM2025-02-10-2025\segmentations\163.img.nii.gz,213,ImageCAS,unassigned,cardiac_ct,axial,0,public,True,0.392578125,0.392578125
ImageCAS_163,163,static,C:\Users\maksa\Desktop\диссертация\data\data\segmentation\ImageCAS_CT\raw_images\final_extracted\1-200\163.img.nii.gz,C:\Users\maksa\Desktop\диссертация\data\data\segmentation\ImageCAS_CT\ImageCAS-STACOM2025-02-10-2025\segmentations\163.img.nii.gz,244,ImageCAS,unassigned,cardiac_ct,axial,0,public,True,0.392578125,0.392578125
ImageCAS_163,163,static,C:\Users\maksa\Desktop\диссертация\data\data\segmentation\ImageCAS_CT\raw_images\final_extracted\1-200\163.img.nii.gz,C:\Users\maksa\Desktop\диссертация\data\data\segmentation\ImageCAS_CT\ImageCAS-STACOM2025-02-10-2025\segmentations\163.img.nii.gz,274,ImageCAS,unassigned,cardiac_ct,axial,0,public,True,0.392578125,0.392578125
ImageCAS_164,164,static,C:\Users\maksa\Desktop\диссертация\data\data\segmentation\ImageCAS_CT\raw_images\final_extracted\1-200\164.img.nii.gz,C:\Users\maksa\Desktop\диссертация\data\data\segmentation\ImageCAS_CT\ImageCAS-STACOM2025-02-10-2025\segmentations\164.img.nii.gz,0,ImageCAS,unassigned,cardiac_ct,axial,0,public,True,0.341796875,0.341796875
ImageCAS_164,164,static,C:\Users\maksa\Desktop\диссертация\data\data\segmentation\ImageCAS_CT\raw_images\final_extracted\1-200\164.img.nii.gz,C:\Users\maksa\Desktop\диссертация\data\data\segmentation\ImageCAS_CT\ImageCAS-STACOM2025-02-10-2025\segmentations\164.img.nii.gz,26,ImageCAS,unassigned,cardiac_ct,axial,0,public,True,0.341796875,0.341796875
ImageCAS_164,164,static,C:\Users\maksa\Desktop\диссертация\data\data\segmentation\ImageCAS_CT\raw_images\final_extracted\1-200\164.img.nii.gz,C:\Users\maksa\Desktop\диссертация\data\data\segmentation\ImageCAS_CT\ImageCAS-STACOM2025-02-10-2025\segmentations\164.img.nii.gz,53,ImageCAS,unassigned,cardiac_ct,axial,0,public,True,0.341796875,0.341796875
ImageCAS_164,164,static,C:\Users\maksa\Desktop\диссертация\data\data\segmentation\ImageCAS_CT\raw_images\final_extracted\1-200\164.img.nii.gz,C:\Users\maksa\Desktop\диссертация\data\data\segmentation\ImageCAS_CT\ImageCAS-STACOM2025-02-10-2025\segmentations\164.img.nii.gz,79,ImageCAS,unassigned,cardiac_ct,axial,0,public,True,0.341796875,0.341796875
ImageCAS_164,164,static,C:\Users\maksa\Desktop\диссертация\data\data\segmentation\ImageCAS_CT\raw_images\final_extracted\1-200\164.img.nii.gz,C:\Users\maksa\Desktop\диссертация\data\data\segmentation\ImageCAS_CT\ImageCAS-STACOM2025-02-10-2025\segmentations\164.img.nii.gz,106,ImageCAS,unassigned,cardiac_ct,axial,0,public,True,0.341796875,0.341796875
ImageCAS_164,164,static,C:\Users\maksa\Desktop\диссертация\data\data\segmentation\ImageCAS_CT\raw_images\final_extracted\1-200\164.img.nii.gz,C:\Users\maksa\Desktop\диссертация\data\data\segmentation\ImageCAS_CT\ImageCAS-STACOM2025-02-10-2025\segmentations\164.img.nii.gz,132,ImageCAS,unassigned,cardiac_ct,axial,0,public,True,0.341796875,0.341796875
ImageCAS_164,164,static,C:\Users\maksa\Desktop\диссертация\data\data\segmentation\ImageCAS_CT\raw_images\final_extracted\1-200\164.img.nii.gz,C:\Users\maksa\Desktop\диссертация\data\data\segmentation\ImageCAS_CT\ImageCAS-STACOM2025-02-10-2025\segmentations\164.img.nii.gz,159,ImageCAS,unassigned,cardiac_ct,axial,0,public,True,0.341796875,0.341796875
ImageCAS_164,164,static,C:\Users\maksa\Desktop\диссертация\data\data\segmentation\ImageCAS_CT\raw_images\final_extracted\1-200\164.img.nii.gz,C:\Users\maksa\Desktop\диссертация\data\data\segmentation\ImageCAS_CT\ImageCAS-STACOM2025-02-10-2025\segmentations\164.img.nii.gz,185,ImageCAS,unassigned,cardiac_ct,axial,0,public,True,0.341796875,0.341796875
ImageCAS_164,164,static,C:\Users\maksa\Desktop\диссертация\data\data\segmentation\ImageCAS_CT\raw_images\final_extracted\1-200\164.img.nii.gz,C:\Users\maksa\Desktop\диссертация\data\data\segmentation\ImageCAS_CT\ImageCAS-STACOM2025-02-10-2025\segmentations\164.img.nii.gz,212,ImageCAS,unassigned,cardiac_ct,axial,0,public,True,0.341796875,0.341796875
ImageCAS_164,164,static,C:\Users\maksa\Desktop\диссертация\data\data\segmentation\ImageCAS_CT\raw_images\final_extracted\1-200\164.img.nii.gz,C:\Users\maksa\Desktop\диссертация\data\data\segmentation\ImageCAS_CT\ImageCAS-STACOM2025-02-10-2025\segmentations\164.img.nii.gz,238,ImageCAS,unassigned,cardiac_ct,axial,0,public,True,0.341796875,0.341796875
ImageCAS_165,165,static,C:\Users\maksa\Desktop\диссертация\data\data\segmentation\ImageCAS_CT\raw_images\final_extracted\1-200\165.img.nii.gz,C:\Users\maksa\Desktop\диссертация\data\data\segmentation\ImageCAS_CT\ImageCAS-STACOM2025-02-10-2025\segmentations\165.img.nii.gz,0,ImageCAS,unassigned,cardiac_ct,axial,0,public,True,0.3984375,0.3984375
ImageCAS_165,165,static,C:\Users\maksa\Desktop\диссертация\data\data\segmentation\ImageCAS_CT\raw_images\final_extracted\1-200\165.img.nii.gz,C:\Users\maksa\Desktop\диссертация\data\data\segmentation\ImageCAS_CT\ImageCAS-STACOM2025-02-10-2025\segmentations\165.img.nii.gz,30,ImageCAS,unassigned,cardiac_ct,axial,0,public,True,0.3984375,0.3984375
ImageCAS_165,165,static,C:\Users\maksa\Desktop\диссертация\data\data\segmentation\ImageCAS_CT\raw_images\final_extracted\1-200\165.img.nii.gz,C:\Users\maksa\Desktop\диссертация\data\data\segmentation\ImageCAS_CT\ImageCAS-STACOM2025-02-10-2025\segmentations\165.img.nii.gz,61,ImageCAS,unassigned,cardiac_ct,axial,0,public,True,0.3984375,0.3984375
ImageCAS_165,165,static,C:\Users\maksa\Desktop\диссертация\data\data\segmentation\ImageCAS_CT\raw_images\final_extracted\1-200\165.img.nii.gz,C:\Users\maksa\Desktop\диссертация\data\data\segmentation\ImageCAS_CT\ImageCAS-STACOM2025-02-10-2025\segmentations\165.img.nii.gz,91,ImageCAS,unassigned,cardiac_ct,axial,0,public,True,0.3984375,0.3984375
ImageCAS_165,165,static,C:\Users\maksa\Desktop\диссертация\data\data\segmentation\ImageCAS_CT\raw_images\final_extracted\1-200\165.img.nii.gz,C:\Users\maksa\Desktop\диссертация\data\data\segmentation\ImageCAS_CT\ImageCAS-STACOM2025-02-10-2025\segmentations\165.img.nii.gz,122,ImageCAS,unassigned,cardiac_ct,axial,0,public,True,0.3984375,0.3984375
ImageCAS_165,165,static,C:\Users\maksa\Desktop\диссертация\data\data\segmentation\ImageCAS_CT\raw_images\final_extracted\1-200\165.img.nii.gz,C:\Users\maksa\Desktop\диссертация\data\data\segmentation\ImageCAS_CT\ImageCAS-STACOM2025-02-10-2025\segmentations\165.img.nii.gz,152,ImageCAS,unassigned,cardiac_ct,axial,0,public,True,0.3984375,0.3984375
ImageCAS_165,165,static,C:\Users\maksa\Desktop\диссертация\data\data\segmentation\ImageCAS_CT\raw_images\final_extracted\1-200\165.img.nii.gz,C:\Users\maksa\Desktop\диссертация\data\data\segmentation\ImageCAS_CT\ImageCAS-STACOM2025-02-10-2025\segmentations\165.img.nii.gz,183,ImageCAS,unassigned,cardiac_ct,axial,0,public,True,0.3984375,0.3984375
ImageCAS_165,165,static,C:\Users\maksa\Desktop\диссертация\data\data\segmentation\ImageCAS_CT\raw_images\final_extracted\1-200\165.img.nii.gz,C:\Users\maksa\Desktop\диссертация\data\data\segmentation\ImageCAS_CT\ImageCAS-STACOM2025-02-10-2025\segmentations\165.img.nii.gz,213,ImageCAS,unassigned,cardiac_ct,axial,0,public,True,0.3984375,0.3984375
ImageCAS_165,165,static,C:\Users\maksa\Desktop\диссертация\data\data\segmentation\ImageCAS_CT\raw_images\final_extracted\1-200\165.img.nii.gz,C:\Users\maksa\Desktop\диссертация\data\data\segmentation\ImageCAS_CT\ImageCAS-STACOM2025-02-10-2025\segmentations\165.img.nii.gz,244,ImageCAS,unassigned,cardiac_ct,axial,0,public,True,0.3984375,0.3984375
ImageCAS_165,165,static,C:\Users\maksa\Desktop\диссертация\data\data\segmentation\ImageCAS_CT\raw_images\final_extracted\1-200\165.img.nii.gz,C:\Users\maksa\Desktop\диссертация\data\data\segmentation\ImageCAS_CT\ImageCAS-STACOM2025-02-10-2025\segmentations\165.img.nii.gz,274,ImageCAS,unassigned,cardiac_ct,axial,0,public,True,0.3984375,0.3984375
ImageCAS_166,166,static,C:\Users\maksa\Desktop\диссертация\data\data\segmentation\ImageCAS_CT\raw_images\final_extracted\1-200\166.img.nii.gz,C:\Users\maksa\Desktop\диссертация\data\data\segmentation\ImageCAS_CT\ImageCAS-STACOM2025-02-10-2025\segmentations\166.img.nii.gz,0,ImageCAS,unassigned,cardiac_ct,axial,0,public,True,0.396484375,0.396484375
ImageCAS_166,166,static,C:\Users\maksa\Desktop\диссертация\data\data\segmentation\ImageCAS_CT\raw_images\final_extracted\1-200\166.img.nii.gz,C:\Users\maksa\Desktop\диссертация\data\data\segmentation\ImageCAS_CT\ImageCAS-STACOM2025-02-10-2025\segmentations\166.img.nii.gz,29,ImageCAS,unassigned,cardiac_ct,axial,0,public,True,0.396484375,0.396484375
ImageCAS_166,166,static,C:\Users\maksa\Desktop\диссертация\data\data\segmentation\ImageCAS_CT\raw_images\final_extracted\1-200\166.img.nii.gz,C:\Users\maksa\Desktop\диссертация\data\data\segmentation\ImageCAS_CT\ImageCAS-STACOM2025-02-10-2025\segmentations\166.img.nii.gz,57,ImageCAS,unassigned,cardiac_ct,axial,0,public,True,0.396484375,0.396484375
ImageCAS_166,166,static,C:\Users\maksa\Desktop\диссертация\data\data\segmentation\ImageCAS_CT\raw_images\final_extracted\1-200\166.img.nii.gz,C:\Users\maksa\Desktop\диссертация\data\data\segmentation\ImageCAS_CT\ImageCAS-STACOM2025-02-10-2025\segmentations\166.img.nii.gz,86,ImageCAS,unassigned,cardiac_ct,axial,0,public,True,0.396484375,0.396484375
ImageCAS_166,166,static,C:\Users\maksa\Desktop\диссертация\data\data\segmentation\ImageCAS_CT\raw_images\final_extracted\1-200\166.img.nii.gz,C:\Users\maksa\Desktop\диссертация\data\data\segmentation\ImageCAS_CT\ImageCAS-STACOM2025-02-10-2025\segmentations\166.img.nii.gz,115,ImageCAS,unassigned,cardiac_ct,axial,0,public,True,0.396484375,0.396484375
ImageCAS_166,166,static,C:\Users\maksa\Desktop\диссертация\data\data\segmentation\ImageCAS_CT\raw_images\final_extracted\1-200\166.img.nii.gz,C:\Users\maksa\Desktop\диссертация\data\data\segmentation\ImageCAS_CT\ImageCAS-STACOM2025-02-10-2025\segmentations\166.img.nii.gz,143,ImageCAS,unassigned,cardiac_ct,axial,0,public,True,0.396484375,0.396484375
ImageCAS_166,166,static,C:\Users\maksa\Desktop\диссертация\data\data\segmentation\ImageCAS_CT\raw_images\final_extracted\1-200\166.img.nii.gz,C:\Users\maksa\Desktop\диссертация\data\data\segmentation\ImageCAS_CT\ImageCAS-STACOM2025-02-10-2025\segmentations\166.img.nii.gz,172,ImageCAS,unassigned,cardiac_ct,axial,0,public,True,0.396484375,0.396484375
ImageCAS_166,166,static,C:\Users\maksa\Desktop\диссертация\data\data\segmentation\ImageCAS_CT\raw_images\final_extracted\1-200\166.img.nii.gz,C:\Users\maksa\Desktop\диссертация\data\data\segmentation\ImageCAS_CT\ImageCAS-STACOM2025-02-10-2025\segmentations\166.img.nii.gz,201,ImageCAS,unassigned,cardiac_ct,axial,0,public,True,0.396484375,0.396484375
ImageCAS_166,166,static,C:\Users\maksa\Desktop\диссертация\data\data\segmentation\ImageCAS_CT\raw_images\final_extracted\1-200\166.img.nii.gz,C:\Users\maksa\Desktop\диссертация\data\data\segmentation\ImageCAS_CT\ImageCAS-STACOM2025-02-10-2025\segmentations\166.img.nii.gz,229,ImageCAS,unassigned,cardiac_ct,axial,0,public,True,0.396484375,0.396484375
ImageCAS_166,166,static,C:\Users\maksa\Desktop\диссертация\data\data\segmentation\ImageCAS_CT\raw_images\final_extracted\1-200\166.img.nii.gz,C:\Users\maksa\Desktop\диссертация\data\data\segmentation\ImageCAS_CT\ImageCAS-STACOM2025-02-10-2025\segmentations\166.img.nii.gz,258,ImageCAS,unassigned,cardiac_ct,axial,0,public,True,0.396484375,0.396484375
ImageCAS_167,167,static,C:\Users\maksa\Desktop\диссертация\data\data\segmentation\ImageCAS_CT\raw_images\final_extracted\1-200\167.img.nii.gz,C:\Users\maksa\Desktop\диссертация\data\data\segmentation\ImageCAS_CT\ImageCAS-STACOM2025-02-10-2025\segmentations\167.img.nii.gz,0,ImageCAS,unassigned,cardiac_ct,axial,0,public,True,0.345703125,0.345703125
ImageCAS_167,167,static,C:\Users\maksa\Desktop\диссертация\data\data\segmentation\ImageCAS_CT\raw_images\final_extracted\1-200\167.img.nii.gz,C:\Users\maksa\Desktop\диссертация\data\data\segmentation\ImageCAS_CT\ImageCAS-STACOM2025-02-10-2025\segmentations\167.img.nii.gz,30,ImageCAS,unassigned,cardiac_ct,axial,0,public,True,0.345703125,0.345703125
ImageCAS_167,167,static,C:\Users\maksa\Desktop\диссертация\data\data\segmentation\ImageCAS_CT\raw_images\final_extracted\1-200\167.img.nii.gz,C:\Users\maksa\Desktop\диссертация\data\data\segmentation\ImageCAS_CT\ImageCAS-STACOM2025-02-10-2025\segmentations\167.img.nii.gz,61,ImageCAS,unassigned,cardiac_ct,axial,0,public,True,0.345703125,0.345703125
ImageCAS_167,167,static,C:\Users\maksa\Desktop\диссертация\data\data\segmentation\ImageCAS_CT\raw_images\final_extracted\1-200\167.img.nii.gz,C:\Users\maksa\Desktop\диссертация\data\data\segmentation\ImageCAS_CT\ImageCAS-STACOM2025-02-10-2025\segmentations\167.img.nii.gz,91,ImageCAS,unassigned,cardiac_ct,axial,0,public,True,0.345703125,0.345703125
ImageCAS_167,167,static,C:\Users\maksa\Desktop\диссертация\data\data\segmentation\ImageCAS_CT\raw_images\final_extracted\1-200\167.img.nii.gz,C:\Users\maksa\Desktop\диссертация\data\data\segmentation\ImageCAS_CT\ImageCAS-STACOM2025-02-10-2025\segmentations\167.img.nii.gz,122,ImageCAS,unassigned,cardiac_ct,axial,0,public,True,0.345703125,0.345703125
ImageCAS_167,167,static,C:\Users\maksa\Desktop\диссертация\data\data\segmentation\ImageCAS_CT\raw_images\final_extracted\1-200\167.img.nii.gz,C:\Users\maksa\Desktop\диссертация\data\data\segmentation\ImageCAS_CT\ImageCAS-STACOM2025-02-10-2025\segmentations\167.img.nii.gz,152,ImageCAS,unassigned,cardiac_ct,axial,0,public,True,0.345703125,0.345703125
ImageCAS_167,167,static,C:\Users\maksa\Desktop\диссертация\data\data\segmentation\ImageCAS_CT\raw_images\final_extracted\1-200\167.img.nii.gz,C:\Users\maksa\Desktop\диссертация\data\data\segmentation\ImageCAS_CT\ImageCAS-STACOM2025-02-10-2025\segmentations\167.img.nii.gz,183,ImageCAS,unassigned,cardiac_ct,axial,0,public,True,0.345703125,0.345703125
ImageCAS_167,167,static,C:\Users\maksa\Desktop\диссертация\data\data\segmentation\ImageCAS_CT\raw_images\final_extracted\1-200\167.img.nii.gz,C:\Users\maksa\Desktop\диссертация\data\data\segmentation\ImageCAS_CT\ImageCAS-STACOM2025-02-10-2025\segmentations\167.img.nii.gz,213,ImageCAS,unassigned,cardiac_ct,axial,0,public,True,0.345703125,0.345703125
ImageCAS_167,167,static,C:\Users\maksa\Desktop\диссертация\data\data\segmentation\ImageCAS_CT\raw_images\final_extracted\1-200\167.img.nii.gz,C:\Users\maksa\Desktop\диссертация\data\data\segmentation\ImageCAS_CT\ImageCAS-STACOM2025-02-10-2025\segmentations\167.img.nii.gz,244,ImageCAS,unassigned,cardiac_ct,axial,0,public,True,0.345703125,0.345703125
ImageCAS_167,167,static,C:\Users\maksa\Desktop\диссертация\data\data\segmentation\ImageCAS_CT\raw_images\final_extracted\1-200\167.img.nii.gz,C:\Users\maksa\Desktop\диссертация\data\data\segmentation\ImageCAS_CT\ImageCAS-STACOM2025-02-10-2025\segmentations\167.img.nii.gz,274,ImageCAS,unassigned,cardiac_ct,axial,0,public,True,0.345703125,0.345703125
ImageCAS_168,168,static,C:\Users\maksa\Desktop\диссертация\data\data\segmentation\ImageCAS_CT\raw_images\final_extracted\1-200\168.img.nii.gz,C:\Users\maksa\Desktop\диссертация\data\data\segmentation\ImageCAS_CT\ImageCAS-STACOM2025-02-10-2025\segmentations\168.img.nii.gz,0,ImageCAS,unassigned,cardiac_ct,axial,0,public,True,0.318359375,0.318359375
ImageCAS_168,168,static,C:\Users\maksa\Desktop\диссертация\data\data\segmentation\ImageCAS_CT\raw_images\final_extracted\1-200\168.img.nii.gz,C:\Users\maksa\Desktop\диссертация\data\data\segmentation\ImageCAS_CT\ImageCAS-STACOM2025-02-10-2025\segmentations\168.img.nii.gz,30,ImageCAS,unassigned,cardiac_ct,axial,0,public,True,0.318359375,0.318359375
ImageCAS_168,168,static,C:\Users\maksa\Desktop\диссертация\data\data\segmentation\ImageCAS_CT\raw_images\final_extracted\1-200\168.img.nii.gz,C:\Users\maksa\Desktop\диссертация\data\data\segmentation\ImageCAS_CT\ImageCAS-STACOM2025-02-10-2025\segmentations\168.img.nii.gz,61,ImageCAS,unassigned,cardiac_ct,axial,0,public,True,0.318359375,0.318359375
ImageCAS_168,168,static,C:\Users\maksa\Desktop\диссертация\data\data\segmentation\ImageCAS_CT\raw_images\final_extracted\1-200\168.img.nii.gz,C:\Users\maksa\Desktop\диссертация\data\data\segmentation\ImageCAS_CT\ImageCAS-STACOM2025-02-10-2025\segmentations\168.img.nii.gz,91,ImageCAS,unassigned,cardiac_ct,axial,0,public,True,0.318359375,0.318359375
ImageCAS_168,168,static,C:\Users\maksa\Desktop\диссертация\data\data\segmentation\ImageCAS_CT\raw_images\final_extracted\1-200\168.img.nii.gz,C:\Users\maksa\Desktop\диссертация\data\data\segmentation\ImageCAS_CT\ImageCAS-STACOM2025-02-10-2025\segmentations\168.img.nii.gz,122,ImageCAS,unassigned,cardiac_ct,axial,0,public,True,0.318359375,0.318359375
ImageCAS_168,168,static,C:\Users\maksa\Desktop\диссертация\data\data\segmentation\ImageCAS_CT\raw_images\final_extracted\1-200\168.img.nii.gz,C:\Users\maksa\Desktop\диссертация\data\data\segmentation\ImageCAS_CT\ImageCAS-STACOM2025-02-10-2025\segmentations\168.img.nii.gz,152,ImageCAS,unassigned,cardiac_ct,axial,0,public,True,0.318359375,0.318359375
ImageCAS_168,168,static,C:\Users\maksa\Desktop\диссертация\data\data\segmentation\ImageCAS_CT\raw_images\final_extracted\1-200\168.img.nii.gz,C:\Users\maksa\Desktop\диссертация\data\data\segmentation\ImageCAS_CT\ImageCAS-STACOM2025-02-10-2025\segmentations\168.img.nii.gz,183,ImageCAS,unassigned,cardiac_ct,axial,0,public,True,0.318359375,0.318359375
ImageCAS_168,168,static,C:\Users\maksa\Desktop\диссертация\data\data\segmentation\ImageCAS_CT\raw_images\final_extracted\1-200\168.img.nii.gz,C:\Users\maksa\Desktop\диссертация\data\data\segmentation\ImageCAS_CT\ImageCAS-STACOM2025-02-10-2025\segmentations\168.img.nii.gz,213,ImageCAS,unassigned,cardiac_ct,axial,0,public,True,0.318359375,0.318359375
ImageCAS_168,168,static,C:\Users\maksa\Desktop\диссертация\data\data\segmentation\ImageCAS_CT\raw_images\final_extracted\1-200\168.img.nii.gz,C:\Users\maksa\Desktop\диссертация\data\data\segmentation\ImageCAS_CT\ImageCAS-STACOM2025-02-10-2025\segmentations\168.img.nii.gz,244,ImageCAS,unassigned,cardiac_ct,axial,0,public,True,0.318359375,0.318359375
ImageCAS_168,168,static,C:\Users\maksa\Desktop\диссертация\data\data\segmentation\ImageCAS_CT\raw_images\final_extracted\1-200\168.img.nii.gz,C:\Users\maksa\Desktop\диссертация\data\data\segmentation\ImageCAS_CT\ImageCAS-STACOM2025-02-10-2025\segmentations\168.img.nii.gz,274,ImageCAS,unassigned,cardiac_ct,axial,0,public,True,0.318359375,0.318359375
ImageCAS_170,170,static,C:\Users\maksa\Desktop\диссертация\data\data\segmentation\ImageCAS_CT\raw_images\final_extracted\1-200\170.img.nii.gz,C:\Users\maksa\Desktop\диссертация\data\data\segmentation\ImageCAS_CT\ImageCAS-STACOM2025-02-10-2025\segmentations\170.img.nii.gz,0,ImageCAS,unassigned,cardiac_ct,axial,0,public,True,0.333984375,0.333984375
ImageCAS_170,170,static,C:\Users\maksa\Desktop\диссертация\data\data\segmentation\ImageCAS_CT\raw_images\final_extracted\1-200\170.img.nii.gz,C:\Users\maksa\Desktop\диссертация\data\data\segmentation\ImageCAS_CT\ImageCAS-STACOM2025-02-10-2025\segmentations\170.img.nii.gz,30,ImageCAS,unassigned,cardiac_ct,axial,0,public,True,0.333984375,0.333984375
ImageCAS_170,170,static,C:\Users\maksa\Desktop\диссертация\data\data\segmentation\ImageCAS_CT\raw_images\final_extracted\1-200\170.img.nii.gz,C:\Users\maksa\Desktop\диссертация\data\data\segmentation\ImageCAS_CT\ImageCAS-STACOM2025-02-10-2025\segmentations\170.img.nii.gz,61,ImageCAS,unassigned,cardiac_ct,axial,0,public,True,0.333984375,0.333984375
ImageCAS_170,170,static,C:\Users\maksa\Desktop\диссертация\data\data\segmentation\ImageCAS_CT\raw_images\final_extracted\1-200\170.img.nii.gz,C:\Users\maksa\Desktop\диссертация\data\data\segmentation\ImageCAS_CT\ImageCAS-STACOM2025-02-10-2025\segmentations\170.img.nii.gz,91,ImageCAS,unassigned,cardiac_ct,axial,0,public,True,0.333984375,0.333984375
ImageCAS_170,170,static,C:\Users\maksa\Desktop\диссертация\data\data\segmentation\ImageCAS_CT\raw_images\final_extracted\1-200\170.img.nii.gz,C:\Users\maksa\Desktop\диссертация\data\data\segmentation\ImageCAS_CT\ImageCAS-STACOM2025-02-10-2025\segmentations\170.img.nii.gz,122,ImageCAS,unassigned,cardiac_ct,axial,0,public,True,0.333984375,0.333984375
ImageCAS_170,170,static,C:\Users\maksa\Desktop\диссертация\data\data\segmentation\ImageCAS_CT\raw_images\final_extracted\1-200\170.img.nii.gz,C:\Users\maksa\Desktop\диссертация\data\data\segmentation\ImageCAS_CT\ImageCAS-STACOM2025-02-10-2025\segmentations\170.img.nii.gz,152,ImageCAS,unassigned,cardiac_ct,axial,0,public,True,0.333984375,0.333984375
ImageCAS_170,170,static,C:\Users\maksa\Desktop\диссертация\data\data\segmentation\ImageCAS_CT\raw_images\final_extracted\1-200\170.img.nii.gz,C:\Users\maksa\Desktop\диссертация\data\data\segmentation\ImageCAS_CT\ImageCAS-STACOM2025-02-10-2025\segmentations\170.img.nii.gz,183,ImageCAS,unassigned,cardiac_ct,axial,0,public,True,0.333984375,0.333984375
ImageCAS_170,170,static,C:\Users\maksa\Desktop\диссертация\data\data\segmentation\ImageCAS_CT\raw_images\final_extracted\1-200\170.img.nii.gz,C:\Users\maksa\Desktop\диссертация\data\data\segmentation\ImageCAS_CT\ImageCAS-STACOM2025-02-10-2025\segmentations\170.img.nii.gz,213,ImageCAS,unassigned,cardiac_ct,axial,0,public,True,0.333984375,0.333984375
ImageCAS_170,170,static,C:\Users\maksa\Desktop\диссертация\data\data\segmentation\ImageCAS_CT\raw_images\final_extracted\1-200\170.img.nii.gz,C:\Users\maksa\Desktop\диссертация\data\data\segmentation\ImageCAS_CT\ImageCAS-STACOM2025-02-10-2025\segmentations\170.img.nii.gz,244,ImageCAS,unassigned,cardiac_ct,axial,0,public,True,0.333984375,0.333984375
ImageCAS_170,170,static,C:\Users\maksa\Desktop\диссертация\data\data\segmentation\ImageCAS_CT\raw_images\final_extracted\1-200\170.img.nii.gz,C:\Users\maksa\Desktop\диссертация\data\data\segmentation\ImageCAS_CT\ImageCAS-STACOM2025-02-10-2025\segmentations\170.img.nii.gz,274,ImageCAS,unassigned,cardiac_ct,axial,0,public,True,0.333984375,0.333984375
ImageCAS_171,171,static,C:\Users\maksa\Desktop\диссертация\data\data\segmentation\ImageCAS_CT\raw_images\final_extracted\1-200\171.img.nii.gz,C:\Users\maksa\Desktop\диссертация\data\data\segmentation\ImageCAS_CT\ImageCAS-STACOM2025-02-10-2025\segmentations\171.img.nii.gz,0,ImageCAS,unassigned,cardiac_ct,axial,0,public,True,0.38671875,0.38671875
ImageCAS_171,171,static,C:\Users\maksa\Desktop\диссертация\data\data\segmentation\ImageCAS_CT\raw_images\final_extracted\1-200\171.img.nii.gz,C:\Users\maksa\Desktop\диссертация\data\data\segmentation\ImageCAS_CT\ImageCAS-STACOM2025-02-10-2025\segmentations\171.img.nii.gz,29,ImageCAS,unassigned,cardiac_ct,axial,0,public,True,0.38671875,0.38671875
ImageCAS_171,171,static,C:\Users\maksa\Desktop\диссертация\data\data\segmentation\ImageCAS_CT\raw_images\final_extracted\1-200\171.img.nii.gz,C:\Users\maksa\Desktop\диссертация\data\data\segmentation\ImageCAS_CT\ImageCAS-STACOM2025-02-10-2025\segmentations\171.img.nii.gz,58,ImageCAS,unassigned,cardiac_ct,axial,0,public,True,0.38671875,0.38671875
ImageCAS_171,171,static,C:\Users\maksa\Desktop\диссертация\data\data\segmentation\ImageCAS_CT\raw_images\final_extracted\1-200\171.img.nii.gz,C:\Users\maksa\Desktop\диссертация\data\data\segmentation\ImageCAS_CT\ImageCAS-STACOM2025-02-10-2025\segmentations\171.img.nii.gz,87,ImageCAS,unassigned,cardiac_ct,axial,0,public,True,0.38671875,0.38671875
ImageCAS_171,171,static,C:\Users\maksa\Desktop\диссертация\data\data\segmentation\ImageCAS_CT\raw_images\final_extracted\1-200\171.img.nii.gz,C:\Users\maksa\Desktop\диссертация\data\data\segmentation\ImageCAS_CT\ImageCAS-STACOM2025-02-10-2025\segmentations\171.img.nii.gz,116,ImageCAS,unassigned,cardiac_ct,axial,0,public,True,0.38671875,0.38671875
ImageCAS_171,171,static,C:\Users\maksa\Desktop\диссертация\data\data\segmentation\ImageCAS_CT\raw_images\final_extracted\1-200\171.img.nii.gz,C:\Users\maksa\Desktop\диссертация\data\data\segmentation\ImageCAS_CT\ImageCAS-STACOM2025-02-10-2025\segmentations\171.img.nii.gz,144,ImageCAS,unassigned,cardiac_ct,axial,0,public,True,0.38671875,0.38671875
ImageCAS_171,171,static,C:\Users\maksa\Desktop\диссертация\data\data\segmentation\ImageCAS_CT\raw_images\final_extracted\1-200\171.img.nii.gz,C:\Users\maksa\Desktop\диссертация\data\data\segmentation\ImageCAS_CT\ImageCAS-STACOM2025-02-10-2025\segmentations\171.img.nii.gz,173,ImageCAS,unassigned,cardiac_ct,axial,0,public,True,0.38671875,0.38671875
ImageCAS_171,171,static,C:\Users\maksa\Desktop\диссертация\data\data\segmentation\ImageCAS_CT\raw_images\final_extracted\1-200\171.img.nii.gz,C:\Users\maksa\Desktop\диссертация\data\data\segmentation\ImageCAS_CT\ImageCAS-STACOM2025-02-10-2025\segmentations\171.img.nii.gz,202,ImageCAS,unassigned,cardiac_ct,axial,0,public,True,0.38671875,0.38671875
ImageCAS_171,171,static,C:\Users\maksa\Desktop\диссертация\data\data\segmentation\ImageCAS_CT\raw_images\final_extracted\1-200\171.img.nii.gz,C:\Users\maksa\Desktop\диссертация\data\data\segmentation\ImageCAS_CT\ImageCAS-STACOM2025-02-10-2025\segmentations\171.img.nii.gz,231,ImageCAS,unassigned,cardiac_ct,axial,0,public,True,0.38671875,0.38671875
ImageCAS_171,171,static,C:\Users\maksa\Desktop\диссертация\data\data\segmentation\ImageCAS_CT\raw_images\final_extracted\1-200\171.img.nii.gz,C:\Users\maksa\Desktop\диссертация\data\data\segmentation\ImageCAS_CT\ImageCAS-STACOM2025-02-10-2025\segmentations\171.img.nii.gz,260,ImageCAS,unassigned,cardiac_ct,axial,0,public,True,0.38671875,0.38671875
ImageCAS_172,172,static,C:\Users\maksa\Desktop\диссертация\data\data\segmentation\ImageCAS_CT\raw_images\final_extracted\1-200\172.img.nii.gz,C:\Users\maksa\Desktop\диссертация\data\data\segmentation\ImageCAS_CT\ImageCAS-STACOM2025-02-10-2025\segmentations\172.img.nii.gz,0,ImageCAS,unassigned,cardiac_ct,axial,0,public,True,0.419921875,0.419921875
ImageCAS_172,172,static,C:\Users\maksa\Desktop\диссертация\data\data\segmentation\ImageCAS_CT\raw_images\final_extracted\1-200\172.img.nii.gz,C:\Users\maksa\Desktop\диссертация\data\data\segmentation\ImageCAS_CT\ImageCAS-STACOM2025-02-10-2025\segmentations\172.img.nii.gz,30,ImageCAS,unassigned,cardiac_ct,axial,0,public,True,0.419921875,0.419921875
ImageCAS_172,172,static,C:\Users\maksa\Desktop\диссертация\data\data\segmentation\ImageCAS_CT\raw_images\final_extracted\1-200\172.img.nii.gz,C:\Users\maksa\Desktop\диссертация\data\data\segmentation\ImageCAS_CT\ImageCAS-STACOM2025-02-10-2025\segmentations\172.img.nii.gz,61,ImageCAS,unassigned,cardiac_ct,axial,0,public,True,0.419921875,0.419921875
ImageCAS_172,172,static,C:\Users\maksa\Desktop\диссертация\data\data\segmentation\ImageCAS_CT\raw_images\final_extracted\1-200\172.img.nii.gz,C:\Users\maksa\Desktop\диссертация\data\data\segmentation\ImageCAS_CT\ImageCAS-STACOM2025-02-10-2025\segmentations\172.img.nii.gz,91,ImageCAS,unassigned,cardiac_ct,axial,0,public,True,0.419921875,0.419921875
ImageCAS_172,172,static,C:\Users\maksa\Desktop\диссертация\data\data\segmentation\ImageCAS_CT\raw_images\final_extracted\1-200\172.img.nii.gz,C:\Users\maksa\Desktop\диссертация\data\data\segmentation\ImageCAS_CT\ImageCAS-STACOM2025-02-10-2025\segmentations\172.img.nii.gz,122,ImageCAS,unassigned,cardiac_ct,axial,0,public,True,0.419921875,0.419921875
ImageCAS_172,172,static,C:\Users\maksa\Desktop\диссертация\data\data\segmentation\ImageCAS_CT\raw_images\final_extracted\1-200\172.img.nii.gz,C:\Users\maksa\Desktop\диссертация\data\data\segmentation\ImageCAS_CT\ImageCAS-STACOM2025-02-10-2025\segmentations\172.img.nii.gz,152,ImageCAS,unassigned,cardiac_ct,axial,0,public,True,0.419921875,0.419921875
ImageCAS_172,172,static,C:\Users\maksa\Desktop\диссертация\data\data\segmentation\ImageCAS_CT\raw_images\final_extracted\1-200\172.img.nii.gz,C:\Users\maksa\Desktop\диссертация\data\data\segmentation\ImageCAS_CT\ImageCAS-STACOM2025-02-10-2025\segmentations\172.img.nii.gz,183,ImageCAS,unassigned,cardiac_ct,axial,0,public,True,0.419921875,0.419921875
ImageCAS_172,172,static,C:\Users\maksa\Desktop\диссертация\data\data\segmentation\ImageCAS_CT\raw_images\final_extracted\1-200\172.img.nii.gz,C:\Users\maksa\Desktop\диссертация\data\data\segmentation\ImageCAS_CT\ImageCAS-STACOM2025-02-10-2025\segmentations\172.img.nii.gz,213,ImageCAS,unassigned,cardiac_ct,axial,0,public,True,0.419921875,0.419921875
ImageCAS_172,172,static,C:\Users\maksa\Desktop\диссертация\data\data\segmentation\ImageCAS_CT\raw_images\final_extracted\1-200\172.img.nii.gz,C:\Users\maksa\Desktop\диссертация\data\data\segmentation\ImageCAS_CT\ImageCAS-STACOM2025-02-10-2025\segmentations\172.img.nii.gz,244,ImageCAS,unassigned,cardiac_ct,axial,0,public,True,0.419921875,0.419921875
ImageCAS_172,172,static,C:\Users\maksa\Desktop\диссертация\data\data\segmentation\ImageCAS_CT\raw_images\final_extracted\1-200\172.img.nii.gz,C:\Users\maksa\Desktop\диссертация\data\data\segmentation\ImageCAS_CT\ImageCAS-STACOM2025-02-10-2025\segmentations\172.img.nii.gz,274,ImageCAS,unassigned,cardiac_ct,axial,0,public,True,0.419921875,0.419921875
ImageCAS_173,173,static,C:\Users\maksa\Desktop\диссертация\data\data\segmentation\ImageCAS_CT\raw_images\final_extracted\1-200\173.img.nii.gz,C:\Users\maksa\Desktop\диссертация\data\data\segmentation\ImageCAS_CT\ImageCAS-STACOM2025-02-10-2025\segmentations\173.img.nii.gz,0,ImageCAS,unassigned,cardiac_ct,axial,0,public,True,0.318359375,0.318359375
ImageCAS_173,173,static,C:\Users\maksa\Desktop\диссертация\data\data\segmentation\ImageCAS_CT\raw_images\final_extracted\1-200\173.img.nii.gz,C:\Users\maksa\Desktop\диссертация\data\data\segmentation\ImageCAS_CT\ImageCAS-STACOM2025-02-10-2025\segmentations\173.img.nii.gz,30,ImageCAS,unassigned,cardiac_ct,axial,0,public,True,0.318359375,0.318359375
ImageCAS_173,173,static,C:\Users\maksa\Desktop\диссертация\data\data\segmentation\ImageCAS_CT\raw_images\final_extracted\1-200\173.img.nii.gz,C:\Users\maksa\Desktop\диссертация\data\data\segmentation\ImageCAS_CT\ImageCAS-STACOM2025-02-10-2025\segmentations\173.img.nii.gz,61,ImageCAS,unassigned,cardiac_ct,axial,0,public,True,0.318359375,0.318359375
ImageCAS_173,173,static,C:\Users\maksa\Desktop\диссертация\data\data\segmentation\ImageCAS_CT\raw_images\final_extracted\1-200\173.img.nii.gz,C:\Users\maksa\Desktop\диссертация\data\data\segmentation\ImageCAS_CT\ImageCAS-STACOM2025-02-10-2025\segmentations\173.img.nii.gz,91,ImageCAS,unassigned,cardiac_ct,axial,0,public,True,0.318359375,0.318359375
ImageCAS_173,173,static,C:\Users\maksa\Desktop\диссертация\data\data\segmentation\ImageCAS_CT\raw_images\final_extracted\1-200\173.img.nii.gz,C:\Users\maksa\Desktop\диссертация\data\data\segmentation\ImageCAS_CT\ImageCAS-STACOM2025-02-10-2025\segmentations\173.img.nii.gz,122,ImageCAS,unassigned,cardiac_ct,axial,0,public,True,0.318359375,0.318359375
ImageCAS_173,173,static,C:\Users\maksa\Desktop\диссертация\data\data\segmentation\ImageCAS_CT\raw_images\final_extracted\1-200\173.img.nii.gz,C:\Users\maksa\Desktop\диссертация\data\data\segmentation\ImageCAS_CT\ImageCAS-STACOM2025-02-10-2025\segmentations\173.img.nii.gz,152,ImageCAS,unassigned,cardiac_ct,axial,0,public,True,0.318359375,0.318359375
ImageCAS_173,173,static,C:\Users\maksa\Desktop\диссертация\data\data\segmentation\ImageCAS_CT\raw_images\final_extracted\1-200\173.img.nii.gz,C:\Users\maksa\Desktop\диссертация\data\data\segmentation\ImageCAS_CT\ImageCAS-STACOM2025-02-10-2025\segmentations\173.img.nii.gz,183,ImageCAS,unassigned,cardiac_ct,axial,0,public,True,0.318359375,0.318359375
ImageCAS_173,173,static,C:\Users\maksa\Desktop\диссертация\data\data\segmentation\ImageCAS_CT\raw_images\final_extracted\1-200\173.img.nii.gz,C:\Users\maksa\Desktop\диссертация\data\data\segmentation\ImageCAS_CT\ImageCAS-STACOM2025-02-10-2025\segmentations\173.img.nii.gz,213,ImageCAS,unassigned,cardiac_ct,axial,0,public,True,0.318359375,0.318359375
ImageCAS_173,173,static,C:\Users\maksa\Desktop\диссертация\data\data\segmentation\ImageCAS_CT\raw_images\final_extracted\1-200\173.img.nii.gz,C:\Users\maksa\Desktop\диссертация\data\data\segmentation\ImageCAS_CT\ImageCAS-STACOM2025-02-10-2025\segmentations\173.img.nii.gz,244,ImageCAS,unassigned,cardiac_ct,axial,0,public,True,0.318359375,0.318359375
ImageCAS_173,173,static,C:\Users\maksa\Desktop\диссертация\data\data\segmentation\ImageCAS_CT\raw_images\final_extracted\1-200\173.img.nii.gz,C:\Users\maksa\Desktop\диссертация\data\data\segmentation\ImageCAS_CT\ImageCAS-STACOM2025-02-10-2025\segmentations\173.img.nii.gz,274,ImageCAS,unassigned,cardiac_ct,axial,0,public,True,0.318359375,0.318359375
ImageCAS_174,174,static,C:\Users\maksa\Desktop\диссертация\data\data\segmentation\ImageCAS_CT\raw_images\final_extracted\1-200\174.img.nii.gz,C:\Users\maksa\Desktop\диссертация\data\data\segmentation\ImageCAS_CT\ImageCAS-STACOM2025-02-10-2025\segmentations\174.img.nii.gz,0,ImageCAS,unassigned,cardiac_ct,axial,0,public,True,0.43359375,0.43359375
ImageCAS_174,174,static,C:\Users\maksa\Desktop\диссертация\data\data\segmentation\ImageCAS_CT\raw_images\final_extracted\1-200\174.img.nii.gz,C:\Users\maksa\Desktop\диссертация\data\data\segmentation\ImageCAS_CT\ImageCAS-STACOM2025-02-10-2025\segmentations\174.img.nii.gz,29,ImageCAS,unassigned,cardiac_ct,axial,0,public,True,0.43359375,0.43359375
ImageCAS_174,174,static,C:\Users\maksa\Desktop\диссертация\data\data\segmentation\ImageCAS_CT\raw_images\final_extracted\1-200\174.img.nii.gz,C:\Users\maksa\Desktop\диссертация\data\data\segmentation\ImageCAS_CT\ImageCAS-STACOM2025-02-10-2025\segmentations\174.img.nii.gz,57,ImageCAS,unassigned,cardiac_ct,axial,0,public,True,0.43359375,0.43359375
ImageCAS_174,174,static,C:\Users\maksa\Desktop\диссертация\data\data\segmentation\ImageCAS_CT\raw_images\final_extracted\1-200\174.img.nii.gz,C:\Users\maksa\Desktop\диссертация\data\data\segmentation\ImageCAS_CT\ImageCAS-STACOM2025-02-10-2025\segmentations\174.img.nii.gz,86,ImageCAS,unassigned,cardiac_ct,axial,0,public,True,0.43359375,0.43359375
ImageCAS_174,174,static,C:\Users\maksa\Desktop\диссертация\data\data\segmentation\ImageCAS_CT\raw_images\final_extracted\1-200\174.img.nii.gz,C:\Users\maksa\Desktop\диссертация\data\data\segmentation\ImageCAS_CT\ImageCAS-STACOM2025-02-10-2025\segmentations\174.img.nii.gz,115,ImageCAS,unassigned,cardiac_ct,axial,0,public,True,0.43359375,0.43359375
ImageCAS_174,174,static,C:\Users\maksa\Desktop\диссертация\data\data\segmentation\ImageCAS_CT\raw_images\final_extracted\1-200\174.img.nii.gz,C:\Users\maksa\Desktop\диссертация\data\data\segmentation\ImageCAS_CT\ImageCAS-STACOM2025-02-10-2025\segmentations\174.img.nii.gz,143,ImageCAS,unassigned,cardiac_ct,axial,0,public,True,0.43359375,0.43359375
ImageCAS_174,174,static,C:\Users\maksa\Desktop\диссертация\data\data\segmentation\ImageCAS_CT\raw_images\final_extracted\1-200\174.img.nii.gz,C:\Users\maksa\Desktop\диссертация\data\data\segmentation\ImageCAS_CT\ImageCAS-STACOM2025-02-10-2025\segmentations\174.img.nii.gz,172,ImageCAS,unassigned,cardiac_ct,axial,0,public,True,0.43359375,0.43359375
ImageCAS_174,174,static,C:\Users\maksa\Desktop\диссертация\data\data\segmentation\ImageCAS_CT\raw_images\final_extracted\1-200\174.img.nii.gz,C:\Users\maksa\Desktop\диссертация\data\data\segmentation\ImageCAS_CT\ImageCAS-STACOM2025-02-10-2025\segmentations\174.img.nii.gz,201,ImageCAS,unassigned,cardiac_ct,axial,0,public,True,0.43359375,0.43359375
ImageCAS_174,174,static,C:\Users\maksa\Desktop\диссертация\data\data\segmentation\ImageCAS_CT\raw_images\final_extracted\1-200\174.img.nii.gz,C:\Users\maksa\Desktop\диссертация\data\data\segmentation\ImageCAS_CT\ImageCAS-STACOM2025-02-10-2025\segmentations\174.img.nii.gz,229,ImageCAS,unassigned,cardiac_ct,axial,0,public,True,0.43359375,0.43359375
ImageCAS_174,174,static,C:\Users\maksa\Desktop\диссертация\data\data\segmentation\ImageCAS_CT\raw_images\final_extracted\1-200\174.img.nii.gz,C:\Users\maksa\Desktop\диссертация\data\data\segmentation\ImageCAS_CT\ImageCAS-STACOM2025-02-10-2025\segmentations\174.img.nii.gz,258,ImageCAS,unassigned,cardiac_ct,axial,0,public,True,0.43359375,0.43359375
ImageCAS_175,175,static,C:\Users\maksa\Desktop\диссертация\data\data\segmentation\ImageCAS_CT\raw_images\final_extracted\1-200\175.img.nii.gz,C:\Users\maksa\Desktop\диссертация\data\data\segmentation\ImageCAS_CT\ImageCAS-STACOM2025-02-10-2025\segmentations\175.img.nii.gz,0,ImageCAS,unassigned,cardiac_ct,axial,0,public,True,0.318359375,0.318359375
ImageCAS_175,175,static,C:\Users\maksa\Desktop\диссертация\data\data\segmentation\ImageCAS_CT\raw_images\final_extracted\1-200\175.img.nii.gz,C:\Users\maksa\Desktop\диссертация\data\data\segmentation\ImageCAS_CT\ImageCAS-STACOM2025-02-10-2025\segmentations\175.img.nii.gz,26,ImageCAS,unassigned,cardiac_ct,axial,0,public,True,0.318359375,0.318359375
ImageCAS_175,175,static,C:\Users\maksa\Desktop\диссертация\data\data\segmentation\ImageCAS_CT\raw_images\final_extracted\1-200\175.img.nii.gz,C:\Users\maksa\Desktop\диссертация\data\data\segmentation\ImageCAS_CT\ImageCAS-STACOM2025-02-10-2025\segmentations\175.img.nii.gz,51,ImageCAS,unassigned,cardiac_ct,axial,0,public,True,0.318359375,0.318359375
ImageCAS_175,175,static,C:\Users\maksa\Desktop\диссертация\data\data\segmentation\ImageCAS_CT\raw_images\final_extracted\1-200\175.img.nii.gz,C:\Users\maksa\Desktop\диссертация\data\data\segmentation\ImageCAS_CT\ImageCAS-STACOM2025-02-10-2025\segmentations\175.img.nii.gz,77,ImageCAS,unassigned,cardiac_ct,axial,0,public,True,0.318359375,0.318359375
ImageCAS_175,175,static,C:\Users\maksa\Desktop\диссертация\data\data\segmentation\ImageCAS_CT\raw_images\final_extracted\1-200\175.img.nii.gz,C:\Users\maksa\Desktop\диссертация\data\data\segmentation\ImageCAS_CT\ImageCAS-STACOM2025-02-10-2025\segmentations\175.img.nii.gz,102,ImageCAS,unassigned,cardiac_ct,axial,0,public,True,0.318359375,0.318359375
ImageCAS_175,175,static,C:\Users\maksa\Desktop\диссертация\data\data\segmentation\ImageCAS_CT\raw_images\final_extracted\1-200\175.img.nii.gz,C:\Users\maksa\Desktop\диссертация\data\data\segmentation\ImageCAS_CT\ImageCAS-STACOM2025-02-10-2025\segmentations\175.img.nii.gz,128,ImageCAS,unassigned,cardiac_ct,axial,0,public,True,0.318359375,0.318359375
ImageCAS_175,175,static,C:\Users\maksa\Desktop\диссертация\data\data\segmentation\ImageCAS_CT\raw_images\final_extracted\1-200\175.img.nii.gz,C:\Users\maksa\Desktop\диссертация\data\data\segmentation\ImageCAS_CT\ImageCAS-STACOM2025-02-10-2025\segmentations\175.img.nii.gz,153,ImageCAS,unassigned,cardiac_ct,axial,0,public,True,0.318359375,0.318359375
ImageCAS_175,175,static,C:\Users\maksa\Desktop\диссертация\data\data\segmentation\ImageCAS_CT\raw_images\final_extracted\1-200\175.img.nii.gz,C:\Users\maksa\Desktop\диссертация\data\data\segmentation\ImageCAS_CT\ImageCAS-STACOM2025-02-10-2025\segmentations\175.img.nii.gz,179,ImageCAS,unassigned,cardiac_ct,axial,0,public,True,0.318359375,0.318359375
ImageCAS_175,175,static,C:\Users\maksa\Desktop\диссертация\data\data\segmentation\ImageCAS_CT\raw_images\final_extracted\1-200\175.img.nii.gz,C:\Users\maksa\Desktop\диссертация\data\data\segmentation\ImageCAS_CT\ImageCAS-STACOM2025-02-10-2025\segmentations\175.img.nii.gz,204,ImageCAS,unassigned,cardiac_ct,axial,0,public,True,0.318359375,0.318359375
ImageCAS_175,175,static,C:\Users\maksa\Desktop\диссертация\data\data\segmentation\ImageCAS_CT\raw_images\final_extracted\1-200\175.img.nii.gz,C:\Users\maksa\Desktop\диссертация\data\data\segmentation\ImageCAS_CT\ImageCAS-STACOM2025-02-10-2025\segmentations\175.img.nii.gz,230,ImageCAS,unassigned,cardiac_ct,axial,0,public,True,0.318359375,0.318359375
ImageCAS_176,176,static,C:\Users\maksa\Desktop\диссертация\data\data\segmentation\ImageCAS_CT\raw_images\final_extracted\1-200\176.img.nii.gz,C:\Users\maksa\Desktop\диссертация\data\data\segmentation\ImageCAS_CT\ImageCAS-STACOM2025-02-10-2025\segmentations\176.img.nii.gz,0,ImageCAS,unassigned,cardiac_ct,axial,0,public,True,0.318359375,0.318359375
ImageCAS_176,176,static,C:\Users\maksa\Desktop\диссертация\data\data\segmentation\ImageCAS_CT\raw_images\final_extracted\1-200\176.img.nii.gz,C:\Users\maksa\Desktop\диссертация\data\data\segmentation\ImageCAS_CT\ImageCAS-STACOM2025-02-10-2025\segmentations\176.img.nii.gz,28,ImageCAS,unassigned,cardiac_ct,axial,0,public,True,0.318359375,0.318359375
ImageCAS_176,176,static,C:\Users\maksa\Desktop\диссертация\data\data\segmentation\ImageCAS_CT\raw_images\final_extracted\1-200\176.img.nii.gz,C:\Users\maksa\Desktop\диссертация\data\data\segmentation\ImageCAS_CT\ImageCAS-STACOM2025-02-10-2025\segmentations\176.img.nii.gz,55,ImageCAS,unassigned,cardiac_ct,axial,0,public,True,0.318359375,0.318359375
ImageCAS_176,176,static,C:\Users\maksa\Desktop\диссертация\data\data\segmentation\ImageCAS_CT\raw_images\final_extracted\1-200\176.img.nii.gz,C:\Users\maksa\Desktop\диссертация\data\data\segmentation\ImageCAS_CT\ImageCAS-STACOM2025-02-10-2025\segmentations\176.img.nii.gz,83,ImageCAS,unassigned,cardiac_ct,axial,0,public,True,0.318359375,0.318359375
ImageCAS_176,176,static,C:\Users\maksa\Desktop\диссертация\data\data\segmentation\ImageCAS_CT\raw_images\final_extracted\1-200\176.img.nii.gz,C:\Users\maksa\Desktop\диссертация\data\data\segmentation\ImageCAS_CT\ImageCAS-STACOM2025-02-10-2025\segmentations\176.img.nii.gz,110,ImageCAS,unassigned,cardiac_ct,axial,0,public,True,0.318359375,0.318359375
ImageCAS_176,176,static,C:\Users\maksa\Desktop\диссертация\data\data\segmentation\ImageCAS_CT\raw_images\final_extracted\1-200\176.img.nii.gz,C:\Users\maksa\Desktop\диссертация\data\data\segmentation\ImageCAS_CT\ImageCAS-STACOM2025-02-10-2025\segmentations\176.img.nii.gz,138,ImageCAS,unassigned,cardiac_ct,axial,0,public,True,0.318359375,0.318359375
ImageCAS_176,176,static,C:\Users\maksa\Desktop\диссертация\data\data\segmentation\ImageCAS_CT\raw_images\final_extracted\1-200\176.img.nii.gz,C:\Users\maksa\Desktop\диссертация\data\data\segmentation\ImageCAS_CT\ImageCAS-STACOM2025-02-10-2025\segmentations\176.img.nii.gz,165,ImageCAS,unassigned,cardiac_ct,axial,0,public,True,0.318359375,0.318359375
ImageCAS_176,176,static,C:\Users\maksa\Desktop\диссертация\data\data\segmentation\ImageCAS_CT\raw_images\final_extracted\1-200\176.img.nii.gz,C:\Users\maksa\Desktop\диссертация\data\data\segmentation\ImageCAS_CT\ImageCAS-STACOM2025-02-10-2025\segmentations\176.img.nii.gz,193,ImageCAS,unassigned,cardiac_ct,axial,0,public,True,0.318359375,0.318359375
ImageCAS_176,176,static,C:\Users\maksa\Desktop\диссертация\data\data\segmentation\ImageCAS_CT\raw_images\final_extracted\1-200\176.img.nii.gz,C:\Users\maksa\Desktop\диссертация\data\data\segmentation\ImageCAS_CT\ImageCAS-STACOM2025-02-10-2025\segmentations\176.img.nii.gz,220,ImageCAS,unassigned,cardiac_ct,axial,0,public,True,0.318359375,0.318359375
ImageCAS_176,176,static,C:\Users\maksa\Desktop\диссертация\data\data\segmentation\ImageCAS_CT\raw_images\final_extracted\1-200\176.img.nii.gz,C:\Users\maksa\Desktop\диссертация\data\data\segmentation\ImageCAS_CT\ImageCAS-STACOM2025-02-10-2025\segmentations\176.img.nii.gz,248,ImageCAS,unassigned,cardiac_ct,axial,0,public,True,0.318359375,0.318359375
ImageCAS_177,177,static,C:\Users\maksa\Desktop\диссертация\data\data\segmentation\ImageCAS_CT\raw_images\final_extracted\1-200\177.img.nii.gz,C:\Users\maksa\Desktop\диссертация\data\data\segmentation\ImageCAS_CT\ImageCAS-STACOM2025-02-10-2025\segmentations\177.img.nii.gz,0,ImageCAS,unassigned,cardiac_ct,axial,0,public,True,0.447265625,0.447265625
ImageCAS_177,177,static,C:\Users\maksa\Desktop\диссертация\data\data\segmentation\ImageCAS_CT\raw_images\final_extracted\1-200\177.img.nii.gz,C:\Users\maksa\Desktop\диссертация\data\data\segmentation\ImageCAS_CT\ImageCAS-STACOM2025-02-10-2025\segmentations\177.img.nii.gz,30,ImageCAS,unassigned,cardiac_ct,axial,0,public,True,0.447265625,0.447265625
ImageCAS_177,177,static,C:\Users\maksa\Desktop\диссертация\data\data\segmentation\ImageCAS_CT\raw_images\final_extracted\1-200\177.img.nii.gz,C:\Users\maksa\Desktop\диссертация\data\data\segmentation\ImageCAS_CT\ImageCAS-STACOM2025-02-10-2025\segmentations\177.img.nii.gz,61,ImageCAS,unassigned,cardiac_ct,axial,0,public,True,0.447265625,0.447265625
ImageCAS_177,177,static,C:\Users\maksa\Desktop\диссертация\data\data\segmentation\ImageCAS_CT\raw_images\final_extracted\1-200\177.img.nii.gz,C:\Users\maksa\Desktop\диссертация\data\data\segmentation\ImageCAS_CT\ImageCAS-STACOM2025-02-10-2025\segmentations\177.img.nii.gz,91,ImageCAS,unassigned,cardiac_ct,axial,0,public,True,0.447265625,0.447265625
ImageCAS_177,177,static,C:\Users\maksa\Desktop\диссертация\data\data\segmentation\ImageCAS_CT\raw_images\final_extracted\1-200\177.img.nii.gz,C:\Users\maksa\Desktop\диссертация\data\data\segmentation\ImageCAS_CT\ImageCAS-STACOM2025-02-10-2025\segmentations\177.img.nii.gz,122,ImageCAS,unassigned,cardiac_ct,axial,0,public,True,0.447265625,0.447265625
ImageCAS_177,177,static,C:\Users\maksa\Desktop\диссертация\data\data\segmentation\ImageCAS_CT\raw_images\final_extracted\1-200\177.img.nii.gz,C:\Users\maksa\Desktop\диссертация\data\data\segmentation\ImageCAS_CT\ImageCAS-STACOM2025-02-10-2025\segmentations\177.img.nii.gz,152,ImageCAS,unassigned,cardiac_ct,axial,0,public,True,0.447265625,0.447265625
ImageCAS_177,177,static,C:\Users\maksa\Desktop\диссертация\data\data\segmentation\ImageCAS_CT\raw_images\final_extracted\1-200\177.img.nii.gz,C:\Users\maksa\Desktop\диссертация\data\data\segmentation\ImageCAS_CT\ImageCAS-STACOM2025-02-10-2025\segmentations\177.img.nii.gz,183,ImageCAS,unassigned,cardiac_ct,axial,0,public,True,0.447265625,0.447265625
ImageCAS_177,177,static,C:\Users\maksa\Desktop\диссертация\data\data\segmentation\ImageCAS_CT\raw_images\final_extracted\1-200\177.img.nii.gz,C:\Users\maksa\Desktop\диссертация\data\data\segmentation\ImageCAS_CT\ImageCAS-STACOM2025-02-10-2025\segmentations\177.img.nii.gz,213,ImageCAS,unassigned,cardiac_ct,axial,0,public,True,0.447265625,0.447265625
ImageCAS_177,177,static,C:\Users\maksa\Desktop\диссертация\data\data\segmentation\ImageCAS_CT\raw_images\final_extracted\1-200\177.img.nii.gz,C:\Users\maksa\Desktop\диссертация\data\data\segmentation\ImageCAS_CT\ImageCAS-STACOM2025-02-10-2025\segmentations\177.img.nii.gz,244,ImageCAS,unassigned,cardiac_ct,axial,0,public,True,0.447265625,0.447265625
ImageCAS_177,177,static,C:\Users\maksa\Desktop\диссертация\data\data\segmentation\ImageCAS_CT\raw_images\final_extracted\1-200\177.img.nii.gz,C:\Users\maksa\Desktop\диссертация\data\data\segmentation\ImageCAS_CT\ImageCAS-STACOM2025-02-10-2025\segmentations\177.img.nii.gz,274,ImageCAS,unassigned,cardiac_ct,axial,0,public,True,0.447265625,0.447265625
ImageCAS_178,178,static,C:\Users\maksa\Desktop\диссертация\data\data\segmentation\ImageCAS_CT\raw_images\final_extracted\1-200\178.img.nii.gz,C:\Users\maksa\Desktop\диссертация\data\data\segmentation\ImageCAS_CT\ImageCAS-STACOM2025-02-10-2025\segmentations\178.img.nii.gz,0,ImageCAS,unassigned,cardiac_ct,axial,0,public,True,0.318359375,0.318359375
ImageCAS_178,178,static,C:\Users\maksa\Desktop\диссертация\data\data\segmentation\ImageCAS_CT\raw_images\final_extracted\1-200\178.img.nii.gz,C:\Users\maksa\Desktop\диссертация\data\data\segmentation\ImageCAS_CT\ImageCAS-STACOM2025-02-10-2025\segmentations\178.img.nii.gz,23,ImageCAS,unassigned,cardiac_ct,axial,0,public,True,0.318359375,0.318359375
ImageCAS_178,178,static,C:\Users\maksa\Desktop\диссертация\data\data\segmentation\ImageCAS_CT\raw_images\final_extracted\1-200\178.img.nii.gz,C:\Users\maksa\Desktop\диссертация\data\data\segmentation\ImageCAS_CT\ImageCAS-STACOM2025-02-10-2025\segmentations\178.img.nii.gz,46,ImageCAS,unassigned,cardiac_ct,axial,0,public,True,0.318359375,0.318359375
ImageCAS_178,178,static,C:\Users\maksa\Desktop\диссертация\data\data\segmentation\ImageCAS_CT\raw_images\final_extracted\1-200\178.img.nii.gz,C:\Users\maksa\Desktop\диссертация\data\data\segmentation\ImageCAS_CT\ImageCAS-STACOM2025-02-10-2025\segmentations\178.img.nii.gz,68,ImageCAS,unassigned,cardiac_ct,axial,0,public,True,0.318359375,0.318359375
ImageCAS_178,178,static,C:\Users\maksa\Desktop\диссертация\data\data\segmentation\ImageCAS_CT\raw_images\final_extracted\1-200\178.img.nii.gz,C:\Users\maksa\Desktop\диссертация\data\data\segmentation\ImageCAS_CT\ImageCAS-STACOM2025-02-10-2025\segmentations\178.img.nii.gz,91,ImageCAS,unassigned,cardiac_ct,axial,0,public,True,0.318359375,0.318359375
ImageCAS_178,178,static,C:\Users\maksa\Desktop\диссертация\data\data\segmentation\ImageCAS_CT\raw_images\final_extracted\1-200\178.img.nii.gz,C:\Users\maksa\Desktop\диссертация\data\data\segmentation\ImageCAS_CT\ImageCAS-STACOM2025-02-10-2025\segmentations\178.img.nii.gz,114,ImageCAS,unassigned,cardiac_ct,axial,0,public,True,0.318359375,0.318359375
ImageCAS_178,178,static,C:\Users\maksa\Desktop\диссертация\data\data\segmentation\ImageCAS_CT\raw_images\final_extracted\1-200\178.img.nii.gz,C:\Users\maksa\Desktop\диссертация\data\data\segmentation\ImageCAS_CT\ImageCAS-STACOM2025-02-10-2025\segmentations\178.img.nii.gz,137,ImageCAS,unassigned,cardiac_ct,axial,0,public,True,0.318359375,0.318359375
ImageCAS_178,178,static,C:\Users\maksa\Desktop\диссертация\data\data\segmentation\ImageCAS_CT\raw_images\final_extracted\1-200\178.img.nii.gz,C:\Users\maksa\Desktop\диссертация\data\data\segmentation\ImageCAS_CT\ImageCAS-STACOM2025-02-10-2025\segmentations\178.img.nii.gz,159,ImageCAS,unassigned,cardiac_ct,axial,0,public,True,0.318359375,0.318359375
ImageCAS_178,178,static,C:\Users\maksa\Desktop\диссертация\data\data\segmentation\ImageCAS_CT\raw_images\final_extracted\1-200\178.img.nii.gz,C:\Users\maksa\Desktop\диссертация\data\data\segmentation\ImageCAS_CT\ImageCAS-STACOM2025-02-10-2025\segmentations\178.img.nii.gz,182,ImageCAS,unassigned,cardiac_ct,axial,0,public,True,0.318359375,0.318359375
ImageCAS_178,178,static,C:\Users\maksa\Desktop\диссертация\data\data\segmentation\ImageCAS_CT\raw_images\final_extracted\1-200\178.img.nii.gz,C:\Users\maksa\Desktop\диссертация\data\data\segmentation\ImageCAS_CT\ImageCAS-STACOM2025-02-10-2025\segmentations\178.img.nii.gz,205,ImageCAS,unassigned,cardiac_ct,axial,0,public,True,0.318359375,0.318359375
ImageCAS_179,179,static,C:\Users\maksa\Desktop\диссертация\data\data\segmentation\ImageCAS_CT\raw_images\final_extracted\1-200\179.img.nii.gz,C:\Users\maksa\Desktop\диссертация\data\data\segmentation\ImageCAS_CT\ImageCAS-STACOM2025-02-10-2025\segmentations\179.img.nii.gz,0,ImageCAS,unassigned,cardiac_ct,axial,0,public,True,0.373046875,0.373046875
ImageCAS_179,179,static,C:\Users\maksa\Desktop\диссертация\data\data\segmentation\ImageCAS_CT\raw_images\final_extracted\1-200\179.img.nii.gz,C:\Users\maksa\Desktop\диссертация\data\data\segmentation\ImageCAS_CT\ImageCAS-STACOM2025-02-10-2025\segmentations\179.img.nii.gz,30,ImageCAS,unassigned,cardiac_ct,axial,0,public,True,0.373046875,0.373046875
ImageCAS_179,179,static,C:\Users\maksa\Desktop\диссертация\data\data\segmentation\ImageCAS_CT\raw_images\final_extracted\1-200\179.img.nii.gz,C:\Users\maksa\Desktop\диссертация\data\data\segmentation\ImageCAS_CT\ImageCAS-STACOM2025-02-10-2025\segmentations\179.img.nii.gz,61,ImageCAS,unassigned,cardiac_ct,axial,0,public,True,0.373046875,0.373046875
ImageCAS_179,179,static,C:\Users\maksa\Desktop\диссертация\data\data\segmentation\ImageCAS_CT\raw_images\final_extracted\1-200\179.img.nii.gz,C:\Users\maksa\Desktop\диссертация\data\data\segmentation\ImageCAS_CT\ImageCAS-STACOM2025-02-10-2025\segmentations\179.img.nii.gz,91,ImageCAS,unassigned,cardiac_ct,axial,0,public,True,0.373046875,0.373046875
ImageCAS_179,179,static,C:\Users\maksa\Desktop\диссертация\data\data\segmentation\ImageCAS_CT\raw_images\final_extracted\1-200\179.img.nii.gz,C:\Users\maksa\Desktop\диссертация\data\data\segmentation\ImageCAS_CT\ImageCAS-STACOM2025-02-10-2025\segmentations\179.img.nii.gz,122,ImageCAS,unassigned,cardiac_ct,axial,0,public,True,0.373046875,0.373046875
ImageCAS_179,179,static,C:\Users\maksa\Desktop\диссертация\data\data\segmentation\ImageCAS_CT\raw_images\final_extracted\1-200\179.img.nii.gz,C:\Users\maksa\Desktop\диссертация\data\data\segmentation\ImageCAS_CT\ImageCAS-STACOM2025-02-10-2025\segmentations\179.img.nii.gz,152,ImageCAS,unassigned,cardiac_ct,axial,0,public,True,0.373046875,0.373046875
ImageCAS_179,179,static,C:\Users\maksa\Desktop\диссертация\data\data\segmentation\ImageCAS_CT\raw_images\final_extracted\1-200\179.img.nii.gz,C:\Users\maksa\Desktop\диссертация\data\data\segmentation\ImageCAS_CT\ImageCAS-STACOM2025-02-10-2025\segmentations\179.img.nii.gz,183,ImageCAS,unassigned,cardiac_ct,axial,0,public,True,0.373046875,0.373046875
ImageCAS_179,179,static,C:\Users\maksa\Desktop\диссертация\data\data\segmentation\ImageCAS_CT\raw_images\final_extracted\1-200\179.img.nii.gz,C:\Users\maksa\Desktop\диссертация\data\data\segmentation\ImageCAS_CT\ImageCAS-STACOM2025-02-10-2025\segmentations\179.img.nii.gz,213,ImageCAS,unassigned,cardiac_ct,axial,0,public,True,0.373046875,0.373046875
ImageCAS_179,179,static,C:\Users\maksa\Desktop\диссертация\data\data\segmentation\ImageCAS_CT\raw_images\final_extracted\1-200\179.img.nii.gz,C:\Users\maksa\Desktop\диссертация\data\data\segmentation\ImageCAS_CT\ImageCAS-STACOM2025-02-10-2025\segmentations\179.img.nii.gz,244,ImageCAS,unassigned,cardiac_ct,axial,0,public,True,0.373046875,0.373046875
ImageCAS_179,179,static,C:\Users\maksa\Desktop\диссертация\data\data\segmentation\ImageCAS_CT\raw_images\final_extracted\1-200\179.img.nii.gz,C:\Users\maksa\Desktop\диссертация\data\data\segmentation\ImageCAS_CT\ImageCAS-STACOM2025-02-10-2025\segmentations\179.img.nii.gz,274,ImageCAS,unassigned,cardiac_ct,axial,0,public,True,0.373046875,0.373046875
ImageCAS_18,18,static,C:\Users\maksa\Desktop\диссертация\data\data\segmentation\ImageCAS_CT\raw_images\final_extracted\1-200\18.img.nii.gz,C:\Users\maksa\Desktop\диссертация\data\data\segmentation\ImageCAS_CT\ImageCAS-STACOM2025-02-10-2025\segmentations\18.img.nii.gz,0,ImageCAS,unassigned,cardiac_ct,axial,0,public,True,0.318359375,0.318359375
ImageCAS_18,18,static,C:\Users\maksa\Desktop\диссертация\data\data\segmentation\ImageCAS_CT\raw_images\final_extracted\1-200\18.img.nii.gz,C:\Users\maksa\Desktop\диссертация\data\data\segmentation\ImageCAS_CT\ImageCAS-STACOM2025-02-10-2025\segmentations\18.img.nii.gz,23,ImageCAS,unassigned,cardiac_ct,axial,0,public,True,0.318359375,0.318359375
ImageCAS_18,18,static,C:\Users\maksa\Desktop\диссертация\data\data\segmentation\ImageCAS_CT\raw_images\final_extracted\1-200\18.img.nii.gz,C:\Users\maksa\Desktop\диссертация\data\data\segmentation\ImageCAS_CT\ImageCAS-STACOM2025-02-10-2025\segmentations\18.img.nii.gz,46,ImageCAS,unassigned,cardiac_ct,axial,0,public,True,0.318359375,0.318359375
ImageCAS_18,18,static,C:\Users\maksa\Desktop\диссертация\data\data\segmentation\ImageCAS_CT\raw_images\final_extracted\1-200\18.img.nii.gz,C:\Users\maksa\Desktop\диссертация\data\data\segmentation\ImageCAS_CT\ImageCAS-STACOM2025-02-10-2025\segmentations\18.img.nii.gz,68,ImageCAS,unassigned,cardiac_ct,axial,0,public,True,0.318359375,0.318359375
ImageCAS_18,18,static,C:\Users\maksa\Desktop\диссертация\data\data\segmentation\ImageCAS_CT\raw_images\final_extracted\1-200\18.img.nii.gz,C:\Users\maksa\Desktop\диссертация\data\data\segmentation\ImageCAS_CT\ImageCAS-STACOM2025-02-10-2025\segmentations\18.img.nii.gz,91,ImageCAS,unassigned,cardiac_ct,axial,0,public,True,0.318359375,0.318359375
ImageCAS_18,18,static,C:\Users\maksa\Desktop\диссертация\data\data\segmentation\ImageCAS_CT\raw_images\final_extracted\1-200\18.img.nii.gz,C:\Users\maksa\Desktop\диссертация\data\data\segmentation\ImageCAS_CT\ImageCAS-STACOM2025-02-10-2025\segmentations\18.img.nii.gz,114,ImageCAS,unassigned,cardiac_ct,axial,0,public,True,0.318359375,0.318359375
ImageCAS_18,18,static,C:\Users\maksa\Desktop\диссертация\data\data\segmentation\ImageCAS_CT\raw_images\final_extracted\1-200\18.img.nii.gz,C:\Users\maksa\Desktop\диссертация\data\data\segmentation\ImageCAS_CT\ImageCAS-STACOM2025-02-10-2025\segmentations\18.img.nii.gz,137,ImageCAS,unassigned,cardiac_ct,axial,0,public,True,0.318359375,0.318359375
ImageCAS_18,18,static,C:\Users\maksa\Desktop\диссертация\data\data\segmentation\ImageCAS_CT\raw_images\final_extracted\1-200\18.img.nii.gz,C:\Users\maksa\Desktop\диссертация\data\data\segmentation\ImageCAS_CT\ImageCAS-STACOM2025-02-10-2025\segmentations\18.img.nii.gz,159,ImageCAS,unassigned,cardiac_ct,axial,0,public,True,0.318359375,0.318359375
ImageCAS_18,18,static,C:\Users\maksa\Desktop\диссертация\data\data\segmentation\ImageCAS_CT\raw_images\final_extracted\1-200\18.img.nii.gz,C:\Users\maksa\Desktop\диссертация\data\data\segmentation\ImageCAS_CT\ImageCAS-STACOM2025-02-10-2025\segmentations\18.img.nii.gz,182,ImageCAS,unassigned,cardiac_ct,axial,0,public,True,0.318359375,0.318359375
ImageCAS_18,18,static,C:\Users\maksa\Desktop\диссертация\data\data\segmentation\ImageCAS_CT\raw_images\final_extracted\1-200\18.img.nii.gz,C:\Users\maksa\Desktop\диссертация\data\data\segmentation\ImageCAS_CT\ImageCAS-STACOM2025-02-10-2025\segmentations\18.img.nii.gz,205,ImageCAS,unassigned,cardiac_ct,axial,0,public,True,0.318359375,0.318359375
ImageCAS_180,180,static,C:\Users\maksa\Desktop\диссертация\data\data\segmentation\ImageCAS_CT\raw_images\final_extracted\1-200\180.img.nii.gz,C:\Users\maksa\Desktop\диссертация\data\data\segmentation\ImageCAS_CT\ImageCAS-STACOM2025-02-10-2025\segmentations\180.img.nii.gz,0,ImageCAS,unassigned,cardiac_ct,axial,0,public,True,0.396484375,0.396484375
ImageCAS_180,180,static,C:\Users\maksa\Desktop\диссертация\data\data\segmentation\ImageCAS_CT\raw_images\final_extracted\1-200\180.img.nii.gz,C:\Users\maksa\Desktop\диссертация\data\data\segmentation\ImageCAS_CT\ImageCAS-STACOM2025-02-10-2025\segmentations\180.img.nii.gz,30,ImageCAS,unassigned,cardiac_ct,axial,0,public,True,0.396484375,0.396484375
ImageCAS_180,180,static,C:\Users\maksa\Desktop\диссертация\data\data\segmentation\ImageCAS_CT\raw_images\final_extracted\1-200\180.img.nii.gz,C:\Users\maksa\Desktop\диссертация\data\data\segmentation\ImageCAS_CT\ImageCAS-STACOM2025-02-10-2025\segmentations\180.img.nii.gz,61,ImageCAS,unassigned,cardiac_ct,axial,0,public,True,0.396484375,0.396484375
ImageCAS_180,180,static,C:\Users\maksa\Desktop\диссертация\data\data\segmentation\ImageCAS_CT\raw_images\final_extracted\1-200\180.img.nii.gz,C:\Users\maksa\Desktop\диссертация\data\data\segmentation\ImageCAS_CT\ImageCAS-STACOM2025-02-10-2025\segmentations\180.img.nii.gz,91,ImageCAS,unassigned,cardiac_ct,axial,0,public,True,0.396484375,0.396484375
ImageCAS_180,180,static,C:\Users\maksa\Desktop\диссертация\data\data\segmentation\ImageCAS_CT\raw_images\final_extracted\1-200\180.img.nii.gz,C:\Users\maksa\Desktop\диссертация\data\data\segmentation\ImageCAS_CT\ImageCAS-STACOM2025-02-10-2025\segmentations\180.img.nii.gz,122,ImageCAS,unassigned,cardiac_ct,axial,0,public,True,0.396484375,0.396484375
ImageCAS_180,180,static,C:\Users\maksa\Desktop\диссертация\data\data\segmentation\ImageCAS_CT\raw_images\final_extracted\1-200\180.img.nii.gz,C:\Users\maksa\Desktop\диссертация\data\data\segmentation\ImageCAS_CT\ImageCAS-STACOM2025-02-10-2025\segmentations\180.img.nii.gz,152,ImageCAS,unassigned,cardiac_ct,axial,0,public,True,0.396484375,0.396484375
ImageCAS_180,180,static,C:\Users\maksa\Desktop\диссертация\data\data\segmentation\ImageCAS_CT\raw_images\final_extracted\1-200\180.img.nii.gz,C:\Users\maksa\Desktop\диссертация\data\data\segmentation\ImageCAS_CT\ImageCAS-STACOM2025-02-10-2025\segmentations\180.img.nii.gz,183,ImageCAS,unassigned,cardiac_ct,axial,0,public,True,0.396484375,0.396484375
ImageCAS_180,180,static,C:\Users\maksa\Desktop\диссертация\data\data\segmentation\ImageCAS_CT\raw_images\final_extracted\1-200\180.img.nii.gz,C:\Users\maksa\Desktop\диссертация\data\data\segmentation\ImageCAS_CT\ImageCAS-STACOM2025-02-10-2025\segmentations\180.img.nii.gz,213,ImageCAS,unassigned,cardiac_ct,axial,0,public,True,0.396484375,0.396484375
ImageCAS_180,180,static,C:\Users\maksa\Desktop\диссертация\data\data\segmentation\ImageCAS_CT\raw_images\final_extracted\1-200\180.img.nii.gz,C:\Users\maksa\Desktop\диссертация\data\data\segmentation\ImageCAS_CT\ImageCAS-STACOM2025-02-10-2025\segmentations\180.img.nii.gz,244,ImageCAS,unassigned,cardiac_ct,axial,0,public,True,0.396484375,0.396484375
ImageCAS_180,180,static,C:\Users\maksa\Desktop\диссертация\data\data\segmentation\ImageCAS_CT\raw_images\final_extracted\1-200\180.img.nii.gz,C:\Users\maksa\Desktop\диссертация\data\data\segmentation\ImageCAS_CT\ImageCAS-STACOM2025-02-10-2025\segmentations\180.img.nii.gz,274,ImageCAS,unassigned,cardiac_ct,axial,0,public,True,0.396484375,0.396484375
ImageCAS_181,181,static,C:\Users\maksa\Desktop\диссертация\data\data\segmentation\ImageCAS_CT\raw_images\final_extracted\1-200\181.img.nii.gz,C:\Users\maksa\Desktop\диссертация\data\data\segmentation\ImageCAS_CT\ImageCAS-STACOM2025-02-10-2025\segmentations\181.img.nii.gz,0,ImageCAS,unassigned,cardiac_ct,axial,0,public,True,0.3828125,0.3828125
ImageCAS_181,181,static,C:\Users\maksa\Desktop\диссертация\data\data\segmentation\ImageCAS_CT\raw_images\final_extracted\1-200\181.img.nii.gz,C:\Users\maksa\Desktop\диссертация\data\data\segmentation\ImageCAS_CT\ImageCAS-STACOM2025-02-10-2025\segmentations\181.img.nii.gz,30,ImageCAS,unassigned,cardiac_ct,axial,0,public,True,0.3828125,0.3828125
ImageCAS_181,181,static,C:\Users\maksa\Desktop\диссертация\data\data\segmentation\ImageCAS_CT\raw_images\final_extracted\1-200\181.img.nii.gz,C:\Users\maksa\Desktop\диссертация\data\data\segmentation\ImageCAS_CT\ImageCAS-STACOM2025-02-10-2025\segmentations\181.img.nii.gz,61,ImageCAS,unassigned,cardiac_ct,axial,0,public,True,0.3828125,0.3828125
ImageCAS_181,181,static,C:\Users\maksa\Desktop\диссертация\data\data\segmentation\ImageCAS_CT\raw_images\final_extracted\1-200\181.img.nii.gz,C:\Users\maksa\Desktop\диссертация\data\data\segmentation\ImageCAS_CT\ImageCAS-STACOM2025-02-10-2025\segmentations\181.img.nii.gz,91,ImageCAS,unassigned,cardiac_ct,axial,0,public,True,0.3828125,0.3828125
ImageCAS_181,181,static,C:\Users\maksa\Desktop\диссертация\data\data\segmentation\ImageCAS_CT\raw_images\final_extracted\1-200\181.img.nii.gz,C:\Users\maksa\Desktop\диссертация\data\data\segmentation\ImageCAS_CT\ImageCAS-STACOM2025-02-10-2025\segmentations\181.img.nii.gz,122,ImageCAS,unassigned,cardiac_ct,axial,0,public,True,0.3828125,0.3828125
ImageCAS_181,181,static,C:\Users\maksa\Desktop\диссертация\data\data\segmentation\ImageCAS_CT\raw_images\final_extracted\1-200\181.img.nii.gz,C:\Users\maksa\Desktop\диссертация\data\data\segmentation\ImageCAS_CT\ImageCAS-STACOM2025-02-10-2025\segmentations\181.img.nii.gz,152,ImageCAS,unassigned,cardiac_ct,axial,0,public,True,0.3828125,0.3828125
ImageCAS_181,181,static,C:\Users\maksa\Desktop\диссертация\data\data\segmentation\ImageCAS_CT\raw_images\final_extracted\1-200\181.img.nii.gz,C:\Users\maksa\Desktop\диссертация\data\data\segmentation\ImageCAS_CT\ImageCAS-STACOM2025-02-10-2025\segmentations\181.img.nii.gz,183,ImageCAS,unassigned,cardiac_ct,axial,0,public,True,0.3828125,0.3828125
ImageCAS_181,181,static,C:\Users\maksa\Desktop\диссертация\data\data\segmentation\ImageCAS_CT\raw_images\final_extracted\1-200\181.img.nii.gz,C:\Users\maksa\Desktop\диссертация\data\data\segmentation\ImageCAS_CT\ImageCAS-STACOM2025-02-10-2025\segmentations\181.img.nii.gz,213,ImageCAS,unassigned,cardiac_ct,axial,0,public,True,0.3828125,0.3828125
ImageCAS_181,181,static,C:\Users\maksa\Desktop\диссертация\data\data\segmentation\ImageCAS_CT\raw_images\final_extracted\1-200\181.img.nii.gz,C:\Users\maksa\Desktop\диссертация\data\data\segmentation\ImageCAS_CT\ImageCAS-STACOM2025-02-10-2025\segmentations\181.img.nii.gz,244,ImageCAS,unassigned,cardiac_ct,axial,0,public,True,0.3828125,0.3828125
ImageCAS_181,181,static,C:\Users\maksa\Desktop\диссертация\data\data\segmentation\ImageCAS_CT\raw_images\final_extracted\1-200\181.img.nii.gz,C:\Users\maksa\Desktop\диссертация\data\data\segmentation\ImageCAS_CT\ImageCAS-STACOM2025-02-10-2025\segmentations\181.img.nii.gz,274,ImageCAS,unassigned,cardiac_ct,axial,0,public,True,0.3828125,0.3828125
ImageCAS_182,182,static,C:\Users\maksa\Desktop\диссертация\data\data\segmentation\ImageCAS_CT\raw_images\final_extracted\1-200\182.img.nii.gz,C:\Users\maksa\Desktop\диссертация\data\data\segmentation\ImageCAS_CT\ImageCAS-STACOM2025-02-10-2025\segmentations\182.img.nii.gz,0,ImageCAS,unassigned,cardiac_ct,axial,0,public,True,0.3671875,0.3671875
ImageCAS_182,182,static,C:\Users\maksa\Desktop\диссертация\data\data\segmentation\ImageCAS_CT\raw_images\final_extracted\1-200\182.img.nii.gz,C:\Users\maksa\Desktop\диссертация\data\data\segmentation\ImageCAS_CT\ImageCAS-STACOM2025-02-10-2025\segmentations\182.img.nii.gz,30,ImageCAS,unassigned,cardiac_ct,axial,0,public,True,0.3671875,0.3671875
ImageCAS_182,182,static,C:\Users\maksa\Desktop\диссертация\data\data\segmentation\ImageCAS_CT\raw_images\final_extracted\1-200\182.img.nii.gz,C:\Users\maksa\Desktop\диссертация\data\data\segmentation\ImageCAS_CT\ImageCAS-STACOM2025-02-10-2025\segmentations\182.img.nii.gz,61,ImageCAS,unassigned,cardiac_ct,axial,0,public,True,0.3671875,0.3671875
ImageCAS_182,182,static,C:\Users\maksa\Desktop\диссертация\data\data\segmentation\ImageCAS_CT\raw_images\final_extracted\1-200\182.img.nii.gz,C:\Users\maksa\Desktop\диссертация\data\data\segmentation\ImageCAS_CT\ImageCAS-STACOM2025-02-10-2025\segmentations\182.img.nii.gz,91,ImageCAS,unassigned,cardiac_ct,axial,0,public,True,0.3671875,0.3671875
ImageCAS_182,182,static,C:\Users\maksa\Desktop\диссертация\data\data\segmentation\ImageCAS_CT\raw_images\final_extracted\1-200\182.img.nii.gz,C:\Users\maksa\Desktop\диссертация\data\data\segmentation\ImageCAS_CT\ImageCAS-STACOM2025-02-10-2025\segmentations\182.img.nii.gz,122,ImageCAS,unassigned,cardiac_ct,axial,0,public,True,0.3671875,0.3671875
ImageCAS_182,182,static,C:\Users\maksa\Desktop\диссертация\data\data\segmentation\ImageCAS_CT\raw_images\final_extracted\1-200\182.img.nii.gz,C:\Users\maksa\Desktop\диссертация\data\data\segmentation\ImageCAS_CT\ImageCAS-STACOM2025-02-10-2025\segmentations\182.img.nii.gz,152,ImageCAS,unassigned,cardiac_ct,axial,0,public,True,0.3671875,0.3671875
ImageCAS_182,182,static,C:\Users\maksa\Desktop\диссертация\data\data\segmentation\ImageCAS_CT\raw_images\final_extracted\1-200\182.img.nii.gz,C:\Users\maksa\Desktop\диссертация\data\data\segmentation\ImageCAS_CT\ImageCAS-STACOM2025-02-10-2025\segmentations\182.img.nii.gz,183,ImageCAS,unassigned,cardiac_ct,axial,0,public,True,0.3671875,0.3671875
ImageCAS_182,182,static,C:\Users\maksa\Desktop\диссертация\data\data\segmentation\ImageCAS_CT\raw_images\final_extracted\1-200\182.img.nii.gz,C:\Users\maksa\Desktop\диссертация\data\data\segmentation\ImageCAS_CT\ImageCAS-STACOM2025-02-10-2025\segmentations\182.img.nii.gz,213,ImageCAS,unassigned,cardiac_ct,axial,0,public,True,0.3671875,0.3671875
ImageCAS_182,182,static,C:\Users\maksa\Desktop\диссертация\data\data\segmentation\ImageCAS_CT\raw_images\final_extracted\1-200\182.img.nii.gz,C:\Users\maksa\Desktop\диссертация\data\data\segmentation\ImageCAS_CT\ImageCAS-STACOM2025-02-10-2025\segmentations\182.img.nii.gz,244,ImageCAS,unassigned,cardiac_ct,axial,0,public,True,0.3671875,0.3671875
ImageCAS_182,182,static,C:\Users\maksa\Desktop\диссертация\data\data\segmentation\ImageCAS_CT\raw_images\final_extracted\1-200\182.img.nii.gz,C:\Users\maksa\Desktop\диссертация\data\data\segmentation\ImageCAS_CT\ImageCAS-STACOM2025-02-10-2025\segmentations\182.img.nii.gz,274,ImageCAS,unassigned,cardiac_ct,axial,0,public,True,0.3671875,0.3671875
ImageCAS_183,183,static,C:\Users\maksa\Desktop\диссертация\data\data\segmentation\ImageCAS_CT\raw_images\final_extracted\1-200\183.img.nii.gz,C:\Users\maksa\Desktop\диссертация\data\data\segmentation\ImageCAS_CT\ImageCAS-STACOM2025-02-10-2025\segmentations\183.img.nii.gz,0,ImageCAS,unassigned,cardiac_ct,axial,0,public,True,0.3828125,0.3828125
ImageCAS_183,183,static,C:\Users\maksa\Desktop\диссертация\data\data\segmentation\ImageCAS_CT\raw_images\final_extracted\1-200\183.img.nii.gz,C:\Users\maksa\Desktop\диссертация\data\data\segmentation\ImageCAS_CT\ImageCAS-STACOM2025-02-10-2025\segmentations\183.img.nii.gz,30,ImageCAS,unassigned,cardiac_ct,axial,0,public,True,0.3828125,0.3828125
ImageCAS_183,183,static,C:\Users\maksa\Desktop\диссертация\data\data\segmentation\ImageCAS_CT\raw_images\final_extracted\1-200\183.img.nii.gz,C:\Users\maksa\Desktop\диссертация\data\data\segmentation\ImageCAS_CT\ImageCAS-STACOM2025-02-10-2025\segmentations\183.img.nii.gz,61,ImageCAS,unassigned,cardiac_ct,axial,0,public,True,0.3828125,0.3828125
ImageCAS_183,183,static,C:\Users\maksa\Desktop\диссертация\data\data\segmentation\ImageCAS_CT\raw_images\final_extracted\1-200\183.img.nii.gz,C:\Users\maksa\Desktop\диссертация\data\data\segmentation\ImageCAS_CT\ImageCAS-STACOM2025-02-10-2025\segmentations\183.img.nii.gz,91,ImageCAS,unassigned,cardiac_ct,axial,0,public,True,0.3828125,0.3828125
ImageCAS_183,183,static,C:\Users\maksa\Desktop\диссертация\data\data\segmentation\ImageCAS_CT\raw_images\final_extracted\1-200\183.img.nii.gz,C:\Users\maksa\Desktop\диссертация\data\data\segmentation\ImageCAS_CT\ImageCAS-STACOM2025-02-10-2025\segmentations\183.img.nii.gz,122,ImageCAS,unassigned,cardiac_ct,axial,0,public,True,0.3828125,0.3828125
ImageCAS_183,183,static,C:\Users\maksa\Desktop\диссертация\data\data\segmentation\ImageCAS_CT\raw_images\final_extracted\1-200\183.img.nii.gz,C:\Users\maksa\Desktop\диссертация\data\data\segmentation\ImageCAS_CT\ImageCAS-STACOM2025-02-10-2025\segmentations\183.img.nii.gz,152,ImageCAS,unassigned,cardiac_ct,axial,0,public,True,0.3828125,0.3828125
ImageCAS_183,183,static,C:\Users\maksa\Desktop\диссертация\data\data\segmentation\ImageCAS_CT\raw_images\final_extracted\1-200\183.img.nii.gz,C:\Users\maksa\Desktop\диссертация\data\data\segmentation\ImageCAS_CT\ImageCAS-STACOM2025-02-10-2025\segmentations\183.img.nii.gz,183,ImageCAS,unassigned,cardiac_ct,axial,0,public,True,0.3828125,0.3828125
ImageCAS_183,183,static,C:\Users\maksa\Desktop\диссертация\data\data\segmentation\ImageCAS_CT\raw_images\final_extracted\1-200\183.img.nii.gz,C:\Users\maksa\Desktop\диссертация\data\data\segmentation\ImageCAS_CT\ImageCAS-STACOM2025-02-10-2025\segmentations\183.img.nii.gz,213,ImageCAS,unassigned,cardiac_ct,axial,0,public,True,0.3828125,0.3828125
ImageCAS_183,183,static,C:\Users\maksa\Desktop\диссертация\data\data\segmentation\ImageCAS_CT\raw_images\final_extracted\1-200\183.img.nii.gz,C:\Users\maksa\Desktop\диссертация\data\data\segmentation\ImageCAS_CT\ImageCAS-STACOM2025-02-10-2025\segmentations\183.img.nii.gz,244,ImageCAS,unassigned,cardiac_ct,axial,0,public,True,0.3828125,0.3828125
ImageCAS_183,183,static,C:\Users\maksa\Desktop\диссертация\data\data\segmentation\ImageCAS_CT\raw_images\final_extracted\1-200\183.img.nii.gz,C:\Users\maksa\Desktop\диссертация\data\data\segmentation\ImageCAS_CT\ImageCAS-STACOM2025-02-10-2025\segmentations\183.img.nii.gz,274,ImageCAS,unassigned,cardiac_ct,axial,0,public,True,0.3828125,0.3828125
ImageCAS_184,184,static,C:\Users\maksa\Desktop\диссертация\data\data\segmentation\ImageCAS_CT\raw_images\final_extracted\1-200\184.img.nii.gz,C:\Users\maksa\Desktop\диссертация\data\data\segmentation\ImageCAS_CT\ImageCAS-STACOM2025-02-10-2025\segmentations\184.img.nii.gz,0,ImageCAS,unassigned,cardiac_ct,axial,0,public,True,0.369140625,0.369140625
ImageCAS_184,184,static,C:\Users\maksa\Desktop\диссертация\data\data\segmentation\ImageCAS_CT\raw_images\final_extracted\1-200\184.img.nii.gz,C:\Users\maksa\Desktop\диссертация\data\data\segmentation\ImageCAS_CT\ImageCAS-STACOM2025-02-10-2025\segmentations\184.img.nii.gz,30,ImageCAS,unassigned,cardiac_ct,axial,0,public,True,0.369140625,0.369140625
ImageCAS_184,184,static,C:\Users\maksa\Desktop\диссертация\data\data\segmentation\ImageCAS_CT\raw_images\final_extracted\1-200\184.img.nii.gz,C:\Users\maksa\Desktop\диссертация\data\data\segmentation\ImageCAS_CT\ImageCAS-STACOM2025-02-10-2025\segmentations\184.img.nii.gz,61,ImageCAS,unassigned,cardiac_ct,axial,0,public,True,0.369140625,0.369140625
ImageCAS_184,184,static,C:\Users\maksa\Desktop\диссертация\data\data\segmentation\ImageCAS_CT\raw_images\final_extracted\1-200\184.img.nii.gz,C:\Users\maksa\Desktop\диссертация\data\data\segmentation\ImageCAS_CT\ImageCAS-STACOM2025-02-10-2025\segmentations\184.img.nii.gz,91,ImageCAS,unassigned,cardiac_ct,axial,0,public,True,0.369140625,0.369140625
ImageCAS_184,184,static,C:\Users\maksa\Desktop\диссертация\data\data\segmentation\ImageCAS_CT\raw_images\final_extracted\1-200\184.img.nii.gz,C:\Users\maksa\Desktop\диссертация\data\data\segmentation\ImageCAS_CT\ImageCAS-STACOM2025-02-10-2025\segmentations\184.img.nii.gz,122,ImageCAS,unassigned,cardiac_ct,axial,0,public,True,0.369140625,0.369140625
ImageCAS_184,184,static,C:\Users\maksa\Desktop\диссертация\data\data\segmentation\ImageCAS_CT\raw_images\final_extracted\1-200\184.img.nii.gz,C:\Users\maksa\Desktop\диссертация\data\data\segmentation\ImageCAS_CT\ImageCAS-STACOM2025-02-10-2025\segmentations\184.img.nii.gz,152,ImageCAS,unassigned,cardiac_ct,axial,0,public,True,0.369140625,0.369140625
ImageCAS_184,184,static,C:\Users\maksa\Desktop\диссертация\data\data\segmentation\ImageCAS_CT\raw_images\final_extracted\1-200\184.img.nii.gz,C:\Users\maksa\Desktop\диссертация\data\data\segmentation\ImageCAS_CT\ImageCAS-STACOM2025-02-10-2025\segmentations\184.img.nii.gz,183,ImageCAS,unassigned,cardiac_ct,axial,0,public,True,0.369140625,0.369140625
ImageCAS_184,184,static,C:\Users\maksa\Desktop\диссертация\data\data\segmentation\ImageCAS_CT\raw_images\final_extracted\1-200\184.img.nii.gz,C:\Users\maksa\Desktop\диссертация\data\data\segmentation\ImageCAS_CT\ImageCAS-STACOM2025-02-10-2025\segmentations\184.img.nii.gz,213,ImageCAS,unassigned,cardiac_ct,axial,0,public,True,0.369140625,0.369140625
ImageCAS_184,184,static,C:\Users\maksa\Desktop\диссертация\data\data\segmentation\ImageCAS_CT\raw_images\final_extracted\1-200\184.img.nii.gz,C:\Users\maksa\Desktop\диссертация\data\data\segmentation\ImageCAS_CT\ImageCAS-STACOM2025-02-10-2025\segmentations\184.img.nii.gz,244,ImageCAS,unassigned,cardiac_ct,axial,0,public,True,0.369140625,0.369140625
ImageCAS_184,184,static,C:\Users\maksa\Desktop\диссертация\data\data\segmentation\ImageCAS_CT\raw_images\final_extracted\1-200\184.img.nii.gz,C:\Users\maksa\Desktop\диссертация\data\data\segmentation\ImageCAS_CT\ImageCAS-STACOM2025-02-10-2025\segmentations\184.img.nii.gz,274,ImageCAS,unassigned,cardiac_ct,axial,0,public,True,0.369140625,0.369140625
ImageCAS_185,185,static,C:\Users\maksa\Desktop\диссертация\data\data\segmentation\ImageCAS_CT\raw_images\final_extracted\1-200\185.img.nii.gz,C:\Users\maksa\Desktop\диссертация\data\data\segmentation\ImageCAS_CT\ImageCAS-STACOM2025-02-10-2025\segmentations\185.img.nii.gz,0,ImageCAS,unassigned,cardiac_ct,axial,0,public,True,0.34375,0.34375
ImageCAS_185,185,static,C:\Users\maksa\Desktop\диссертация\data\data\segmentation\ImageCAS_CT\raw_images\final_extracted\1-200\185.img.nii.gz,C:\Users\maksa\Desktop\диссертация\data\data\segmentation\ImageCAS_CT\ImageCAS-STACOM2025-02-10-2025\segmentations\185.img.nii.gz,30,ImageCAS,unassigned,cardiac_ct,axial,0,public,True,0.34375,0.34375
ImageCAS_185,185,static,C:\Users\maksa\Desktop\диссертация\data\data\segmentation\ImageCAS_CT\raw_images\final_extracted\1-200\185.img.nii.gz,C:\Users\maksa\Desktop\диссертация\data\data\segmentation\ImageCAS_CT\ImageCAS-STACOM2025-02-10-2025\segmentations\185.img.nii.gz,61,ImageCAS,unassigned,cardiac_ct,axial,0,public,True,0.34375,0.34375
ImageCAS_185,185,static,C:\Users\maksa\Desktop\диссертация\data\data\segmentation\ImageCAS_CT\raw_images\final_extracted\1-200\185.img.nii.gz,C:\Users\maksa\Desktop\диссертация\data\data\segmentation\ImageCAS_CT\ImageCAS-STACOM2025-02-10-2025\segmentations\185.img.nii.gz,91,ImageCAS,unassigned,cardiac_ct,axial,0,public,True,0.34375,0.34375
ImageCAS_185,185,static,C:\Users\maksa\Desktop\диссертация\data\data\segmentation\ImageCAS_CT\raw_images\final_extracted\1-200\185.img.nii.gz,C:\Users\maksa\Desktop\диссертация\data\data\segmentation\ImageCAS_CT\ImageCAS-STACOM2025-02-10-2025\segmentations\185.img.nii.gz,122,ImageCAS,unassigned,cardiac_ct,axial,0,public,True,0.34375,0.34375
ImageCAS_185,185,static,C:\Users\maksa\Desktop\диссертация\data\data\segmentation\ImageCAS_CT\raw_images\final_extracted\1-200\185.img.nii.gz,C:\Users\maksa\Desktop\диссертация\data\data\segmentation\ImageCAS_CT\ImageCAS-STACOM2025-02-10-2025\segmentations\185.img.nii.gz,152,ImageCAS,unassigned,cardiac_ct,axial,0,public,True,0.34375,0.34375
ImageCAS_185,185,static,C:\Users\maksa\Desktop\диссертация\data\data\segmentation\ImageCAS_CT\raw_images\final_extracted\1-200\185.img.nii.gz,C:\Users\maksa\Desktop\диссертация\data\data\segmentation\ImageCAS_CT\ImageCAS-STACOM2025-02-10-2025\segmentations\185.img.nii.gz,183,ImageCAS,unassigned,cardiac_ct,axial,0,public,True,0.34375,0.34375
ImageCAS_185,185,static,C:\Users\maksa\Desktop\диссертация\data\data\segmentation\ImageCAS_CT\raw_images\final_extracted\1-200\185.img.nii.gz,C:\Users\maksa\Desktop\диссертация\data\data\segmentation\ImageCAS_CT\ImageCAS-STACOM2025-02-10-2025\segmentations\185.img.nii.gz,213,ImageCAS,unassigned,cardiac_ct,axial,0,public,True,0.34375,0.34375
ImageCAS_185,185,static,C:\Users\maksa\Desktop\диссертация\data\data\segmentation\ImageCAS_CT\raw_images\final_extracted\1-200\185.img.nii.gz,C:\Users\maksa\Desktop\диссертация\data\data\segmentation\ImageCAS_CT\ImageCAS-STACOM2025-02-10-2025\segmentations\185.img.nii.gz,244,ImageCAS,unassigned,cardiac_ct,axial,0,public,True,0.34375,0.34375
ImageCAS_185,185,static,C:\Users\maksa\Desktop\диссертация\data\data\segmentation\ImageCAS_CT\raw_images\final_extracted\1-200\185.img.nii.gz,C:\Users\maksa\Desktop\диссертация\data\data\segmentation\ImageCAS_CT\ImageCAS-STACOM2025-02-10-2025\segmentations\185.img.nii.gz,274,ImageCAS,unassigned,cardiac_ct,axial,0,public,True,0.34375,0.34375
ImageCAS_186,186,static,C:\Users\maksa\Desktop\диссертация\data\data\segmentation\ImageCAS_CT\raw_images\final_extracted\1-200\186.img.nii.gz,C:\Users\maksa\Desktop\диссертация\data\data\segmentation\ImageCAS_CT\ImageCAS-STACOM2025-02-10-2025\segmentations\186.img.nii.gz,0,ImageCAS,unassigned,cardiac_ct,axial,0,public,True,0.318359375,0.318359375
ImageCAS_186,186,static,C:\Users\maksa\Desktop\диссертация\data\data\segmentation\ImageCAS_CT\raw_images\final_extracted\1-200\186.img.nii.gz,C:\Users\maksa\Desktop\диссертация\data\data\segmentation\ImageCAS_CT\ImageCAS-STACOM2025-02-10-2025\segmentations\186.img.nii.gz,23,ImageCAS,unassigned,cardiac_ct,axial,0,public,True,0.318359375,0.318359375
ImageCAS_186,186,static,C:\Users\maksa\Desktop\диссертация\data\data\segmentation\ImageCAS_CT\raw_images\final_extracted\1-200\186.img.nii.gz,C:\Users\maksa\Desktop\диссертация\data\data\segmentation\ImageCAS_CT\ImageCAS-STACOM2025-02-10-2025\segmentations\186.img.nii.gz,46,ImageCAS,unassigned,cardiac_ct,axial,0,public,True,0.318359375,0.318359375
ImageCAS_186,186,static,C:\Users\maksa\Desktop\диссертация\data\data\segmentation\ImageCAS_CT\raw_images\final_extracted\1-200\186.img.nii.gz,C:\Users\maksa\Desktop\диссертация\data\data\segmentation\ImageCAS_CT\ImageCAS-STACOM2025-02-10-2025\segmentations\186.img.nii.gz,68,ImageCAS,unassigned,cardiac_ct,axial,0,public,True,0.318359375,0.318359375
ImageCAS_186,186,static,C:\Users\maksa\Desktop\диссертация\data\data\segmentation\ImageCAS_CT\raw_images\final_extracted\1-200\186.img.nii.gz,C:\Users\maksa\Desktop\диссертация\data\data\segmentation\ImageCAS_CT\ImageCAS-STACOM2025-02-10-2025\segmentations\186.img.nii.gz,91,ImageCAS,unassigned,cardiac_ct,axial,0,public,True,0.318359375,0.318359375
ImageCAS_186,186,static,C:\Users\maksa\Desktop\диссертация\data\data\segmentation\ImageCAS_CT\raw_images\final_extracted\1-200\186.img.nii.gz,C:\Users\maksa\Desktop\диссертация\data\data\segmentation\ImageCAS_CT\ImageCAS-STACOM2025-02-10-2025\segmentations\186.img.nii.gz,114,ImageCAS,unassigned,cardiac_ct,axial,0,public,True,0.318359375,0.318359375
ImageCAS_186,186,static,C:\Users\maksa\Desktop\диссертация\data\data\segmentation\ImageCAS_CT\raw_images\final_extracted\1-200\186.img.nii.gz,C:\Users\maksa\Desktop\диссертация\data\data\segmentation\ImageCAS_CT\ImageCAS-STACOM2025-02-10-2025\segmentations\186.img.nii.gz,137,ImageCAS,unassigned,cardiac_ct,axial,0,public,True,0.318359375,0.318359375
ImageCAS_186,186,static,C:\Users\maksa\Desktop\диссертация\data\data\segmentation\ImageCAS_CT\raw_images\final_extracted\1-200\186.img.nii.gz,C:\Users\maksa\Desktop\диссертация\data\data\segmentation\ImageCAS_CT\ImageCAS-STACOM2025-02-10-2025\segmentations\186.img.nii.gz,159,ImageCAS,unassigned,cardiac_ct,axial,0,public,True,0.318359375,0.318359375
ImageCAS_186,186,static,C:\Users\maksa\Desktop\диссертация\data\data\segmentation\ImageCAS_CT\raw_images\final_extracted\1-200\186.img.nii.gz,C:\Users\maksa\Desktop\диссертация\data\data\segmentation\ImageCAS_CT\ImageCAS-STACOM2025-02-10-2025\segmentations\186.img.nii.gz,182,ImageCAS,unassigned,cardiac_ct,axial,0,public,True,0.318359375,0.318359375
ImageCAS_186,186,static,C:\Users\maksa\Desktop\диссертация\data\data\segmentation\ImageCAS_CT\raw_images\final_extracted\1-200\186.img.nii.gz,C:\Users\maksa\Desktop\диссертация\data\data\segmentation\ImageCAS_CT\ImageCAS-STACOM2025-02-10-2025\segmentations\186.img.nii.gz,205,ImageCAS,unassigned,cardiac_ct,axial,0,public,True,0.318359375,0.318359375
ImageCAS_187,187,static,C:\Users\maksa\Desktop\диссертация\data\data\segmentation\ImageCAS_CT\raw_images\final_extracted\1-200\187.img.nii.gz,C:\Users\maksa\Desktop\диссертация\data\data\segmentation\ImageCAS_CT\ImageCAS-STACOM2025-02-10-2025\segmentations\187.img.nii.gz,0,ImageCAS,unassigned,cardiac_ct,axial,0,public,True,0.330078125,0.330078125
ImageCAS_187,187,static,C:\Users\maksa\Desktop\диссертация\data\data\segmentation\ImageCAS_CT\raw_images\final_extracted\1-200\187.img.nii.gz,C:\Users\maksa\Desktop\диссертация\data\data\segmentation\ImageCAS_CT\ImageCAS-STACOM2025-02-10-2025\segmentations\187.img.nii.gz,30,ImageCAS,unassigned,cardiac_ct,axial,0,public,True,0.330078125,0.330078125
ImageCAS_187,187,static,C:\Users\maksa\Desktop\диссертация\data\data\segmentation\ImageCAS_CT\raw_images\final_extracted\1-200\187.img.nii.gz,C:\Users\maksa\Desktop\диссертация\data\data\segmentation\ImageCAS_CT\ImageCAS-STACOM2025-02-10-2025\segmentations\187.img.nii.gz,61,ImageCAS,unassigned,cardiac_ct,axial,0,public,True,0.330078125,0.330078125
ImageCAS_187,187,static,C:\Users\maksa\Desktop\диссертация\data\data\segmentation\ImageCAS_CT\raw_images\final_extracted\1-200\187.img.nii.gz,C:\Users\maksa\Desktop\диссертация\data\data\segmentation\ImageCAS_CT\ImageCAS-STACOM2025-02-10-2025\segmentations\187.img.nii.gz,91,ImageCAS,unassigned,cardiac_ct,axial,0,public,True,0.330078125,0.330078125
ImageCAS_187,187,static,C:\Users\maksa\Desktop\диссертация\data\data\segmentation\ImageCAS_CT\raw_images\final_extracted\1-200\187.img.nii.gz,C:\Users\maksa\Desktop\диссертация\data\data\segmentation\ImageCAS_CT\ImageCAS-STACOM2025-02-10-2025\segmentations\187.img.nii.gz,122,ImageCAS,unassigned,cardiac_ct,axial,0,public,True,0.330078125,0.330078125
ImageCAS_187,187,static,C:\Users\maksa\Desktop\диссертация\data\data\segmentation\ImageCAS_CT\raw_images\final_extracted\1-200\187.img.nii.gz,C:\Users\maksa\Desktop\диссертация\data\data\segmentation\ImageCAS_CT\ImageCAS-STACOM2025-02-10-2025\segmentations\187.img.nii.gz,152,ImageCAS,unassigned,cardiac_ct,axial,0,public,True,0.330078125,0.330078125
ImageCAS_187,187,static,C:\Users\maksa\Desktop\диссертация\data\data\segmentation\ImageCAS_CT\raw_images\final_extracted\1-200\187.img.nii.gz,C:\Users\maksa\Desktop\диссертация\data\data\segmentation\ImageCAS_CT\ImageCAS-STACOM2025-02-10-2025\segmentations\187.img.nii.gz,183,ImageCAS,unassigned,cardiac_ct,axial,0,public,True,0.330078125,0.330078125
ImageCAS_187,187,static,C:\Users\maksa\Desktop\диссертация\data\data\segmentation\ImageCAS_CT\raw_images\final_extracted\1-200\187.img.nii.gz,C:\Users\maksa\Desktop\диссертация\data\data\segmentation\ImageCAS_CT\ImageCAS-STACOM2025-02-10-2025\segmentations\187.img.nii.gz,213,ImageCAS,unassigned,cardiac_ct,axial,0,public,True,0.330078125,0.330078125
ImageCAS_187,187,static,C:\Users\maksa\Desktop\диссертация\data\data\segmentation\ImageCAS_CT\raw_images\final_extracted\1-200\187.img.nii.gz,C:\Users\maksa\Desktop\диссертация\data\data\segmentation\ImageCAS_CT\ImageCAS-STACOM2025-02-10-2025\segmentations\187.img.nii.gz,244,ImageCAS,unassigned,cardiac_ct,axial,0,public,True,0.330078125,0.330078125
ImageCAS_187,187,static,C:\Users\maksa\Desktop\диссертация\data\data\segmentation\ImageCAS_CT\raw_images\final_extracted\1-200\187.img.nii.gz,C:\Users\maksa\Desktop\диссертация\data\data\segmentation\ImageCAS_CT\ImageCAS-STACOM2025-02-10-2025\segmentations\187.img.nii.gz,274,ImageCAS,unassigned,cardiac_ct,axial,0,public,True,0.330078125,0.330078125
ImageCAS_189,189,static,C:\Users\maksa\Desktop\диссертация\data\data\segmentation\ImageCAS_CT\raw_images\final_extracted\1-200\189.img.nii.gz,C:\Users\maksa\Desktop\диссертация\data\data\segmentation\ImageCAS_CT\ImageCAS-STACOM2025-02-10-2025\segmentations\189.img.nii.gz,0,ImageCAS,unassigned,cardiac_ct,axial,0,public,True,0.318359375,0.318359375
ImageCAS_189,189,static,C:\Users\maksa\Desktop\диссертация\data\data\segmentation\ImageCAS_CT\raw_images\final_extracted\1-200\189.img.nii.gz,C:\Users\maksa\Desktop\диссертация\data\data\segmentation\ImageCAS_CT\ImageCAS-STACOM2025-02-10-2025\segmentations\189.img.nii.gz,30,ImageCAS,unassigned,cardiac_ct,axial,0,public,True,0.318359375,0.318359375
ImageCAS_189,189,static,C:\Users\maksa\Desktop\диссертация\data\data\segmentation\ImageCAS_CT\raw_images\final_extracted\1-200\189.img.nii.gz,C:\Users\maksa\Desktop\диссертация\data\data\segmentation\ImageCAS_CT\ImageCAS-STACOM2025-02-10-2025\segmentations\189.img.nii.gz,61,ImageCAS,unassigned,cardiac_ct,axial,0,public,True,0.318359375,0.318359375
ImageCAS_189,189,static,C:\Users\maksa\Desktop\диссертация\data\data\segmentation\ImageCAS_CT\raw_images\final_extracted\1-200\189.img.nii.gz,C:\Users\maksa\Desktop\диссертация\data\data\segmentation\ImageCAS_CT\ImageCAS-STACOM2025-02-10-2025\segmentations\189.img.nii.gz,91,ImageCAS,unassigned,cardiac_ct,axial,0,public,True,0.318359375,0.318359375
ImageCAS_189,189,static,C:\Users\maksa\Desktop\диссертация\data\data\segmentation\ImageCAS_CT\raw_images\final_extracted\1-200\189.img.nii.gz,C:\Users\maksa\Desktop\диссертация\data\data\segmentation\ImageCAS_CT\ImageCAS-STACOM2025-02-10-2025\segmentations\189.img.nii.gz,122,ImageCAS,unassigned,cardiac_ct,axial,0,public,True,0.318359375,0.318359375
ImageCAS_189,189,static,C:\Users\maksa\Desktop\диссертация\data\data\segmentation\ImageCAS_CT\raw_images\final_extracted\1-200\189.img.nii.gz,C:\Users\maksa\Desktop\диссертация\data\data\segmentation\ImageCAS_CT\ImageCAS-STACOM2025-02-10-2025\segmentations\189.img.nii.gz,152,ImageCAS,unassigned,cardiac_ct,axial,0,public,True,0.318359375,0.318359375
ImageCAS_189,189,static,C:\Users\maksa\Desktop\диссертация\data\data\segmentation\ImageCAS_CT\raw_images\final_extracted\1-200\189.img.nii.gz,C:\Users\maksa\Desktop\диссертация\data\data\segmentation\ImageCAS_CT\ImageCAS-STACOM2025-02-10-2025\segmentations\189.img.nii.gz,183,ImageCAS,unassigned,cardiac_ct,axial,0,public,True,0.318359375,0.318359375
ImageCAS_189,189,static,C:\Users\maksa\Desktop\диссертация\data\data\segmentation\ImageCAS_CT\raw_images\final_extracted\1-200\189.img.nii.gz,C:\Users\maksa\Desktop\диссертация\data\data\segmentation\ImageCAS_CT\ImageCAS-STACOM2025-02-10-2025\segmentations\189.img.nii.gz,213,ImageCAS,unassigned,cardiac_ct,axial,0,public,True,0.318359375,0.318359375
ImageCAS_189,189,static,C:\Users\maksa\Desktop\диссертация\data\data\segmentation\ImageCAS_CT\raw_images\final_extracted\1-200\189.img.nii.gz,C:\Users\maksa\Desktop\диссертация\data\data\segmentation\ImageCAS_CT\ImageCAS-STACOM2025-02-10-2025\segmentations\189.img.nii.gz,244,ImageCAS,unassigned,cardiac_ct,axial,0,public,True,0.318359375,0.318359375
ImageCAS_189,189,static,C:\Users\maksa\Desktop\диссертация\data\data\segmentation\ImageCAS_CT\raw_images\final_extracted\1-200\189.img.nii.gz,C:\Users\maksa\Desktop\диссертация\data\data\segmentation\ImageCAS_CT\ImageCAS-STACOM2025-02-10-2025\segmentations\189.img.nii.gz,274,ImageCAS,unassigned,cardiac_ct,axial,0,public,True,0.318359375,0.318359375
ImageCAS_19,19,static,C:\Users\maksa\Desktop\диссертация\data\data\segmentation\ImageCAS_CT\raw_images\final_extracted\1-200\19.img.nii.gz,C:\Users\maksa\Desktop\диссертация\data\data\segmentation\ImageCAS_CT\ImageCAS-STACOM2025-02-10-2025\segmentations\19.img.nii.gz,0,ImageCAS,unassigned,cardiac_ct,axial,0,public,True,0.318359375,0.318359375
ImageCAS_19,19,static,C:\Users\maksa\Desktop\диссертация\data\data\segmentation\ImageCAS_CT\raw_images\final_extracted\1-200\19.img.nii.gz,C:\Users\maksa\Desktop\диссертация\data\data\segmentation\ImageCAS_CT\ImageCAS-STACOM2025-02-10-2025\segmentations\19.img.nii.gz,30,ImageCAS,unassigned,cardiac_ct,axial,0,public,True,0.318359375,0.318359375
ImageCAS_19,19,static,C:\Users\maksa\Desktop\диссертация\data\data\segmentation\ImageCAS_CT\raw_images\final_extracted\1-200\19.img.nii.gz,C:\Users\maksa\Desktop\диссертация\data\data\segmentation\ImageCAS_CT\ImageCAS-STACOM2025-02-10-2025\segmentations\19.img.nii.gz,61,ImageCAS,unassigned,cardiac_ct,axial,0,public,True,0.318359375,0.318359375
ImageCAS_19,19,static,C:\Users\maksa\Desktop\диссертация\data\data\segmentation\ImageCAS_CT\raw_images\final_extracted\1-200\19.img.nii.gz,C:\Users\maksa\Desktop\диссертация\data\data\segmentation\ImageCAS_CT\ImageCAS-STACOM2025-02-10-2025\segmentations\19.img.nii.gz,91,ImageCAS,unassigned,cardiac_ct,axial,0,public,True,0.318359375,0.318359375
ImageCAS_19,19,static,C:\Users\maksa\Desktop\диссертация\data\data\segmentation\ImageCAS_CT\raw_images\final_extracted\1-200\19.img.nii.gz,C:\Users\maksa\Desktop\диссертация\data\data\segmentation\ImageCAS_CT\ImageCAS-STACOM2025-02-10-2025\segmentations\19.img.nii.gz,122,ImageCAS,unassigned,cardiac_ct,axial,0,public,True,0.318359375,0.318359375
ImageCAS_19,19,static,C:\Users\maksa\Desktop\диссертация\data\data\segmentation\ImageCAS_CT\raw_images\final_extracted\1-200\19.img.nii.gz,C:\Users\maksa\Desktop\диссертация\data\data\segmentation\ImageCAS_CT\ImageCAS-STACOM2025-02-10-2025\segmentations\19.img.nii.gz,152,ImageCAS,unassigned,cardiac_ct,axial,0,public,True,0.318359375,0.318359375
ImageCAS_19,19,static,C:\Users\maksa\Desktop\диссертация\data\data\segmentation\ImageCAS_CT\raw_images\final_extracted\1-200\19.img.nii.gz,C:\Users\maksa\Desktop\диссертация\data\data\segmentation\ImageCAS_CT\ImageCAS-STACOM2025-02-10-2025\segmentations\19.img.nii.gz,183,ImageCAS,unassigned,cardiac_ct,axial,0,public,True,0.318359375,0.318359375
ImageCAS_19,19,static,C:\Users\maksa\Desktop\диссертация\data\data\segmentation\ImageCAS_CT\raw_images\final_extracted\1-200\19.img.nii.gz,C:\Users\maksa\Desktop\диссертация\data\data\segmentation\ImageCAS_CT\ImageCAS-STACOM2025-02-10-2025\segmentations\19.img.nii.gz,213,ImageCAS,unassigned,cardiac_ct,axial,0,public,True,0.318359375,0.318359375
ImageCAS_19,19,static,C:\Users\maksa\Desktop\диссертация\data\data\segmentation\ImageCAS_CT\raw_images\final_extracted\1-200\19.img.nii.gz,C:\Users\maksa\Desktop\диссертация\data\data\segmentation\ImageCAS_CT\ImageCAS-STACOM2025-02-10-2025\segmentations\19.img.nii.gz,244,ImageCAS,unassigned,cardiac_ct,axial,0,public,True,0.318359375,0.318359375
ImageCAS_19,19,static,C:\Users\maksa\Desktop\диссертация\data\data\segmentation\ImageCAS_CT\raw_images\final_extracted\1-200\19.img.nii.gz,C:\Users\maksa\Desktop\диссертация\data\data\segmentation\ImageCAS_CT\ImageCAS-STACOM2025-02-10-2025\segmentations\19.img.nii.gz,274,ImageCAS,unassigned,cardiac_ct,axial,0,public,True,0.318359375,0.318359375
ImageCAS_190,190,static,C:\Users\maksa\Desktop\диссертация\data\data\segmentation\ImageCAS_CT\raw_images\final_extracted\1-200\190.img.nii.gz,C:\Users\maksa\Desktop\диссертация\data\data\segmentation\ImageCAS_CT\ImageCAS-STACOM2025-02-10-2025\segmentations\190.img.nii.gz,0,ImageCAS,unassigned,cardiac_ct,axial,0,public,True,0.318359375,0.318359375
ImageCAS_190,190,static,C:\Users\maksa\Desktop\диссертация\data\data\segmentation\ImageCAS_CT\raw_images\final_extracted\1-200\190.img.nii.gz,C:\Users\maksa\Desktop\диссертация\data\data\segmentation\ImageCAS_CT\ImageCAS-STACOM2025-02-10-2025\segmentations\190.img.nii.gz,30,ImageCAS,unassigned,cardiac_ct,axial,0,public,True,0.318359375,0.318359375
ImageCAS_190,190,static,C:\Users\maksa\Desktop\диссертация\data\data\segmentation\ImageCAS_CT\raw_images\final_extracted\1-200\190.img.nii.gz,C:\Users\maksa\Desktop\диссертация\data\data\segmentation\ImageCAS_CT\ImageCAS-STACOM2025-02-10-2025\segmentations\190.img.nii.gz,61,ImageCAS,unassigned,cardiac_ct,axial,0,public,True,0.318359375,0.318359375
ImageCAS_190,190,static,C:\Users\maksa\Desktop\диссертация\data\data\segmentation\ImageCAS_CT\raw_images\final_extracted\1-200\190.img.nii.gz,C:\Users\maksa\Desktop\диссертация\data\data\segmentation\ImageCAS_CT\ImageCAS-STACOM2025-02-10-2025\segmentations\190.img.nii.gz,91,ImageCAS,unassigned,cardiac_ct,axial,0,public,True,0.318359375,0.318359375
ImageCAS_190,190,static,C:\Users\maksa\Desktop\диссертация\data\data\segmentation\ImageCAS_CT\raw_images\final_extracted\1-200\190.img.nii.gz,C:\Users\maksa\Desktop\диссертация\data\data\segmentation\ImageCAS_CT\ImageCAS-STACOM2025-02-10-2025\segmentations\190.img.nii.gz,122,ImageCAS,unassigned,cardiac_ct,axial,0,public,True,0.318359375,0.318359375
ImageCAS_190,190,static,C:\Users\maksa\Desktop\диссертация\data\data\segmentation\ImageCAS_CT\raw_images\final_extracted\1-200\190.img.nii.gz,C:\Users\maksa\Desktop\диссертация\data\data\segmentation\ImageCAS_CT\ImageCAS-STACOM2025-02-10-2025\segmentations\190.img.nii.gz,152,ImageCAS,unassigned,cardiac_ct,axial,0,public,True,0.318359375,0.318359375
ImageCAS_190,190,static,C:\Users\maksa\Desktop\диссертация\data\data\segmentation\ImageCAS_CT\raw_images\final_extracted\1-200\190.img.nii.gz,C:\Users\maksa\Desktop\диссертация\data\data\segmentation\ImageCAS_CT\ImageCAS-STACOM2025-02-10-2025\segmentations\190.img.nii.gz,183,ImageCAS,unassigned,cardiac_ct,axial,0,public,True,0.318359375,0.318359375
ImageCAS_190,190,static,C:\Users\maksa\Desktop\диссертация\data\data\segmentation\ImageCAS_CT\raw_images\final_extracted\1-200\190.img.nii.gz,C:\Users\maksa\Desktop\диссертация\data\data\segmentation\ImageCAS_CT\ImageCAS-STACOM2025-02-10-2025\segmentations\190.img.nii.gz,213,ImageCAS,unassigned,cardiac_ct,axial,0,public,True,0.318359375,0.318359375
ImageCAS_190,190,static,C:\Users\maksa\Desktop\диссертация\data\data\segmentation\ImageCAS_CT\raw_images\final_extracted\1-200\190.img.nii.gz,C:\Users\maksa\Desktop\диссертация\data\data\segmentation\ImageCAS_CT\ImageCAS-STACOM2025-02-10-2025\segmentations\190.img.nii.gz,244,ImageCAS,unassigned,cardiac_ct,axial,0,public,True,0.318359375,0.318359375
ImageCAS_190,190,static,C:\Users\maksa\Desktop\диссертация\data\data\segmentation\ImageCAS_CT\raw_images\final_extracted\1-200\190.img.nii.gz,C:\Users\maksa\Desktop\диссертация\data\data\segmentation\ImageCAS_CT\ImageCAS-STACOM2025-02-10-2025\segmentations\190.img.nii.gz,274,ImageCAS,unassigned,cardiac_ct,axial,0,public,True,0.318359375,0.318359375
ImageCAS_191,191,static,C:\Users\maksa\Desktop\диссертация\data\data\segmentation\ImageCAS_CT\raw_images\final_extracted\1-200\191.img.nii.gz,C:\Users\maksa\Desktop\диссертация\data\data\segmentation\ImageCAS_CT\ImageCAS-STACOM2025-02-10-2025\segmentations\191.img.nii.gz,0,ImageCAS,unassigned,cardiac_ct,axial,0,public,True,0.34765625,0.34765625
ImageCAS_191,191,static,C:\Users\maksa\Desktop\диссертация\data\data\segmentation\ImageCAS_CT\raw_images\final_extracted\1-200\191.img.nii.gz,C:\Users\maksa\Desktop\диссертация\data\data\segmentation\ImageCAS_CT\ImageCAS-STACOM2025-02-10-2025\segmentations\191.img.nii.gz,30,ImageCAS,unassigned,cardiac_ct,axial,0,public,True,0.34765625,0.34765625
ImageCAS_191,191,static,C:\Users\maksa\Desktop\диссертация\data\data\segmentation\ImageCAS_CT\raw_images\final_extracted\1-200\191.img.nii.gz,C:\Users\maksa\Desktop\диссертация\data\data\segmentation\ImageCAS_CT\ImageCAS-STACOM2025-02-10-2025\segmentations\191.img.nii.gz,61,ImageCAS,unassigned,cardiac_ct,axial,0,public,True,0.34765625,0.34765625
ImageCAS_191,191,static,C:\Users\maksa\Desktop\диссертация\data\data\segmentation\ImageCAS_CT\raw_images\final_extracted\1-200\191.img.nii.gz,C:\Users\maksa\Desktop\диссертация\data\data\segmentation\ImageCAS_CT\ImageCAS-STACOM2025-02-10-2025\segmentations\191.img.nii.gz,91,ImageCAS,unassigned,cardiac_ct,axial,0,public,True,0.34765625,0.34765625
ImageCAS_191,191,static,C:\Users\maksa\Desktop\диссертация\data\data\segmentation\ImageCAS_CT\raw_images\final_extracted\1-200\191.img.nii.gz,C:\Users\maksa\Desktop\диссертация\data\data\segmentation\ImageCAS_CT\ImageCAS-STACOM2025-02-10-2025\segmentations\191.img.nii.gz,122,ImageCAS,unassigned,cardiac_ct,axial,0,public,True,0.34765625,0.34765625
ImageCAS_191,191,static,C:\Users\maksa\Desktop\диссертация\data\data\segmentation\ImageCAS_CT\raw_images\final_extracted\1-200\191.img.nii.gz,C:\Users\maksa\Desktop\диссертация\data\data\segmentation\ImageCAS_CT\ImageCAS-STACOM2025-02-10-2025\segmentations\191.img.nii.gz,152,ImageCAS,unassigned,cardiac_ct,axial,0,public,True,0.34765625,0.34765625
ImageCAS_191,191,static,C:\Users\maksa\Desktop\диссертация\data\data\segmentation\ImageCAS_CT\raw_images\final_extracted\1-200\191.img.nii.gz,C:\Users\maksa\Desktop\диссертация\data\data\segmentation\ImageCAS_CT\ImageCAS-STACOM2025-02-10-2025\segmentations\191.img.nii.gz,183,ImageCAS,unassigned,cardiac_ct,axial,0,public,True,0.34765625,0.34765625
ImageCAS_191,191,static,C:\Users\maksa\Desktop\диссертация\data\data\segmentation\ImageCAS_CT\raw_images\final_extracted\1-200\191.img.nii.gz,C:\Users\maksa\Desktop\диссертация\data\data\segmentation\ImageCAS_CT\ImageCAS-STACOM2025-02-10-2025\segmentations\191.img.nii.gz,213,ImageCAS,unassigned,cardiac_ct,axial,0,public,True,0.34765625,0.34765625
ImageCAS_191,191,static,C:\Users\maksa\Desktop\диссертация\data\data\segmentation\ImageCAS_CT\raw_images\final_extracted\1-200\191.img.nii.gz,C:\Users\maksa\Desktop\диссертация\data\data\segmentation\ImageCAS_CT\ImageCAS-STACOM2025-02-10-2025\segmentations\191.img.nii.gz,244,ImageCAS,unassigned,cardiac_ct,axial,0,public,True,0.34765625,0.34765625
ImageCAS_191,191,static,C:\Users\maksa\Desktop\диссертация\data\data\segmentation\ImageCAS_CT\raw_images\final_extracted\1-200\191.img.nii.gz,C:\Users\maksa\Desktop\диссертация\data\data\segmentation\ImageCAS_CT\ImageCAS-STACOM2025-02-10-2025\segmentations\191.img.nii.gz,274,ImageCAS,unassigned,cardiac_ct,axial,0,public,True,0.34765625,0.34765625
ImageCAS_193,193,static,C:\Users\maksa\Desktop\диссертация\data\data\segmentation\ImageCAS_CT\raw_images\final_extracted\1-200\193.img.nii.gz,C:\Users\maksa\Desktop\диссертация\data\data\segmentation\ImageCAS_CT\ImageCAS-STACOM2025-02-10-2025\segmentations\193.img.nii.gz,0,ImageCAS,unassigned,cardiac_ct,axial,0,public,True,0.345703125,0.345703125
ImageCAS_193,193,static,C:\Users\maksa\Desktop\диссертация\data\data\segmentation\ImageCAS_CT\raw_images\final_extracted\1-200\193.img.nii.gz,C:\Users\maksa\Desktop\диссертация\data\data\segmentation\ImageCAS_CT\ImageCAS-STACOM2025-02-10-2025\segmentations\193.img.nii.gz,30,ImageCAS,unassigned,cardiac_ct,axial,0,public,True,0.345703125,0.345703125
ImageCAS_193,193,static,C:\Users\maksa\Desktop\диссертация\data\data\segmentation\ImageCAS_CT\raw_images\final_extracted\1-200\193.img.nii.gz,C:\Users\maksa\Desktop\диссертация\data\data\segmentation\ImageCAS_CT\ImageCAS-STACOM2025-02-10-2025\segmentations\193.img.nii.gz,61,ImageCAS,unassigned,cardiac_ct,axial,0,public,True,0.345703125,0.345703125
ImageCAS_193,193,static,C:\Users\maksa\Desktop\диссертация\data\data\segmentation\ImageCAS_CT\raw_images\final_extracted\1-200\193.img.nii.gz,C:\Users\maksa\Desktop\диссертация\data\data\segmentation\ImageCAS_CT\ImageCAS-STACOM2025-02-10-2025\segmentations\193.img.nii.gz,91,ImageCAS,unassigned,cardiac_ct,axial,0,public,True,0.345703125,0.345703125
ImageCAS_193,193,static,C:\Users\maksa\Desktop\диссертация\data\data\segmentation\ImageCAS_CT\raw_images\final_extracted\1-200\193.img.nii.gz,C:\Users\maksa\Desktop\диссертация\data\data\segmentation\ImageCAS_CT\ImageCAS-STACOM2025-02-10-2025\segmentations\193.img.nii.gz,122,ImageCAS,unassigned,cardiac_ct,axial,0,public,True,0.345703125,0.345703125
ImageCAS_193,193,static,C:\Users\maksa\Desktop\диссертация\data\data\segmentation\ImageCAS_CT\raw_images\final_extracted\1-200\193.img.nii.gz,C:\Users\maksa\Desktop\диссертация\data\data\segmentation\ImageCAS_CT\ImageCAS-STACOM2025-02-10-2025\segmentations\193.img.nii.gz,152,ImageCAS,unassigned,cardiac_ct,axial,0,public,True,0.345703125,0.345703125
ImageCAS_193,193,static,C:\Users\maksa\Desktop\диссертация\data\data\segmentation\ImageCAS_CT\raw_images\final_extracted\1-200\193.img.nii.gz,C:\Users\maksa\Desktop\диссертация\data\data\segmentation\ImageCAS_CT\ImageCAS-STACOM2025-02-10-2025\segmentations\193.img.nii.gz,183,ImageCAS,unassigned,cardiac_ct,axial,0,public,True,0.345703125,0.345703125
ImageCAS_193,193,static,C:\Users\maksa\Desktop\диссертация\data\data\segmentation\ImageCAS_CT\raw_images\final_extracted\1-200\193.img.nii.gz,C:\Users\maksa\Desktop\диссертация\data\data\segmentation\ImageCAS_CT\ImageCAS-STACOM2025-02-10-2025\segmentations\193.img.nii.gz,213,ImageCAS,unassigned,cardiac_ct,axial,0,public,True,0.345703125,0.345703125
ImageCAS_193,193,static,C:\Users\maksa\Desktop\диссертация\data\data\segmentation\ImageCAS_CT\raw_images\final_extracted\1-200\193.img.nii.gz,C:\Users\maksa\Desktop\диссертация\data\data\segmentation\ImageCAS_CT\ImageCAS-STACOM2025-02-10-2025\segmentations\193.img.nii.gz,244,ImageCAS,unassigned,cardiac_ct,axial,0,public,True,0.345703125,0.345703125
ImageCAS_193,193,static,C:\Users\maksa\Desktop\диссертация\data\data\segmentation\ImageCAS_CT\raw_images\final_extracted\1-200\193.img.nii.gz,C:\Users\maksa\Desktop\диссертация\data\data\segmentation\ImageCAS_CT\ImageCAS-STACOM2025-02-10-2025\segmentations\193.img.nii.gz,274,ImageCAS,unassigned,cardiac_ct,axial,0,public,True,0.345703125,0.345703125
ImageCAS_194,194,static,C:\Users\maksa\Desktop\диссертация\data\data\segmentation\ImageCAS_CT\raw_images\final_extracted\1-200\194.img.nii.gz,C:\Users\maksa\Desktop\диссертация\data\data\segmentation\ImageCAS_CT\ImageCAS-STACOM2025-02-10-2025\segmentations\194.img.nii.gz,0,ImageCAS,unassigned,cardiac_ct,axial,0,public,True,0.318359375,0.318359375
ImageCAS_194,194,static,C:\Users\maksa\Desktop\диссертация\data\data\segmentation\ImageCAS_CT\raw_images\final_extracted\1-200\194.img.nii.gz,C:\Users\maksa\Desktop\диссертация\data\data\segmentation\ImageCAS_CT\ImageCAS-STACOM2025-02-10-2025\segmentations\194.img.nii.gz,30,ImageCAS,unassigned,cardiac_ct,axial,0,public,True,0.318359375,0.318359375
ImageCAS_194,194,static,C:\Users\maksa\Desktop\диссертация\data\data\segmentation\ImageCAS_CT\raw_images\final_extracted\1-200\194.img.nii.gz,C:\Users\maksa\Desktop\диссертация\data\data\segmentation\ImageCAS_CT\ImageCAS-STACOM2025-02-10-2025\segmentations\194.img.nii.gz,61,ImageCAS,unassigned,cardiac_ct,axial,0,public,True,0.318359375,0.318359375
ImageCAS_194,194,static,C:\Users\maksa\Desktop\диссертация\data\data\segmentation\ImageCAS_CT\raw_images\final_extracted\1-200\194.img.nii.gz,C:\Users\maksa\Desktop\диссертация\data\data\segmentation\ImageCAS_CT\ImageCAS-STACOM2025-02-10-2025\segmentations\194.img.nii.gz,91,ImageCAS,unassigned,cardiac_ct,axial,0,public,True,0.318359375,0.318359375
ImageCAS_194,194,static,C:\Users\maksa\Desktop\диссертация\data\data\segmentation\ImageCAS_CT\raw_images\final_extracted\1-200\194.img.nii.gz,C:\Users\maksa\Desktop\диссертация\data\data\segmentation\ImageCAS_CT\ImageCAS-STACOM2025-02-10-2025\segmentations\194.img.nii.gz,122,ImageCAS,unassigned,cardiac_ct,axial,0,public,True,0.318359375,0.318359375
ImageCAS_194,194,static,C:\Users\maksa\Desktop\диссертация\data\data\segmentation\ImageCAS_CT\raw_images\final_extracted\1-200\194.img.nii.gz,C:\Users\maksa\Desktop\диссертация\data\data\segmentation\ImageCAS_CT\ImageCAS-STACOM2025-02-10-2025\segmentations\194.img.nii.gz,152,ImageCAS,unassigned,cardiac_ct,axial,0,public,True,0.318359375,0.318359375
ImageCAS_194,194,static,C:\Users\maksa\Desktop\диссертация\data\data\segmentation\ImageCAS_CT\raw_images\final_extracted\1-200\194.img.nii.gz,C:\Users\maksa\Desktop\диссертация\data\data\segmentation\ImageCAS_CT\ImageCAS-STACOM2025-02-10-2025\segmentations\194.img.nii.gz,183,ImageCAS,unassigned,cardiac_ct,axial,0,public,True,0.318359375,0.318359375
ImageCAS_194,194,static,C:\Users\maksa\Desktop\диссертация\data\data\segmentation\ImageCAS_CT\raw_images\final_extracted\1-200\194.img.nii.gz,C:\Users\maksa\Desktop\диссертация\data\data\segmentation\ImageCAS_CT\ImageCAS-STACOM2025-02-10-2025\segmentations\194.img.nii.gz,213,ImageCAS,unassigned,cardiac_ct,axial,0,public,True,0.318359375,0.318359375
ImageCAS_194,194,static,C:\Users\maksa\Desktop\диссертация\data\data\segmentation\ImageCAS_CT\raw_images\final_extracted\1-200\194.img.nii.gz,C:\Users\maksa\Desktop\диссертация\data\data\segmentation\ImageCAS_CT\ImageCAS-STACOM2025-02-10-2025\segmentations\194.img.nii.gz,244,ImageCAS,unassigned,cardiac_ct,axial,0,public,True,0.318359375,0.318359375
ImageCAS_194,194,static,C:\Users\maksa\Desktop\диссертация\data\data\segmentation\ImageCAS_CT\raw_images\final_extracted\1-200\194.img.nii.gz,C:\Users\maksa\Desktop\диссертация\data\data\segmentation\ImageCAS_CT\ImageCAS-STACOM2025-02-10-2025\segmentations\194.img.nii.gz,274,ImageCAS,unassigned,cardiac_ct,axial,0,public,True,0.318359375,0.318359375
ImageCAS_196,196,static,C:\Users\maksa\Desktop\диссертация\data\data\segmentation\ImageCAS_CT\raw_images\final_extracted\1-200\196.img.nii.gz,C:\Users\maksa\Desktop\диссертация\data\data\segmentation\ImageCAS_CT\ImageCAS-STACOM2025-02-10-2025\segmentations\196.img.nii.gz,0,ImageCAS,unassigned,cardiac_ct,axial,0,public,True,0.318359375,0.318359375
ImageCAS_196,196,static,C:\Users\maksa\Desktop\диссертация\data\data\segmentation\ImageCAS_CT\raw_images\final_extracted\1-200\196.img.nii.gz,C:\Users\maksa\Desktop\диссертация\data\data\segmentation\ImageCAS_CT\ImageCAS-STACOM2025-02-10-2025\segmentations\196.img.nii.gz,30,ImageCAS,unassigned,cardiac_ct,axial,0,public,True,0.318359375,0.318359375
ImageCAS_196,196,static,C:\Users\maksa\Desktop\диссертация\data\data\segmentation\ImageCAS_CT\raw_images\final_extracted\1-200\196.img.nii.gz,C:\Users\maksa\Desktop\диссертация\data\data\segmentation\ImageCAS_CT\ImageCAS-STACOM2025-02-10-2025\segmentations\196.img.nii.gz,61,ImageCAS,unassigned,cardiac_ct,axial,0,public,True,0.318359375,0.318359375
ImageCAS_196,196,static,C:\Users\maksa\Desktop\диссертация\data\data\segmentation\ImageCAS_CT\raw_images\final_extracted\1-200\196.img.nii.gz,C:\Users\maksa\Desktop\диссертация\data\data\segmentation\ImageCAS_CT\ImageCAS-STACOM2025-02-10-2025\segmentations\196.img.nii.gz,91,ImageCAS,unassigned,cardiac_ct,axial,0,public,True,0.318359375,0.318359375
ImageCAS_196,196,static,C:\Users\maksa\Desktop\диссертация\data\data\segmentation\ImageCAS_CT\raw_images\final_extracted\1-200\196.img.nii.gz,C:\Users\maksa\Desktop\диссертация\data\data\segmentation\ImageCAS_CT\ImageCAS-STACOM2025-02-10-2025\segmentations\196.img.nii.gz,122,ImageCAS,unassigned,cardiac_ct,axial,0,public,True,0.318359375,0.318359375
ImageCAS_196,196,static,C:\Users\maksa\Desktop\диссертация\data\data\segmentation\ImageCAS_CT\raw_images\final_extracted\1-200\196.img.nii.gz,C:\Users\maksa\Desktop\диссертация\data\data\segmentation\ImageCAS_CT\ImageCAS-STACOM2025-02-10-2025\segmentations\196.img.nii.gz,152,ImageCAS,unassigned,cardiac_ct,axial,0,public,True,0.318359375,0.318359375
ImageCAS_196,196,static,C:\Users\maksa\Desktop\диссертация\data\data\segmentation\ImageCAS_CT\raw_images\final_extracted\1-200\196.img.nii.gz,C:\Users\maksa\Desktop\диссертация\data\data\segmentation\ImageCAS_CT\ImageCAS-STACOM2025-02-10-2025\segmentations\196.img.nii.gz,183,ImageCAS,unassigned,cardiac_ct,axial,0,public,True,0.318359375,0.318359375
ImageCAS_196,196,static,C:\Users\maksa\Desktop\диссертация\data\data\segmentation\ImageCAS_CT\raw_images\final_extracted\1-200\196.img.nii.gz,C:\Users\maksa\Desktop\диссертация\data\data\segmentation\ImageCAS_CT\ImageCAS-STACOM2025-02-10-2025\segmentations\196.img.nii.gz,213,ImageCAS,unassigned,cardiac_ct,axial,0,public,True,0.318359375,0.318359375
ImageCAS_196,196,static,C:\Users\maksa\Desktop\диссертация\data\data\segmentation\ImageCAS_CT\raw_images\final_extracted\1-200\196.img.nii.gz,C:\Users\maksa\Desktop\диссертация\data\data\segmentation\ImageCAS_CT\ImageCAS-STACOM2025-02-10-2025\segmentations\196.img.nii.gz,244,ImageCAS,unassigned,cardiac_ct,axial,0,public,True,0.318359375,0.318359375
ImageCAS_196,196,static,C:\Users\maksa\Desktop\диссертация\data\data\segmentation\ImageCAS_CT\raw_images\final_extracted\1-200\196.img.nii.gz,C:\Users\maksa\Desktop\диссертация\data\data\segmentation\ImageCAS_CT\ImageCAS-STACOM2025-02-10-2025\segmentations\196.img.nii.gz,274,ImageCAS,unassigned,cardiac_ct,axial,0,public,True,0.318359375,0.318359375
ImageCAS_197,197,static,C:\Users\maksa\Desktop\диссертация\data\data\segmentation\ImageCAS_CT\raw_images\final_extracted\1-200\197.img.nii.gz,C:\Users\maksa\Desktop\диссертация\data\data\segmentation\ImageCAS_CT\ImageCAS-STACOM2025-02-10-2025\segmentations\197.img.nii.gz,0,ImageCAS,unassigned,cardiac_ct,axial,0,public,True,0.318359375,0.318359375
ImageCAS_197,197,static,C:\Users\maksa\Desktop\диссертация\data\data\segmentation\ImageCAS_CT\raw_images\final_extracted\1-200\197.img.nii.gz,C:\Users\maksa\Desktop\диссертация\data\data\segmentation\ImageCAS_CT\ImageCAS-STACOM2025-02-10-2025\segmentations\197.img.nii.gz,25,ImageCAS,unassigned,cardiac_ct,axial,0,public,True,0.318359375,0.318359375
ImageCAS_197,197,static,C:\Users\maksa\Desktop\диссертация\data\data\segmentation\ImageCAS_CT\raw_images\final_extracted\1-200\197.img.nii.gz,C:\Users\maksa\Desktop\диссертация\data\data\segmentation\ImageCAS_CT\ImageCAS-STACOM2025-02-10-2025\segmentations\197.img.nii.gz,51,ImageCAS,unassigned,cardiac_ct,axial,0,public,True,0.318359375,0.318359375
ImageCAS_197,197,static,C:\Users\maksa\Desktop\диссертация\data\data\segmentation\ImageCAS_CT\raw_images\final_extracted\1-200\197.img.nii.gz,C:\Users\maksa\Desktop\диссертация\data\data\segmentation\ImageCAS_CT\ImageCAS-STACOM2025-02-10-2025\segmentations\197.img.nii.gz,76,ImageCAS,unassigned,cardiac_ct,axial,0,public,True,0.318359375,0.318359375
ImageCAS_197,197,static,C:\Users\maksa\Desktop\диссертация\data\data\segmentation\ImageCAS_CT\raw_images\final_extracted\1-200\197.img.nii.gz,C:\Users\maksa\Desktop\диссертация\data\data\segmentation\ImageCAS_CT\ImageCAS-STACOM2025-02-10-2025\segmentations\197.img.nii.gz,101,ImageCAS,unassigned,cardiac_ct,axial,0,public,True,0.318359375,0.318359375
ImageCAS_197,197,static,C:\Users\maksa\Desktop\диссертация\data\data\segmentation\ImageCAS_CT\raw_images\final_extracted\1-200\197.img.nii.gz,C:\Users\maksa\Desktop\диссертация\data\data\segmentation\ImageCAS_CT\ImageCAS-STACOM2025-02-10-2025\segmentations\197.img.nii.gz,127,ImageCAS,unassigned,cardiac_ct,axial,0,public,True,0.318359375,0.318359375
ImageCAS_197,197,static,C:\Users\maksa\Desktop\диссертация\data\data\segmentation\ImageCAS_CT\raw_images\final_extracted\1-200\197.img.nii.gz,C:\Users\maksa\Desktop\диссертация\data\data\segmentation\ImageCAS_CT\ImageCAS-STACOM2025-02-10-2025\segmentations\197.img.nii.gz,152,ImageCAS,unassigned,cardiac_ct,axial,0,public,True,0.318359375,0.318359375
ImageCAS_197,197,static,C:\Users\maksa\Desktop\диссертация\data\data\segmentation\ImageCAS_CT\raw_images\final_extracted\1-200\197.img.nii.gz,C:\Users\maksa\Desktop\диссертация\data\data\segmentation\ImageCAS_CT\ImageCAS-STACOM2025-02-10-2025\segmentations\197.img.nii.gz,177,ImageCAS,unassigned,cardiac_ct,axial,0,public,True,0.318359375,0.318359375
ImageCAS_197,197,static,C:\Users\maksa\Desktop\диссертация\data\data\segmentation\ImageCAS_CT\raw_images\final_extracted\1-200\197.img.nii.gz,C:\Users\maksa\Desktop\диссертация\data\data\segmentation\ImageCAS_CT\ImageCAS-STACOM2025-02-10-2025\segmentations\197.img.nii.gz,203,ImageCAS,unassigned,cardiac_ct,axial,0,public,True,0.318359375,0.318359375
ImageCAS_197,197,static,C:\Users\maksa\Desktop\диссертация\data\data\segmentation\ImageCAS_CT\raw_images\final_extracted\1-200\197.img.nii.gz,C:\Users\maksa\Desktop\диссертация\data\data\segmentation\ImageCAS_CT\ImageCAS-STACOM2025-02-10-2025\segmentations\197.img.nii.gz,228,ImageCAS,unassigned,cardiac_ct,axial,0,public,True,0.318359375,0.318359375
ImageCAS_198,198,static,C:\Users\maksa\Desktop\диссертация\data\data\segmentation\ImageCAS_CT\raw_images\final_extracted\1-200\198.img.nii.gz,C:\Users\maksa\Desktop\диссертация\data\data\segmentation\ImageCAS_CT\ImageCAS-STACOM2025-02-10-2025\segmentations\198.img.nii.gz,0,ImageCAS,unassigned,cardiac_ct,axial,0,public,True,0.40234375,0.40234375
ImageCAS_198,198,static,C:\Users\maksa\Desktop\диссертация\data\data\segmentation\ImageCAS_CT\raw_images\final_extracted\1-200\198.img.nii.gz,C:\Users\maksa\Desktop\диссертация\data\data\segmentation\ImageCAS_CT\ImageCAS-STACOM2025-02-10-2025\segmentations\198.img.nii.gz,30,ImageCAS,unassigned,cardiac_ct,axial,0,public,True,0.40234375,0.40234375
ImageCAS_198,198,static,C:\Users\maksa\Desktop\диссертация\data\data\segmentation\ImageCAS_CT\raw_images\final_extracted\1-200\198.img.nii.gz,C:\Users\maksa\Desktop\диссертация\data\data\segmentation\ImageCAS_CT\ImageCAS-STACOM2025-02-10-2025\segmentations\198.img.nii.gz,61,ImageCAS,unassigned,cardiac_ct,axial,0,public,True,0.40234375,0.40234375
ImageCAS_198,198,static,C:\Users\maksa\Desktop\диссертация\data\data\segmentation\ImageCAS_CT\raw_images\final_extracted\1-200\198.img.nii.gz,C:\Users\maksa\Desktop\диссертация\data\data\segmentation\ImageCAS_CT\ImageCAS-STACOM2025-02-10-2025\segmentations\198.img.nii.gz,91,ImageCAS,unassigned,cardiac_ct,axial,0,public,True,0.40234375,0.40234375
ImageCAS_198,198,static,C:\Users\maksa\Desktop\диссертация\data\data\segmentation\ImageCAS_CT\raw_images\final_extracted\1-200\198.img.nii.gz,C:\Users\maksa\Desktop\диссертация\data\data\segmentation\ImageCAS_CT\ImageCAS-STACOM2025-02-10-2025\segmentations\198.img.nii.gz,122,ImageCAS,unassigned,cardiac_ct,axial,0,public,True,0.40234375,0.40234375
ImageCAS_198,198,static,C:\Users\maksa\Desktop\диссертация\data\data\segmentation\ImageCAS_CT\raw_images\final_extracted\1-200\198.img.nii.gz,C:\Users\maksa\Desktop\диссертация\data\data\segmentation\ImageCAS_CT\ImageCAS-STACOM2025-02-10-2025\segmentations\198.img.nii.gz,152,ImageCAS,unassigned,cardiac_ct,axial,0,public,True,0.40234375,0.40234375
ImageCAS_198,198,static,C:\Users\maksa\Desktop\диссертация\data\data\segmentation\ImageCAS_CT\raw_images\final_extracted\1-200\198.img.nii.gz,C:\Users\maksa\Desktop\диссертация\data\data\segmentation\ImageCAS_CT\ImageCAS-STACOM2025-02-10-2025\segmentations\198.img.nii.gz,183,ImageCAS,unassigned,cardiac_ct,axial,0,public,True,0.40234375,0.40234375
ImageCAS_198,198,static,C:\Users\maksa\Desktop\диссертация\data\data\segmentation\ImageCAS_CT\raw_images\final_extracted\1-200\198.img.nii.gz,C:\Users\maksa\Desktop\диссертация\data\data\segmentation\ImageCAS_CT\ImageCAS-STACOM2025-02-10-2025\segmentations\198.img.nii.gz,213,ImageCAS,unassigned,cardiac_ct,axial,0,public,True,0.40234375,0.40234375
ImageCAS_198,198,static,C:\Users\maksa\Desktop\диссертация\data\data\segmentation\ImageCAS_CT\raw_images\final_extracted\1-200\198.img.nii.gz,C:\Users\maksa\Desktop\диссертация\data\data\segmentation\ImageCAS_CT\ImageCAS-STACOM2025-02-10-2025\segmentations\198.img.nii.gz,244,ImageCAS,unassigned,cardiac_ct,axial,0,public,True,0.40234375,0.40234375
ImageCAS_198,198,static,C:\Users\maksa\Desktop\диссертация\data\data\segmentation\ImageCAS_CT\raw_images\final_extracted\1-200\198.img.nii.gz,C:\Users\maksa\Desktop\диссертация\data\data\segmentation\ImageCAS_CT\ImageCAS-STACOM2025-02-10-2025\segmentations\198.img.nii.gz,274,ImageCAS,unassigned,cardiac_ct,axial,0,public,True,0.40234375,0.40234375
ImageCAS_20,20,static,C:\Users\maksa\Desktop\диссертация\data\data\segmentation\ImageCAS_CT\raw_images\final_extracted\1-200\20.img.nii.gz,C:\Users\maksa\Desktop\диссертация\data\data\segmentation\ImageCAS_CT\ImageCAS-STACOM2025-02-10-2025\segmentations\20.img.nii.gz,0,ImageCAS,unassigned,cardiac_ct,axial,0,public,True,0.40625,0.40625
ImageCAS_20,20,static,C:\Users\maksa\Desktop\диссертация\data\data\segmentation\ImageCAS_CT\raw_images\final_extracted\1-200\20.img.nii.gz,C:\Users\maksa\Desktop\диссертация\data\data\segmentation\ImageCAS_CT\ImageCAS-STACOM2025-02-10-2025\segmentations\20.img.nii.gz,30,ImageCAS,unassigned,cardiac_ct,axial,0,public,True,0.40625,0.40625
ImageCAS_20,20,static,C:\Users\maksa\Desktop\диссертация\data\data\segmentation\ImageCAS_CT\raw_images\final_extracted\1-200\20.img.nii.gz,C:\Users\maksa\Desktop\диссертация\data\data\segmentation\ImageCAS_CT\ImageCAS-STACOM2025-02-10-2025\segmentations\20.img.nii.gz,61,ImageCAS,unassigned,cardiac_ct,axial,0,public,True,0.40625,0.40625
ImageCAS_20,20,static,C:\Users\maksa\Desktop\диссертация\data\data\segmentation\ImageCAS_CT\raw_images\final_extracted\1-200\20.img.nii.gz,C:\Users\maksa\Desktop\диссертация\data\data\segmentation\ImageCAS_CT\ImageCAS-STACOM2025-02-10-2025\segmentations\20.img.nii.gz,91,ImageCAS,unassigned,cardiac_ct,axial,0,public,True,0.40625,0.40625
ImageCAS_20,20,static,C:\Users\maksa\Desktop\диссертация\data\data\segmentation\ImageCAS_CT\raw_images\final_extracted\1-200\20.img.nii.gz,C:\Users\maksa\Desktop\диссертация\data\data\segmentation\ImageCAS_CT\ImageCAS-STACOM2025-02-10-2025\segmentations\20.img.nii.gz,122,ImageCAS,unassigned,cardiac_ct,axial,0,public,True,0.40625,0.40625
ImageCAS_20,20,static,C:\Users\maksa\Desktop\диссертация\data\data\segmentation\ImageCAS_CT\raw_images\final_extracted\1-200\20.img.nii.gz,C:\Users\maksa\Desktop\диссертация\data\data\segmentation\ImageCAS_CT\ImageCAS-STACOM2025-02-10-2025\segmentations\20.img.nii.gz,152,ImageCAS,unassigned,cardiac_ct,axial,0,public,True,0.40625,0.40625
ImageCAS_20,20,static,C:\Users\maksa\Desktop\диссертация\data\data\segmentation\ImageCAS_CT\raw_images\final_extracted\1-200\20.img.nii.gz,C:\Users\maksa\Desktop\диссертация\data\data\segmentation\ImageCAS_CT\ImageCAS-STACOM2025-02-10-2025\segmentations\20.img.nii.gz,183,ImageCAS,unassigned,cardiac_ct,axial,0,public,True,0.40625,0.40625
ImageCAS_20,20,static,C:\Users\maksa\Desktop\диссертация\data\data\segmentation\ImageCAS_CT\raw_images\final_extracted\1-200\20.img.nii.gz,C:\Users\maksa\Desktop\диссертация\data\data\segmentation\ImageCAS_CT\ImageCAS-STACOM2025-02-10-2025\segmentations\20.img.nii.gz,213,ImageCAS,unassigned,cardiac_ct,axial,0,public,True,0.40625,0.40625
ImageCAS_20,20,static,C:\Users\maksa\Desktop\диссертация\data\data\segmentation\ImageCAS_CT\raw_images\final_extracted\1-200\20.img.nii.gz,C:\Users\maksa\Desktop\диссертация\data\data\segmentation\ImageCAS_CT\ImageCAS-STACOM2025-02-10-2025\segmentations\20.img.nii.gz,244,ImageCAS,unassigned,cardiac_ct,axial,0,public,True,0.40625,0.40625
ImageCAS_20,20,static,C:\Users\maksa\Desktop\диссертация\data\data\segmentation\ImageCAS_CT\raw_images\final_extracted\1-200\20.img.nii.gz,C:\Users\maksa\Desktop\диссертация\data\data\segmentation\ImageCAS_CT\ImageCAS-STACOM2025-02-10-2025\segmentations\20.img.nii.gz,274,ImageCAS,unassigned,cardiac_ct,axial,0,public,True,0.40625,0.40625
ImageCAS_200,200,static,C:\Users\maksa\Desktop\диссертация\data\data\segmentation\ImageCAS_CT\raw_images\final_extracted\1-200\200.img.nii.gz,C:\Users\maksa\Desktop\диссертация\data\data\segmentation\ImageCAS_CT\ImageCAS-STACOM2025-02-10-2025\segmentations\200.img.nii.gz,0,ImageCAS,unassigned,cardiac_ct,axial,0,public,True,0.318359375,0.318359375
ImageCAS_200,200,static,C:\Users\maksa\Desktop\диссертация\data\data\segmentation\ImageCAS_CT\raw_images\final_extracted\1-200\200.img.nii.gz,C:\Users\maksa\Desktop\диссертация\data\data\segmentation\ImageCAS_CT\ImageCAS-STACOM2025-02-10-2025\segmentations\200.img.nii.gz,30,ImageCAS,unassigned,cardiac_ct,axial,0,public,True,0.318359375,0.318359375
ImageCAS_200,200,static,C:\Users\maksa\Desktop\диссертация\data\data\segmentation\ImageCAS_CT\raw_images\final_extracted\1-200\200.img.nii.gz,C:\Users\maksa\Desktop\диссертация\data\data\segmentation\ImageCAS_CT\ImageCAS-STACOM2025-02-10-2025\segmentations\200.img.nii.gz,61,ImageCAS,unassigned,cardiac_ct,axial,0,public,True,0.318359375,0.318359375
ImageCAS_200,200,static,C:\Users\maksa\Desktop\диссертация\data\data\segmentation\ImageCAS_CT\raw_images\final_extracted\1-200\200.img.nii.gz,C:\Users\maksa\Desktop\диссертация\data\data\segmentation\ImageCAS_CT\ImageCAS-STACOM2025-02-10-2025\segmentations\200.img.nii.gz,91,ImageCAS,unassigned,cardiac_ct,axial,0,public,True,0.318359375,0.318359375
ImageCAS_200,200,static,C:\Users\maksa\Desktop\диссертация\data\data\segmentation\ImageCAS_CT\raw_images\final_extracted\1-200\200.img.nii.gz,C:\Users\maksa\Desktop\диссертация\data\data\segmentation\ImageCAS_CT\ImageCAS-STACOM2025-02-10-2025\segmentations\200.img.nii.gz,122,ImageCAS,unassigned,cardiac_ct,axial,0,public,True,0.318359375,0.318359375
ImageCAS_200,200,static,C:\Users\maksa\Desktop\диссертация\data\data\segmentation\ImageCAS_CT\raw_images\final_extracted\1-200\200.img.nii.gz,C:\Users\maksa\Desktop\диссертация\data\data\segmentation\ImageCAS_CT\ImageCAS-STACOM2025-02-10-2025\segmentations\200.img.nii.gz,152,ImageCAS,unassigned,cardiac_ct,axial,0,public,True,0.318359375,0.318359375
ImageCAS_200,200,static,C:\Users\maksa\Desktop\диссертация\data\data\segmentation\ImageCAS_CT\raw_images\final_extracted\1-200\200.img.nii.gz,C:\Users\maksa\Desktop\диссертация\data\data\segmentation\ImageCAS_CT\ImageCAS-STACOM2025-02-10-2025\segmentations\200.img.nii.gz,183,ImageCAS,unassigned,cardiac_ct,axial,0,public,True,0.318359375,0.318359375
ImageCAS_200,200,static,C:\Users\maksa\Desktop\диссертация\data\data\segmentation\ImageCAS_CT\raw_images\final_extracted\1-200\200.img.nii.gz,C:\Users\maksa\Desktop\диссертация\data\data\segmentation\ImageCAS_CT\ImageCAS-STACOM2025-02-10-2025\segmentations\200.img.nii.gz,213,ImageCAS,unassigned,cardiac_ct,axial,0,public,True,0.318359375,0.318359375
ImageCAS_200,200,static,C:\Users\maksa\Desktop\диссертация\data\data\segmentation\ImageCAS_CT\raw_images\final_extracted\1-200\200.img.nii.gz,C:\Users\maksa\Desktop\диссертация\data\data\segmentation\ImageCAS_CT\ImageCAS-STACOM2025-02-10-2025\segmentations\200.img.nii.gz,244,ImageCAS,unassigned,cardiac_ct,axial,0,public,True,0.318359375,0.318359375
ImageCAS_200,200,static,C:\Users\maksa\Desktop\диссертация\data\data\segmentation\ImageCAS_CT\raw_images\final_extracted\1-200\200.img.nii.gz,C:\Users\maksa\Desktop\диссертация\data\data\segmentation\ImageCAS_CT\ImageCAS-STACOM2025-02-10-2025\segmentations\200.img.nii.gz,274,ImageCAS,unassigned,cardiac_ct,axial,0,public,True,0.318359375,0.318359375
ImageCAS_22,22,static,C:\Users\maksa\Desktop\диссертация\data\data\segmentation\ImageCAS_CT\raw_images\final_extracted\1-200\22.img.nii.gz,C:\Users\maksa\Desktop\диссертация\data\data\segmentation\ImageCAS_CT\ImageCAS-STACOM2025-02-10-2025\segmentations\22.img.nii.gz,0,ImageCAS,unassigned,cardiac_ct,axial,0,public,True,0.341796875,0.341796875
ImageCAS_22,22,static,C:\Users\maksa\Desktop\диссертация\data\data\segmentation\ImageCAS_CT\raw_images\final_extracted\1-200\22.img.nii.gz,C:\Users\maksa\Desktop\диссертация\data\data\segmentation\ImageCAS_CT\ImageCAS-STACOM2025-02-10-2025\segmentations\22.img.nii.gz,30,ImageCAS,unassigned,cardiac_ct,axial,0,public,True,0.341796875,0.341796875
ImageCAS_22,22,static,C:\Users\maksa\Desktop\диссертация\data\data\segmentation\ImageCAS_CT\raw_images\final_extracted\1-200\22.img.nii.gz,C:\Users\maksa\Desktop\диссертация\data\data\segmentation\ImageCAS_CT\ImageCAS-STACOM2025-02-10-2025\segmentations\22.img.nii.gz,61,ImageCAS,unassigned,cardiac_ct,axial,0,public,True,0.341796875,0.341796875
ImageCAS_22,22,static,C:\Users\maksa\Desktop\диссертация\data\data\segmentation\ImageCAS_CT\raw_images\final_extracted\1-200\22.img.nii.gz,C:\Users\maksa\Desktop\диссертация\data\data\segmentation\ImageCAS_CT\ImageCAS-STACOM2025-02-10-2025\segmentations\22.img.nii.gz,91,ImageCAS,unassigned,cardiac_ct,axial,0,public,True,0.341796875,0.341796875
ImageCAS_22,22,static,C:\Users\maksa\Desktop\диссертация\data\data\segmentation\ImageCAS_CT\raw_images\final_extracted\1-200\22.img.nii.gz,C:\Users\maksa\Desktop\диссертация\data\data\segmentation\ImageCAS_CT\ImageCAS-STACOM2025-02-10-2025\segmentations\22.img.nii.gz,122,ImageCAS,unassigned,cardiac_ct,axial,0,public,True,0.341796875,0.341796875
ImageCAS_22,22,static,C:\Users\maksa\Desktop\диссертация\data\data\segmentation\ImageCAS_CT\raw_images\final_extracted\1-200\22.img.nii.gz,C:\Users\maksa\Desktop\диссертация\data\data\segmentation\ImageCAS_CT\ImageCAS-STACOM2025-02-10-2025\segmentations\22.img.nii.gz,152,ImageCAS,unassigned,cardiac_ct,axial,0,public,True,0.341796875,0.341796875
ImageCAS_22,22,static,C:\Users\maksa\Desktop\диссертация\data\data\segmentation\ImageCAS_CT\raw_images\final_extracted\1-200\22.img.nii.gz,C:\Users\maksa\Desktop\диссертация\data\data\segmentation\ImageCAS_CT\ImageCAS-STACOM2025-02-10-2025\segmentations\22.img.nii.gz,183,ImageCAS,unassigned,cardiac_ct,axial,0,public,True,0.341796875,0.341796875
ImageCAS_22,22,static,C:\Users\maksa\Desktop\диссертация\data\data\segmentation\ImageCAS_CT\raw_images\final_extracted\1-200\22.img.nii.gz,C:\Users\maksa\Desktop\диссертация\data\data\segmentation\ImageCAS_CT\ImageCAS-STACOM2025-02-10-2025\segmentations\22.img.nii.gz,213,ImageCAS,unassigned,cardiac_ct,axial,0,public,True,0.341796875,0.341796875
ImageCAS_22,22,static,C:\Users\maksa\Desktop\диссертация\data\data\segmentation\ImageCAS_CT\raw_images\final_extracted\1-200\22.img.nii.gz,C:\Users\maksa\Desktop\диссертация\data\data\segmentation\ImageCAS_CT\ImageCAS-STACOM2025-02-10-2025\segmentations\22.img.nii.gz,244,ImageCAS,unassigned,cardiac_ct,axial,0,public,True,0.341796875,0.341796875
ImageCAS_22,22,static,C:\Users\maksa\Desktop\диссертация\data\data\segmentation\ImageCAS_CT\raw_images\final_extracted\1-200\22.img.nii.gz,C:\Users\maksa\Desktop\диссертация\data\data\segmentation\ImageCAS_CT\ImageCAS-STACOM2025-02-10-2025\segmentations\22.img.nii.gz,274,ImageCAS,unassigned,cardiac_ct,axial,0,public,True,0.341796875,0.341796875
ImageCAS_23,23,static,C:\Users\maksa\Desktop\диссертация\data\data\segmentation\ImageCAS_CT\raw_images\final_extracted\1-200\23.img.nii.gz,C:\Users\maksa\Desktop\диссертация\data\data\segmentation\ImageCAS_CT\ImageCAS-STACOM2025-02-10-2025\segmentations\23.img.nii.gz,0,ImageCAS,unassigned,cardiac_ct,axial,0,public,True,0.380859375,0.380859375
ImageCAS_23,23,static,C:\Users\maksa\Desktop\диссертация\data\data\segmentation\ImageCAS_CT\raw_images\final_extracted\1-200\23.img.nii.gz,C:\Users\maksa\Desktop\диссертация\data\data\segmentation\ImageCAS_CT\ImageCAS-STACOM2025-02-10-2025\segmentations\23.img.nii.gz,30,ImageCAS,unassigned,cardiac_ct,axial,0,public,True,0.380859375,0.380859375
ImageCAS_23,23,static,C:\Users\maksa\Desktop\диссертация\data\data\segmentation\ImageCAS_CT\raw_images\final_extracted\1-200\23.img.nii.gz,C:\Users\maksa\Desktop\диссертация\data\data\segmentation\ImageCAS_CT\ImageCAS-STACOM2025-02-10-2025\segmentations\23.img.nii.gz,61,ImageCAS,unassigned,cardiac_ct,axial,0,public,True,0.380859375,0.380859375
ImageCAS_23,23,static,C:\Users\maksa\Desktop\диссертация\data\data\segmentation\ImageCAS_CT\raw_images\final_extracted\1-200\23.img.nii.gz,C:\Users\maksa\Desktop\диссертация\data\data\segmentation\ImageCAS_CT\ImageCAS-STACOM2025-02-10-2025\segmentations\23.img.nii.gz,91,ImageCAS,unassigned,cardiac_ct,axial,0,public,True,0.380859375,0.380859375
ImageCAS_23,23,static,C:\Users\maksa\Desktop\диссертация\data\data\segmentation\ImageCAS_CT\raw_images\final_extracted\1-200\23.img.nii.gz,C:\Users\maksa\Desktop\диссертация\data\data\segmentation\ImageCAS_CT\ImageCAS-STACOM2025-02-10-2025\segmentations\23.img.nii.gz,122,ImageCAS,unassigned,cardiac_ct,axial,0,public,True,0.380859375,0.380859375
ImageCAS_23,23,static,C:\Users\maksa\Desktop\диссертация\data\data\segmentation\ImageCAS_CT\raw_images\final_extracted\1-200\23.img.nii.gz,C:\Users\maksa\Desktop\диссертация\data\data\segmentation\ImageCAS_CT\ImageCAS-STACOM2025-02-10-2025\segmentations\23.img.nii.gz,152,ImageCAS,unassigned,cardiac_ct,axial,0,public,True,0.380859375,0.380859375
ImageCAS_23,23,static,C:\Users\maksa\Desktop\диссертация\data\data\segmentation\ImageCAS_CT\raw_images\final_extracted\1-200\23.img.nii.gz,C:\Users\maksa\Desktop\диссертация\data\data\segmentation\ImageCAS_CT\ImageCAS-STACOM2025-02-10-2025\segmentations\23.img.nii.gz,183,ImageCAS,unassigned,cardiac_ct,axial,0,public,True,0.380859375,0.380859375
ImageCAS_23,23,static,C:\Users\maksa\Desktop\диссертация\data\data\segmentation\ImageCAS_CT\raw_images\final_extracted\1-200\23.img.nii.gz,C:\Users\maksa\Desktop\диссертация\data\data\segmentation\ImageCAS_CT\ImageCAS-STACOM2025-02-10-2025\segmentations\23.img.nii.gz,213,ImageCAS,unassigned,cardiac_ct,axial,0,public,True,0.380859375,0.380859375
ImageCAS_23,23,static,C:\Users\maksa\Desktop\диссертация\data\data\segmentation\ImageCAS_CT\raw_images\final_extracted\1-200\23.img.nii.gz,C:\Users\maksa\Desktop\диссертация\data\data\segmentation\ImageCAS_CT\ImageCAS-STACOM2025-02-10-2025\segmentations\23.img.nii.gz,244,ImageCAS,unassigned,cardiac_ct,axial,0,public,True,0.380859375,0.380859375
ImageCAS_23,23,static,C:\Users\maksa\Desktop\диссертация\data\data\segmentation\ImageCAS_CT\raw_images\final_extracted\1-200\23.img.nii.gz,C:\Users\maksa\Desktop\диссертация\data\data\segmentation\ImageCAS_CT\ImageCAS-STACOM2025-02-10-2025\segmentations\23.img.nii.gz,274,ImageCAS,unassigned,cardiac_ct,axial,0,public,True,0.380859375,0.380859375
ImageCAS_24,24,static,C:\Users\maksa\Desktop\диссертация\data\data\segmentation\ImageCAS_CT\raw_images\final_extracted\1-200\24.img.nii.gz,C:\Users\maksa\Desktop\диссертация\data\data\segmentation\ImageCAS_CT\ImageCAS-STACOM2025-02-10-2025\segmentations\24.img.nii.gz,0,ImageCAS,unassigned,cardiac_ct,axial,0,public,True,0.349609375,0.349609375
ImageCAS_24,24,static,C:\Users\maksa\Desktop\диссертация\data\data\segmentation\ImageCAS_CT\raw_images\final_extracted\1-200\24.img.nii.gz,C:\Users\maksa\Desktop\диссертация\data\data\segmentation\ImageCAS_CT\ImageCAS-STACOM2025-02-10-2025\segmentations\24.img.nii.gz,30,ImageCAS,unassigned,cardiac_ct,axial,0,public,True,0.349609375,0.349609375
ImageCAS_24,24,static,C:\Users\maksa\Desktop\диссертация\data\data\segmentation\ImageCAS_CT\raw_images\final_extracted\1-200\24.img.nii.gz,C:\Users\maksa\Desktop\диссертация\data\data\segmentation\ImageCAS_CT\ImageCAS-STACOM2025-02-10-2025\segmentations\24.img.nii.gz,61,ImageCAS,unassigned,cardiac_ct,axial,0,public,True,0.349609375,0.349609375
ImageCAS_24,24,static,C:\Users\maksa\Desktop\диссертация\data\data\segmentation\ImageCAS_CT\raw_images\final_extracted\1-200\24.img.nii.gz,C:\Users\maksa\Desktop\диссертация\data\data\segmentation\ImageCAS_CT\ImageCAS-STACOM2025-02-10-2025\segmentations\24.img.nii.gz,91,ImageCAS,unassigned,cardiac_ct,axial,0,public,True,0.349609375,0.349609375
ImageCAS_24,24,static,C:\Users\maksa\Desktop\диссертация\data\data\segmentation\ImageCAS_CT\raw_images\final_extracted\1-200\24.img.nii.gz,C:\Users\maksa\Desktop\диссертация\data\data\segmentation\ImageCAS_CT\ImageCAS-STACOM2025-02-10-2025\segmentations\24.img.nii.gz,122,ImageCAS,unassigned,cardiac_ct,axial,0,public,True,0.349609375,0.349609375
ImageCAS_24,24,static,C:\Users\maksa\Desktop\диссертация\data\data\segmentation\ImageCAS_CT\raw_images\final_extracted\1-200\24.img.nii.gz,C:\Users\maksa\Desktop\диссертация\data\data\segmentation\ImageCAS_CT\ImageCAS-STACOM2025-02-10-2025\segmentations\24.img.nii.gz,152,ImageCAS,unassigned,cardiac_ct,axial,0,public,True,0.349609375,0.349609375
ImageCAS_24,24,static,C:\Users\maksa\Desktop\диссертация\data\data\segmentation\ImageCAS_CT\raw_images\final_extracted\1-200\24.img.nii.gz,C:\Users\maksa\Desktop\диссертация\data\data\segmentation\ImageCAS_CT\ImageCAS-STACOM2025-02-10-2025\segmentations\24.img.nii.gz,183,ImageCAS,unassigned,cardiac_ct,axial,0,public,True,0.349609375,0.349609375
ImageCAS_24,24,static,C:\Users\maksa\Desktop\диссертация\data\data\segmentation\ImageCAS_CT\raw_images\final_extracted\1-200\24.img.nii.gz,C:\Users\maksa\Desktop\диссертация\data\data\segmentation\ImageCAS_CT\ImageCAS-STACOM2025-02-10-2025\segmentations\24.img.nii.gz,213,ImageCAS,unassigned,cardiac_ct,axial,0,public,True,0.349609375,0.349609375
ImageCAS_24,24,static,C:\Users\maksa\Desktop\диссертация\data\data\segmentation\ImageCAS_CT\raw_images\final_extracted\1-200\24.img.nii.gz,C:\Users\maksa\Desktop\диссертация\data\data\segmentation\ImageCAS_CT\ImageCAS-STACOM2025-02-10-2025\segmentations\24.img.nii.gz,244,ImageCAS,unassigned,cardiac_ct,axial,0,public,True,0.349609375,0.349609375
ImageCAS_24,24,static,C:\Users\maksa\Desktop\диссертация\data\data\segmentation\ImageCAS_CT\raw_images\final_extracted\1-200\24.img.nii.gz,C:\Users\maksa\Desktop\диссертация\data\data\segmentation\ImageCAS_CT\ImageCAS-STACOM2025-02-10-2025\segmentations\24.img.nii.gz,274,ImageCAS,unassigned,cardiac_ct,axial,0,public,True,0.349609375,0.349609375
ImageCAS_25,25,static,C:\Users\maksa\Desktop\диссертация\data\data\segmentation\ImageCAS_CT\raw_images\final_extracted\1-200\25.img.nii.gz,C:\Users\maksa\Desktop\диссертация\data\data\segmentation\ImageCAS_CT\ImageCAS-STACOM2025-02-10-2025\segmentations\25.img.nii.gz,0,ImageCAS,unassigned,cardiac_ct,axial,0,public,True,0.4140625,0.4140625
ImageCAS_25,25,static,C:\Users\maksa\Desktop\диссертация\data\data\segmentation\ImageCAS_CT\raw_images\final_extracted\1-200\25.img.nii.gz,C:\Users\maksa\Desktop\диссертация\data\data\segmentation\ImageCAS_CT\ImageCAS-STACOM2025-02-10-2025\segmentations\25.img.nii.gz,27,ImageCAS,unassigned,cardiac_ct,axial,0,public,True,0.4140625,0.4140625
ImageCAS_25,25,static,C:\Users\maksa\Desktop\диссертация\data\data\segmentation\ImageCAS_CT\raw_images\final_extracted\1-200\25.img.nii.gz,C:\Users\maksa\Desktop\диссертация\data\data\segmentation\ImageCAS_CT\ImageCAS-STACOM2025-02-10-2025\segmentations\25.img.nii.gz,54,ImageCAS,unassigned,cardiac_ct,axial,0,public,True,0.4140625,0.4140625
ImageCAS_25,25,static,C:\Users\maksa\Desktop\диссертация\data\data\segmentation\ImageCAS_CT\raw_images\final_extracted\1-200\25.img.nii.gz,C:\Users\maksa\Desktop\диссертация\data\data\segmentation\ImageCAS_CT\ImageCAS-STACOM2025-02-10-2025\segmentations\25.img.nii.gz,81,ImageCAS,unassigned,cardiac_ct,axial,0,public,True,0.4140625,0.4140625
ImageCAS_25,25,static,C:\Users\maksa\Desktop\диссертация\data\data\segmentation\ImageCAS_CT\raw_images\final_extracted\1-200\25.img.nii.gz,C:\Users\maksa\Desktop\диссертация\data\data\segmentation\ImageCAS_CT\ImageCAS-STACOM2025-02-10-2025\segmentations\25.img.nii.gz,108,ImageCAS,unassigned,cardiac_ct,axial,0,public,True,0.4140625,0.4140625
ImageCAS_25,25,static,C:\Users\maksa\Desktop\диссертация\data\data\segmentation\ImageCAS_CT\raw_images\final_extracted\1-200\25.img.nii.gz,C:\Users\maksa\Desktop\диссертация\data\data\segmentation\ImageCAS_CT\ImageCAS-STACOM2025-02-10-2025\segmentations\25.img.nii.gz,136,ImageCAS,unassigned,cardiac_ct,axial,0,public,True,0.4140625,0.4140625
ImageCAS_25,25,static,C:\Users\maksa\Desktop\диссертация\data\data\segmentation\ImageCAS_CT\raw_images\final_extracted\1-200\25.img.nii.gz,C:\Users\maksa\Desktop\диссертация\data\data\segmentation\ImageCAS_CT\ImageCAS-STACOM2025-02-10-2025\segmentations\25.img.nii.gz,163,ImageCAS,unassigned,cardiac_ct,axial,0,public,True,0.4140625,0.4140625
ImageCAS_25,25,static,C:\Users\maksa\Desktop\диссертация\data\data\segmentation\ImageCAS_CT\raw_images\final_extracted\1-200\25.img.nii.gz,C:\Users\maksa\Desktop\диссертация\data\data\segmentation\ImageCAS_CT\ImageCAS-STACOM2025-02-10-2025\segmentations\25.img.nii.gz,190,ImageCAS,unassigned,cardiac_ct,axial,0,public,True,0.4140625,0.4140625
ImageCAS_25,25,static,C:\Users\maksa\Desktop\диссертация\data\data\segmentation\ImageCAS_CT\raw_images\final_extracted\1-200\25.img.nii.gz,C:\Users\maksa\Desktop\диссертация\data\data\segmentation\ImageCAS_CT\ImageCAS-STACOM2025-02-10-2025\segmentations\25.img.nii.gz,217,ImageCAS,unassigned,cardiac_ct,axial,0,public,True,0.4140625,0.4140625
ImageCAS_25,25,static,C:\Users\maksa\Desktop\диссертация\data\data\segmentation\ImageCAS_CT\raw_images\final_extracted\1-200\25.img.nii.gz,C:\Users\maksa\Desktop\диссертация\data\data\segmentation\ImageCAS_CT\ImageCAS-STACOM2025-02-10-2025\segmentations\25.img.nii.gz,244,ImageCAS,unassigned,cardiac_ct,axial,0,public,True,0.4140625,0.4140625
ImageCAS_26,26,static,C:\Users\maksa\Desktop\диссертация\data\data\segmentation\ImageCAS_CT\raw_images\final_extracted\1-200\26.img.nii.gz,C:\Users\maksa\Desktop\диссертация\data\data\segmentation\ImageCAS_CT\ImageCAS-STACOM2025-02-10-2025\segmentations\26.img.nii.gz,0,ImageCAS,unassigned,cardiac_ct,axial,0,public,True,0.349609375,0.349609375
ImageCAS_26,26,static,C:\Users\maksa\Desktop\диссертация\data\data\segmentation\ImageCAS_CT\raw_images\final_extracted\1-200\26.img.nii.gz,C:\Users\maksa\Desktop\диссертация\data\data\segmentation\ImageCAS_CT\ImageCAS-STACOM2025-02-10-2025\segmentations\26.img.nii.gz,30,ImageCAS,unassigned,cardiac_ct,axial,0,public,True,0.349609375,0.349609375
ImageCAS_26,26,static,C:\Users\maksa\Desktop\диссертация\data\data\segmentation\ImageCAS_CT\raw_images\final_extracted\1-200\26.img.nii.gz,C:\Users\maksa\Desktop\диссертация\data\data\segmentation\ImageCAS_CT\ImageCAS-STACOM2025-02-10-2025\segmentations\26.img.nii.gz,61,ImageCAS,unassigned,cardiac_ct,axial,0,public,True,0.349609375,0.349609375
ImageCAS_26,26,static,C:\Users\maksa\Desktop\диссертация\data\data\segmentation\ImageCAS_CT\raw_images\final_extracted\1-200\26.img.nii.gz,C:\Users\maksa\Desktop\диссертация\data\data\segmentation\ImageCAS_CT\ImageCAS-STACOM2025-02-10-2025\segmentations\26.img.nii.gz,91,ImageCAS,unassigned,cardiac_ct,axial,0,public,True,0.349609375,0.349609375
ImageCAS_26,26,static,C:\Users\maksa\Desktop\диссертация\data\data\segmentation\ImageCAS_CT\raw_images\final_extracted\1-200\26.img.nii.gz,C:\Users\maksa\Desktop\диссертация\data\data\segmentation\ImageCAS_CT\ImageCAS-STACOM2025-02-10-2025\segmentations\26.img.nii.gz,122,ImageCAS,unassigned,cardiac_ct,axial,0,public,True,0.349609375,0.349609375
ImageCAS_26,26,static,C:\Users\maksa\Desktop\диссертация\data\data\segmentation\ImageCAS_CT\raw_images\final_extracted\1-200\26.img.nii.gz,C:\Users\maksa\Desktop\диссертация\data\data\segmentation\ImageCAS_CT\ImageCAS-STACOM2025-02-10-2025\segmentations\26.img.nii.gz,152,ImageCAS,unassigned,cardiac_ct,axial,0,public,True,0.349609375,0.349609375
ImageCAS_26,26,static,C:\Users\maksa\Desktop\диссертация\data\data\segmentation\ImageCAS_CT\raw_images\final_extracted\1-200\26.img.nii.gz,C:\Users\maksa\Desktop\диссертация\data\data\segmentation\ImageCAS_CT\ImageCAS-STACOM2025-02-10-2025\segmentations\26.img.nii.gz,183,ImageCAS,unassigned,cardiac_ct,axial,0,public,True,0.349609375,0.349609375
ImageCAS_26,26,static,C:\Users\maksa\Desktop\диссертация\data\data\segmentation\ImageCAS_CT\raw_images\final_extracted\1-200\26.img.nii.gz,C:\Users\maksa\Desktop\диссертация\data\data\segmentation\ImageCAS_CT\ImageCAS-STACOM2025-02-10-2025\segmentations\26.img.nii.gz,213,ImageCAS,unassigned,cardiac_ct,axial,0,public,True,0.349609375,0.349609375
ImageCAS_26,26,static,C:\Users\maksa\Desktop\диссертация\data\data\segmentation\ImageCAS_CT\raw_images\final_extracted\1-200\26.img.nii.gz,C:\Users\maksa\Desktop\диссертация\data\data\segmentation\ImageCAS_CT\ImageCAS-STACOM2025-02-10-2025\segmentations\26.img.nii.gz,244,ImageCAS,unassigned,cardiac_ct,axial,0,public,True,0.349609375,0.349609375
ImageCAS_26,26,static,C:\Users\maksa\Desktop\диссертация\data\data\segmentation\ImageCAS_CT\raw_images\final_extracted\1-200\26.img.nii.gz,C:\Users\maksa\Desktop\диссертация\data\data\segmentation\ImageCAS_CT\ImageCAS-STACOM2025-02-10-2025\segmentations\26.img.nii.gz,274,ImageCAS,unassigned,cardiac_ct,axial,0,public,True,0.349609375,0.349609375
ImageCAS_27,27,static,C:\Users\maksa\Desktop\диссертация\data\data\segmentation\ImageCAS_CT\raw_images\final_extracted\1-200\27.img.nii.gz,C:\Users\maksa\Desktop\диссертация\data\data\segmentation\ImageCAS_CT\ImageCAS-STACOM2025-02-10-2025\segmentations\27.img.nii.gz,0,ImageCAS,unassigned,cardiac_ct,axial,0,public,True,0.318359375,0.318359375
ImageCAS_27,27,static,C:\Users\maksa\Desktop\диссертация\data\data\segmentation\ImageCAS_CT\raw_images\final_extracted\1-200\27.img.nii.gz,C:\Users\maksa\Desktop\диссертация\data\data\segmentation\ImageCAS_CT\ImageCAS-STACOM2025-02-10-2025\segmentations\27.img.nii.gz,30,ImageCAS,unassigned,cardiac_ct,axial,0,public,True,0.318359375,0.318359375
ImageCAS_27,27,static,C:\Users\maksa\Desktop\диссертация\data\data\segmentation\ImageCAS_CT\raw_images\final_extracted\1-200\27.img.nii.gz,C:\Users\maksa\Desktop\диссертация\data\data\segmentation\ImageCAS_CT\ImageCAS-STACOM2025-02-10-2025\segmentations\27.img.nii.gz,61,ImageCAS,unassigned,cardiac_ct,axial,0,public,True,0.318359375,0.318359375
ImageCAS_27,27,static,C:\Users\maksa\Desktop\диссертация\data\data\segmentation\ImageCAS_CT\raw_images\final_extracted\1-200\27.img.nii.gz,C:\Users\maksa\Desktop\диссертация\data\data\segmentation\ImageCAS_CT\ImageCAS-STACOM2025-02-10-2025\segmentations\27.img.nii.gz,91,ImageCAS,unassigned,cardiac_ct,axial,0,public,True,0.318359375,0.318359375
ImageCAS_27,27,static,C:\Users\maksa\Desktop\диссертация\data\data\segmentation\ImageCAS_CT\raw_images\final_extracted\1-200\27.img.nii.gz,C:\Users\maksa\Desktop\диссертация\data\data\segmentation\ImageCAS_CT\ImageCAS-STACOM2025-02-10-2025\segmentations\27.img.nii.gz,122,ImageCAS,unassigned,cardiac_ct,axial,0,public,True,0.318359375,0.318359375
ImageCAS_27,27,static,C:\Users\maksa\Desktop\диссертация\data\data\segmentation\ImageCAS_CT\raw_images\final_extracted\1-200\27.img.nii.gz,C:\Users\maksa\Desktop\диссертация\data\data\segmentation\ImageCAS_CT\ImageCAS-STACOM2025-02-10-2025\segmentations\27.img.nii.gz,152,ImageCAS,unassigned,cardiac_ct,axial,0,public,True,0.318359375,0.318359375
ImageCAS_27,27,static,C:\Users\maksa\Desktop\диссертация\data\data\segmentation\ImageCAS_CT\raw_images\final_extracted\1-200\27.img.nii.gz,C:\Users\maksa\Desktop\диссертация\data\data\segmentation\ImageCAS_CT\ImageCAS-STACOM2025-02-10-2025\segmentations\27.img.nii.gz,183,ImageCAS,unassigned,cardiac_ct,axial,0,public,True,0.318359375,0.318359375
ImageCAS_27,27,static,C:\Users\maksa\Desktop\диссертация\data\data\segmentation\ImageCAS_CT\raw_images\final_extracted\1-200\27.img.nii.gz,C:\Users\maksa\Desktop\диссертация\data\data\segmentation\ImageCAS_CT\ImageCAS-STACOM2025-02-10-2025\segmentations\27.img.nii.gz,213,ImageCAS,unassigned,cardiac_ct,axial,0,public,True,0.318359375,0.318359375
ImageCAS_27,27,static,C:\Users\maksa\Desktop\диссертация\data\data\segmentation\ImageCAS_CT\raw_images\final_extracted\1-200\27.img.nii.gz,C:\Users\maksa\Desktop\диссертация\data\data\segmentation\ImageCAS_CT\ImageCAS-STACOM2025-02-10-2025\segmentations\27.img.nii.gz,244,ImageCAS,unassigned,cardiac_ct,axial,0,public,True,0.318359375,0.318359375
ImageCAS_27,27,static,C:\Users\maksa\Desktop\диссертация\data\data\segmentation\ImageCAS_CT\raw_images\final_extracted\1-200\27.img.nii.gz,C:\Users\maksa\Desktop\диссертация\data\data\segmentation\ImageCAS_CT\ImageCAS-STACOM2025-02-10-2025\segmentations\27.img.nii.gz,274,ImageCAS,unassigned,cardiac_ct,axial,0,public,True,0.318359375,0.318359375
ImageCAS_28,28,static,C:\Users\maksa\Desktop\диссертация\data\data\segmentation\ImageCAS_CT\raw_images\final_extracted\1-200\28.img.nii.gz,C:\Users\maksa\Desktop\диссертация\data\data\segmentation\ImageCAS_CT\ImageCAS-STACOM2025-02-10-2025\segmentations\28.img.nii.gz,0,ImageCAS,unassigned,cardiac_ct,axial,0,public,True,0.3359375,0.3359375
ImageCAS_28,28,static,C:\Users\maksa\Desktop\диссертация\data\data\segmentation\ImageCAS_CT\raw_images\final_extracted\1-200\28.img.nii.gz,C:\Users\maksa\Desktop\диссертация\data\data\segmentation\ImageCAS_CT\ImageCAS-STACOM2025-02-10-2025\segmentations\28.img.nii.gz,30,ImageCAS,unassigned,cardiac_ct,axial,0,public,True,0.3359375,0.3359375
ImageCAS_28,28,static,C:\Users\maksa\Desktop\диссертация\data\data\segmentation\ImageCAS_CT\raw_images\final_extracted\1-200\28.img.nii.gz,C:\Users\maksa\Desktop\диссертация\data\data\segmentation\ImageCAS_CT\ImageCAS-STACOM2025-02-10-2025\segmentations\28.img.nii.gz,61,ImageCAS,unassigned,cardiac_ct,axial,0,public,True,0.3359375,0.3359375
ImageCAS_28,28,static,C:\Users\maksa\Desktop\диссертация\data\data\segmentation\ImageCAS_CT\raw_images\final_extracted\1-200\28.img.nii.gz,C:\Users\maksa\Desktop\диссертация\data\data\segmentation\ImageCAS_CT\ImageCAS-STACOM2025-02-10-2025\segmentations\28.img.nii.gz,91,ImageCAS,unassigned,cardiac_ct,axial,0,public,True,0.3359375,0.3359375
ImageCAS_28,28,static,C:\Users\maksa\Desktop\диссертация\data\data\segmentation\ImageCAS_CT\raw_images\final_extracted\1-200\28.img.nii.gz,C:\Users\maksa\Desktop\диссертация\data\data\segmentation\ImageCAS_CT\ImageCAS-STACOM2025-02-10-2025\segmentations\28.img.nii.gz,122,ImageCAS,unassigned,cardiac_ct,axial,0,public,True,0.3359375,0.3359375
ImageCAS_28,28,static,C:\Users\maksa\Desktop\диссертация\data\data\segmentation\ImageCAS_CT\raw_images\final_extracted\1-200\28.img.nii.gz,C:\Users\maksa\Desktop\диссертация\data\data\segmentation\ImageCAS_CT\ImageCAS-STACOM2025-02-10-2025\segmentations\28.img.nii.gz,152,ImageCAS,unassigned,cardiac_ct,axial,0,public,True,0.3359375,0.3359375
ImageCAS_28,28,static,C:\Users\maksa\Desktop\диссертация\data\data\segmentation\ImageCAS_CT\raw_images\final_extracted\1-200\28.img.nii.gz,C:\Users\maksa\Desktop\диссертация\data\data\segmentation\ImageCAS_CT\ImageCAS-STACOM2025-02-10-2025\segmentations\28.img.nii.gz,183,ImageCAS,unassigned,cardiac_ct,axial,0,public,True,0.3359375,0.3359375
ImageCAS_28,28,static,C:\Users\maksa\Desktop\диссертация\data\data\segmentation\ImageCAS_CT\raw_images\final_extracted\1-200\28.img.nii.gz,C:\Users\maksa\Desktop\диссертация\data\data\segmentation\ImageCAS_CT\ImageCAS-STACOM2025-02-10-2025\segmentations\28.img.nii.gz,213,ImageCAS,unassigned,cardiac_ct,axial,0,public,True,0.3359375,0.3359375
ImageCAS_28,28,static,C:\Users\maksa\Desktop\диссертация\data\data\segmentation\ImageCAS_CT\raw_images\final_extracted\1-200\28.img.nii.gz,C:\Users\maksa\Desktop\диссертация\data\data\segmentation\ImageCAS_CT\ImageCAS-STACOM2025-02-10-2025\segmentations\28.img.nii.gz,244,ImageCAS,unassigned,cardiac_ct,axial,0,public,True,0.3359375,0.3359375
ImageCAS_28,28,static,C:\Users\maksa\Desktop\диссертация\data\data\segmentation\ImageCAS_CT\raw_images\final_extracted\1-200\28.img.nii.gz,C:\Users\maksa\Desktop\диссертация\data\data\segmentation\ImageCAS_CT\ImageCAS-STACOM2025-02-10-2025\segmentations\28.img.nii.gz,274,ImageCAS,unassigned,cardiac_ct,axial,0,public,True,0.3359375,0.3359375
ImageCAS_29,29,static,C:\Users\maksa\Desktop\диссертация\data\data\segmentation\ImageCAS_CT\raw_images\final_extracted\1-200\29.img.nii.gz,C:\Users\maksa\Desktop\диссертация\data\data\segmentation\ImageCAS_CT\ImageCAS-STACOM2025-02-10-2025\segmentations\29.img.nii.gz,0,ImageCAS,unassigned,cardiac_ct,axial,0,public,True,0.318359375,0.318359375
ImageCAS_29,29,static,C:\Users\maksa\Desktop\диссертация\data\data\segmentation\ImageCAS_CT\raw_images\final_extracted\1-200\29.img.nii.gz,C:\Users\maksa\Desktop\диссертация\data\data\segmentation\ImageCAS_CT\ImageCAS-STACOM2025-02-10-2025\segmentations\29.img.nii.gz,23,ImageCAS,unassigned,cardiac_ct,axial,0,public,True,0.318359375,0.318359375
ImageCAS_29,29,static,C:\Users\maksa\Desktop\диссертация\data\data\segmentation\ImageCAS_CT\raw_images\final_extracted\1-200\29.img.nii.gz,C:\Users\maksa\Desktop\диссертация\data\data\segmentation\ImageCAS_CT\ImageCAS-STACOM2025-02-10-2025\segmentations\29.img.nii.gz,46,ImageCAS,unassigned,cardiac_ct,axial,0,public,True,0.318359375,0.318359375
ImageCAS_29,29,static,C:\Users\maksa\Desktop\диссертация\data\data\segmentation\ImageCAS_CT\raw_images\final_extracted\1-200\29.img.nii.gz,C:\Users\maksa\Desktop\диссертация\data\data\segmentation\ImageCAS_CT\ImageCAS-STACOM2025-02-10-2025\segmentations\29.img.nii.gz,68,ImageCAS,unassigned,cardiac_ct,axial,0,public,True,0.318359375,0.318359375
ImageCAS_29,29,static,C:\Users\maksa\Desktop\диссертация\data\data\segmentation\ImageCAS_CT\raw_images\final_extracted\1-200\29.img.nii.gz,C:\Users\maksa\Desktop\диссертация\data\data\segmentation\ImageCAS_CT\ImageCAS-STACOM2025-02-10-2025\segmentations\29.img.nii.gz,91,ImageCAS,unassigned,cardiac_ct,axial,0,public,True,0.318359375,0.318359375
ImageCAS_29,29,static,C:\Users\maksa\Desktop\диссертация\data\data\segmentation\ImageCAS_CT\raw_images\final_extracted\1-200\29.img.nii.gz,C:\Users\maksa\Desktop\диссертация\data\data\segmentation\ImageCAS_CT\ImageCAS-STACOM2025-02-10-2025\segmentations\29.img.nii.gz,114,ImageCAS,unassigned,cardiac_ct,axial,0,public,True,0.318359375,0.318359375
ImageCAS_29,29,static,C:\Users\maksa\Desktop\диссертация\data\data\segmentation\ImageCAS_CT\raw_images\final_extracted\1-200\29.img.nii.gz,C:\Users\maksa\Desktop\диссертация\data\data\segmentation\ImageCAS_CT\ImageCAS-STACOM2025-02-10-2025\segmentations\29.img.nii.gz,137,ImageCAS,unassigned,cardiac_ct,axial,0,public,True,0.318359375,0.318359375
ImageCAS_29,29,static,C:\Users\maksa\Desktop\диссертация\data\data\segmentation\ImageCAS_CT\raw_images\final_extracted\1-200\29.img.nii.gz,C:\Users\maksa\Desktop\диссертация\data\data\segmentation\ImageCAS_CT\ImageCAS-STACOM2025-02-10-2025\segmentations\29.img.nii.gz,159,ImageCAS,unassigned,cardiac_ct,axial,0,public,True,0.318359375,0.318359375
ImageCAS_29,29,static,C:\Users\maksa\Desktop\диссертация\data\data\segmentation\ImageCAS_CT\raw_images\final_extracted\1-200\29.img.nii.gz,C:\Users\maksa\Desktop\диссертация\data\data\segmentation\ImageCAS_CT\ImageCAS-STACOM2025-02-10-2025\segmentations\29.img.nii.gz,182,ImageCAS,unassigned,cardiac_ct,axial,0,public,True,0.318359375,0.318359375
ImageCAS_29,29,static,C:\Users\maksa\Desktop\диссертация\data\data\segmentation\ImageCAS_CT\raw_images\final_extracted\1-200\29.img.nii.gz,C:\Users\maksa\Desktop\диссертация\data\data\segmentation\ImageCAS_CT\ImageCAS-STACOM2025-02-10-2025\segmentations\29.img.nii.gz,205,ImageCAS,unassigned,cardiac_ct,axial,0,public,True,0.318359375,0.318359375
ImageCAS_30,30,static,C:\Users\maksa\Desktop\диссертация\data\data\segmentation\ImageCAS_CT\raw_images\final_extracted\1-200\30.img.nii.gz,C:\Users\maksa\Desktop\диссертация\data\data\segmentation\ImageCAS_CT\ImageCAS-STACOM2025-02-10-2025\segmentations\30.img.nii.gz,0,ImageCAS,unassigned,cardiac_ct,axial,0,public,True,0.3515625,0.3515625
ImageCAS_30,30,static,C:\Users\maksa\Desktop\диссертация\data\data\segmentation\ImageCAS_CT\raw_images\final_extracted\1-200\30.img.nii.gz,C:\Users\maksa\Desktop\диссертация\data\data\segmentation\ImageCAS_CT\ImageCAS-STACOM2025-02-10-2025\segmentations\30.img.nii.gz,30,ImageCAS,unassigned,cardiac_ct,axial,0,public,True,0.3515625,0.3515625
ImageCAS_30,30,static,C:\Users\maksa\Desktop\диссертация\data\data\segmentation\ImageCAS_CT\raw_images\final_extracted\1-200\30.img.nii.gz,C:\Users\maksa\Desktop\диссертация\data\data\segmentation\ImageCAS_CT\ImageCAS-STACOM2025-02-10-2025\segmentations\30.img.nii.gz,61,ImageCAS,unassigned,cardiac_ct,axial,0,public,True,0.3515625,0.3515625
ImageCAS_30,30,static,C:\Users\maksa\Desktop\диссертация\data\data\segmentation\ImageCAS_CT\raw_images\final_extracted\1-200\30.img.nii.gz,C:\Users\maksa\Desktop\диссертация\data\data\segmentation\ImageCAS_CT\ImageCAS-STACOM2025-02-10-2025\segmentations\30.img.nii.gz,91,ImageCAS,unassigned,cardiac_ct,axial,0,public,True,0.3515625,0.3515625
ImageCAS_30,30,static,C:\Users\maksa\Desktop\диссертация\data\data\segmentation\ImageCAS_CT\raw_images\final_extracted\1-200\30.img.nii.gz,C:\Users\maksa\Desktop\диссертация\data\data\segmentation\ImageCAS_CT\ImageCAS-STACOM2025-02-10-2025\segmentations\30.img.nii.gz,122,ImageCAS,unassigned,cardiac_ct,axial,0,public,True,0.3515625,0.3515625
ImageCAS_30,30,static,C:\Users\maksa\Desktop\диссертация\data\data\segmentation\ImageCAS_CT\raw_images\final_extracted\1-200\30.img.nii.gz,C:\Users\maksa\Desktop\диссертация\data\data\segmentation\ImageCAS_CT\ImageCAS-STACOM2025-02-10-2025\segmentations\30.img.nii.gz,152,ImageCAS,unassigned,cardiac_ct,axial,0,public,True,0.3515625,0.3515625
ImageCAS_30,30,static,C:\Users\maksa\Desktop\диссертация\data\data\segmentation\ImageCAS_CT\raw_images\final_extracted\1-200\30.img.nii.gz,C:\Users\maksa\Desktop\диссертация\data\data\segmentation\ImageCAS_CT\ImageCAS-STACOM2025-02-10-2025\segmentations\30.img.nii.gz,183,ImageCAS,unassigned,cardiac_ct,axial,0,public,True,0.3515625,0.3515625
ImageCAS_30,30,static,C:\Users\maksa\Desktop\диссертация\data\data\segmentation\ImageCAS_CT\raw_images\final_extracted\1-200\30.img.nii.gz,C:\Users\maksa\Desktop\диссертация\data\data\segmentation\ImageCAS_CT\ImageCAS-STACOM2025-02-10-2025\segmentations\30.img.nii.gz,213,ImageCAS,unassigned,cardiac_ct,axial,0,public,True,0.3515625,0.3515625
ImageCAS_30,30,static,C:\Users\maksa\Desktop\диссертация\data\data\segmentation\ImageCAS_CT\raw_images\final_extracted\1-200\30.img.nii.gz,C:\Users\maksa\Desktop\диссертация\data\data\segmentation\ImageCAS_CT\ImageCAS-STACOM2025-02-10-2025\segmentations\30.img.nii.gz,244,ImageCAS,unassigned,cardiac_ct,axial,0,public,True,0.3515625,0.3515625
ImageCAS_30,30,static,C:\Users\maksa\Desktop\диссертация\data\data\segmentation\ImageCAS_CT\raw_images\final_extracted\1-200\30.img.nii.gz,C:\Users\maksa\Desktop\диссертация\data\data\segmentation\ImageCAS_CT\ImageCAS-STACOM2025-02-10-2025\segmentations\30.img.nii.gz,274,ImageCAS,unassigned,cardiac_ct,axial,0,public,True,0.3515625,0.3515625
ImageCAS_31,31,static,C:\Users\maksa\Desktop\диссертация\data\data\segmentation\ImageCAS_CT\raw_images\final_extracted\1-200\31.img.nii.gz,C:\Users\maksa\Desktop\диссертация\data\data\segmentation\ImageCAS_CT\ImageCAS-STACOM2025-02-10-2025\segmentations\31.img.nii.gz,0,ImageCAS,unassigned,cardiac_ct,axial,0,public,True,0.345703125,0.345703125
ImageCAS_31,31,static,C:\Users\maksa\Desktop\диссертация\data\data\segmentation\ImageCAS_CT\raw_images\final_extracted\1-200\31.img.nii.gz,C:\Users\maksa\Desktop\диссертация\data\data\segmentation\ImageCAS_CT\ImageCAS-STACOM2025-02-10-2025\segmentations\31.img.nii.gz,30,ImageCAS,unassigned,cardiac_ct,axial,0,public,True,0.345703125,0.345703125
ImageCAS_31,31,static,C:\Users\maksa\Desktop\диссертация\data\data\segmentation\ImageCAS_CT\raw_images\final_extracted\1-200\31.img.nii.gz,C:\Users\maksa\Desktop\диссертация\data\data\segmentation\ImageCAS_CT\ImageCAS-STACOM2025-02-10-2025\segmentations\31.img.nii.gz,61,ImageCAS,unassigned,cardiac_ct,axial,0,public,True,0.345703125,0.345703125
ImageCAS_31,31,static,C:\Users\maksa\Desktop\диссертация\data\data\segmentation\ImageCAS_CT\raw_images\final_extracted\1-200\31.img.nii.gz,C:\Users\maksa\Desktop\диссертация\data\data\segmentation\ImageCAS_CT\ImageCAS-STACOM2025-02-10-2025\segmentations\31.img.nii.gz,91,ImageCAS,unassigned,cardiac_ct,axial,0,public,True,0.345703125,0.345703125
ImageCAS_31,31,static,C:\Users\maksa\Desktop\диссертация\data\data\segmentation\ImageCAS_CT\raw_images\final_extracted\1-200\31.img.nii.gz,C:\Users\maksa\Desktop\диссертация\data\data\segmentation\ImageCAS_CT\ImageCAS-STACOM2025-02-10-2025\segmentations\31.img.nii.gz,122,ImageCAS,unassigned,cardiac_ct,axial,0,public,True,0.345703125,0.345703125
ImageCAS_31,31,static,C:\Users\maksa\Desktop\диссертация\data\data\segmentation\ImageCAS_CT\raw_images\final_extracted\1-200\31.img.nii.gz,C:\Users\maksa\Desktop\диссертация\data\data\segmentation\ImageCAS_CT\ImageCAS-STACOM2025-02-10-2025\segmentations\31.img.nii.gz,152,ImageCAS,unassigned,cardiac_ct,axial,0,public,True,0.345703125,0.345703125
ImageCAS_31,31,static,C:\Users\maksa\Desktop\диссертация\data\data\segmentation\ImageCAS_CT\raw_images\final_extracted\1-200\31.img.nii.gz,C:\Users\maksa\Desktop\диссертация\data\data\segmentation\ImageCAS_CT\ImageCAS-STACOM2025-02-10-2025\segmentations\31.img.nii.gz,183,ImageCAS,unassigned,cardiac_ct,axial,0,public,True,0.345703125,0.345703125
ImageCAS_31,31,static,C:\Users\maksa\Desktop\диссертация\data\data\segmentation\ImageCAS_CT\raw_images\final_extracted\1-200\31.img.nii.gz,C:\Users\maksa\Desktop\диссертация\data\data\segmentation\ImageCAS_CT\ImageCAS-STACOM2025-02-10-2025\segmentations\31.img.nii.gz,213,ImageCAS,unassigned,cardiac_ct,axial,0,public,True,0.345703125,0.345703125
ImageCAS_31,31,static,C:\Users\maksa\Desktop\диссертация\data\data\segmentation\ImageCAS_CT\raw_images\final_extracted\1-200\31.img.nii.gz,C:\Users\maksa\Desktop\диссертация\data\data\segmentation\ImageCAS_CT\ImageCAS-STACOM2025-02-10-2025\segmentations\31.img.nii.gz,244,ImageCAS,unassigned,cardiac_ct,axial,0,public,True,0.345703125,0.345703125
ImageCAS_31,31,static,C:\Users\maksa\Desktop\диссертация\data\data\segmentation\ImageCAS_CT\raw_images\final_extracted\1-200\31.img.nii.gz,C:\Users\maksa\Desktop\диссертация\data\data\segmentation\ImageCAS_CT\ImageCAS-STACOM2025-02-10-2025\segmentations\31.img.nii.gz,274,ImageCAS,unassigned,cardiac_ct,axial,0,public,True,0.345703125,0.345703125
ImageCAS_32,32,static,C:\Users\maksa\Desktop\диссертация\data\data\segmentation\ImageCAS_CT\raw_images\final_extracted\1-200\32.img.nii.gz,C:\Users\maksa\Desktop\диссертация\data\data\segmentation\ImageCAS_CT\ImageCAS-STACOM2025-02-10-2025\segmentations\32.img.nii.gz,0,ImageCAS,unassigned,cardiac_ct,axial,0,public,True,0.318359375,0.318359375
ImageCAS_32,32,static,C:\Users\maksa\Desktop\диссертация\data\data\segmentation\ImageCAS_CT\raw_images\final_extracted\1-200\32.img.nii.gz,C:\Users\maksa\Desktop\диссертация\data\data\segmentation\ImageCAS_CT\ImageCAS-STACOM2025-02-10-2025\segmentations\32.img.nii.gz,30,ImageCAS,unassigned,cardiac_ct,axial,0,public,True,0.318359375,0.318359375
ImageCAS_32,32,static,C:\Users\maksa\Desktop\диссертация\data\data\segmentation\ImageCAS_CT\raw_images\final_extracted\1-200\32.img.nii.gz,C:\Users\maksa\Desktop\диссертация\data\data\segmentation\ImageCAS_CT\ImageCAS-STACOM2025-02-10-2025\segmentations\32.img.nii.gz,61,ImageCAS,unassigned,cardiac_ct,axial,0,public,True,0.318359375,0.318359375
ImageCAS_32,32,static,C:\Users\maksa\Desktop\диссертация\data\data\segmentation\ImageCAS_CT\raw_images\final_extracted\1-200\32.img.nii.gz,C:\Users\maksa\Desktop\диссертация\data\data\segmentation\ImageCAS_CT\ImageCAS-STACOM2025-02-10-2025\segmentations\32.img.nii.gz,91,ImageCAS,unassigned,cardiac_ct,axial,0,public,True,0.318359375,0.318359375
ImageCAS_32,32,static,C:\Users\maksa\Desktop\диссертация\data\data\segmentation\ImageCAS_CT\raw_images\final_extracted\1-200\32.img.nii.gz,C:\Users\maksa\Desktop\диссертация\data\data\segmentation\ImageCAS_CT\ImageCAS-STACOM2025-02-10-2025\segmentations\32.img.nii.gz,122,ImageCAS,unassigned,cardiac_ct,axial,0,public,True,0.318359375,0.318359375
ImageCAS_32,32,static,C:\Users\maksa\Desktop\диссертация\data\data\segmentation\ImageCAS_CT\raw_images\final_extracted\1-200\32.img.nii.gz,C:\Users\maksa\Desktop\диссертация\data\data\segmentation\ImageCAS_CT\ImageCAS-STACOM2025-02-10-2025\segmentations\32.img.nii.gz,152,ImageCAS,unassigned,cardiac_ct,axial,0,public,True,0.318359375,0.318359375
ImageCAS_32,32,static,C:\Users\maksa\Desktop\диссертация\data\data\segmentation\ImageCAS_CT\raw_images\final_extracted\1-200\32.img.nii.gz,C:\Users\maksa\Desktop\диссертация\data\data\segmentation\ImageCAS_CT\ImageCAS-STACOM2025-02-10-2025\segmentations\32.img.nii.gz,183,ImageCAS,unassigned,cardiac_ct,axial,0,public,True,0.318359375,0.318359375
ImageCAS_32,32,static,C:\Users\maksa\Desktop\диссертация\data\data\segmentation\ImageCAS_CT\raw_images\final_extracted\1-200\32.img.nii.gz,C:\Users\maksa\Desktop\диссертация\data\data\segmentation\ImageCAS_CT\ImageCAS-STACOM2025-02-10-2025\segmentations\32.img.nii.gz,213,ImageCAS,unassigned,cardiac_ct,axial,0,public,True,0.318359375,0.318359375
ImageCAS_32,32,static,C:\Users\maksa\Desktop\диссертация\data\data\segmentation\ImageCAS_CT\raw_images\final_extracted\1-200\32.img.nii.gz,C:\Users\maksa\Desktop\диссертация\data\data\segmentation\ImageCAS_CT\ImageCAS-STACOM2025-02-10-2025\segmentations\32.img.nii.gz,244,ImageCAS,unassigned,cardiac_ct,axial,0,public,True,0.318359375,0.318359375
ImageCAS_32,32,static,C:\Users\maksa\Desktop\диссертация\data\data\segmentation\ImageCAS_CT\raw_images\final_extracted\1-200\32.img.nii.gz,C:\Users\maksa\Desktop\диссертация\data\data\segmentation\ImageCAS_CT\ImageCAS-STACOM2025-02-10-2025\segmentations\32.img.nii.gz,274,ImageCAS,unassigned,cardiac_ct,axial,0,public,True,0.318359375,0.318359375
ImageCAS_33,33,static,C:\Users\maksa\Desktop\диссертация\data\data\segmentation\ImageCAS_CT\raw_images\final_extracted\1-200\33.img.nii.gz,C:\Users\maksa\Desktop\диссертация\data\data\segmentation\ImageCAS_CT\ImageCAS-STACOM2025-02-10-2025\segmentations\33.img.nii.gz,0,ImageCAS,unassigned,cardiac_ct,axial,0,public,True,0.326171875,0.326171875
ImageCAS_33,33,static,C:\Users\maksa\Desktop\диссертация\data\data\segmentation\ImageCAS_CT\raw_images\final_extracted\1-200\33.img.nii.gz,C:\Users\maksa\Desktop\диссертация\data\data\segmentation\ImageCAS_CT\ImageCAS-STACOM2025-02-10-2025\segmentations\33.img.nii.gz,30,ImageCAS,unassigned,cardiac_ct,axial,0,public,True,0.326171875,0.326171875
ImageCAS_33,33,static,C:\Users\maksa\Desktop\диссертация\data\data\segmentation\ImageCAS_CT\raw_images\final_extracted\1-200\33.img.nii.gz,C:\Users\maksa\Desktop\диссертация\data\data\segmentation\ImageCAS_CT\ImageCAS-STACOM2025-02-10-2025\segmentations\33.img.nii.gz,61,ImageCAS,unassigned,cardiac_ct,axial,0,public,True,0.326171875,0.326171875
ImageCAS_33,33,static,C:\Users\maksa\Desktop\диссертация\data\data\segmentation\ImageCAS_CT\raw_images\final_extracted\1-200\33.img.nii.gz,C:\Users\maksa\Desktop\диссертация\data\data\segmentation\ImageCAS_CT\ImageCAS-STACOM2025-02-10-2025\segmentations\33.img.nii.gz,91,ImageCAS,unassigned,cardiac_ct,axial,0,public,True,0.326171875,0.326171875
ImageCAS_33,33,static,C:\Users\maksa\Desktop\диссертация\data\data\segmentation\ImageCAS_CT\raw_images\final_extracted\1-200\33.img.nii.gz,C:\Users\maksa\Desktop\диссертация\data\data\segmentation\ImageCAS_CT\ImageCAS-STACOM2025-02-10-2025\segmentations\33.img.nii.gz,122,ImageCAS,unassigned,cardiac_ct,axial,0,public,True,0.326171875,0.326171875
ImageCAS_33,33,static,C:\Users\maksa\Desktop\диссертация\data\data\segmentation\ImageCAS_CT\raw_images\final_extracted\1-200\33.img.nii.gz,C:\Users\maksa\Desktop\диссертация\data\data\segmentation\ImageCAS_CT\ImageCAS-STACOM2025-02-10-2025\segmentations\33.img.nii.gz,152,ImageCAS,unassigned,cardiac_ct,axial,0,public,True,0.326171875,0.326171875
ImageCAS_33,33,static,C:\Users\maksa\Desktop\диссертация\data\data\segmentation\ImageCAS_CT\raw_images\final_extracted\1-200\33.img.nii.gz,C:\Users\maksa\Desktop\диссертация\data\data\segmentation\ImageCAS_CT\ImageCAS-STACOM2025-02-10-2025\segmentations\33.img.nii.gz,183,ImageCAS,unassigned,cardiac_ct,axial,0,public,True,0.326171875,0.326171875
ImageCAS_33,33,static,C:\Users\maksa\Desktop\диссертация\data\data\segmentation\ImageCAS_CT\raw_images\final_extracted\1-200\33.img.nii.gz,C:\Users\maksa\Desktop\диссертация\data\data\segmentation\ImageCAS_CT\ImageCAS-STACOM2025-02-10-2025\segmentations\33.img.nii.gz,213,ImageCAS,unassigned,cardiac_ct,axial,0,public,True,0.326171875,0.326171875
ImageCAS_33,33,static,C:\Users\maksa\Desktop\диссертация\data\data\segmentation\ImageCAS_CT\raw_images\final_extracted\1-200\33.img.nii.gz,C:\Users\maksa\Desktop\диссертация\data\data\segmentation\ImageCAS_CT\ImageCAS-STACOM2025-02-10-2025\segmentations\33.img.nii.gz,244,ImageCAS,unassigned,cardiac_ct,axial,0,public,True,0.326171875,0.326171875
ImageCAS_33,33,static,C:\Users\maksa\Desktop\диссертация\data\data\segmentation\ImageCAS_CT\raw_images\final_extracted\1-200\33.img.nii.gz,C:\Users\maksa\Desktop\диссертация\data\data\segmentation\ImageCAS_CT\ImageCAS-STACOM2025-02-10-2025\segmentations\33.img.nii.gz,274,ImageCAS,unassigned,cardiac_ct,axial,0,public,True,0.326171875,0.326171875
ImageCAS_34,34,static,C:\Users\maksa\Desktop\диссертация\data\data\segmentation\ImageCAS_CT\raw_images\final_extracted\1-200\34.img.nii.gz,C:\Users\maksa\Desktop\диссертация\data\data\segmentation\ImageCAS_CT\ImageCAS-STACOM2025-02-10-2025\segmentations\34.img.nii.gz,0,ImageCAS,unassigned,cardiac_ct,axial,0,public,True,0.423828125,0.423828125
ImageCAS_34,34,static,C:\Users\maksa\Desktop\диссертация\data\data\segmentation\ImageCAS_CT\raw_images\final_extracted\1-200\34.img.nii.gz,C:\Users\maksa\Desktop\диссертация\data\data\segmentation\ImageCAS_CT\ImageCAS-STACOM2025-02-10-2025\segmentations\34.img.nii.gz,30,ImageCAS,unassigned,cardiac_ct,axial,0,public,True,0.423828125,0.423828125
ImageCAS_34,34,static,C:\Users\maksa\Desktop\диссертация\data\data\segmentation\ImageCAS_CT\raw_images\final_extracted\1-200\34.img.nii.gz,C:\Users\maksa\Desktop\диссертация\data\data\segmentation\ImageCAS_CT\ImageCAS-STACOM2025-02-10-2025\segmentations\34.img.nii.gz,61,ImageCAS,unassigned,cardiac_ct,axial,0,public,True,0.423828125,0.423828125
ImageCAS_34,34,static,C:\Users\maksa\Desktop\диссертация\data\data\segmentation\ImageCAS_CT\raw_images\final_extracted\1-200\34.img.nii.gz,C:\Users\maksa\Desktop\диссертация\data\data\segmentation\ImageCAS_CT\ImageCAS-STACOM2025-02-10-2025\segmentations\34.img.nii.gz,91,ImageCAS,unassigned,cardiac_ct,axial,0,public,True,0.423828125,0.423828125
ImageCAS_34,34,static,C:\Users\maksa\Desktop\диссертация\data\data\segmentation\ImageCAS_CT\raw_images\final_extracted\1-200\34.img.nii.gz,C:\Users\maksa\Desktop\диссертация\data\data\segmentation\ImageCAS_CT\ImageCAS-STACOM2025-02-10-2025\segmentations\34.img.nii.gz,122,ImageCAS,unassigned,cardiac_ct,axial,0,public,True,0.423828125,0.423828125
ImageCAS_34,34,static,C:\Users\maksa\Desktop\диссертация\data\data\segmentation\ImageCAS_CT\raw_images\final_extracted\1-200\34.img.nii.gz,C:\Users\maksa\Desktop\диссертация\data\data\segmentation\ImageCAS_CT\ImageCAS-STACOM2025-02-10-2025\segmentations\34.img.nii.gz,152,ImageCAS,unassigned,cardiac_ct,axial,0,public,True,0.423828125,0.423828125
ImageCAS_34,34,static,C:\Users\maksa\Desktop\диссертация\data\data\segmentation\ImageCAS_CT\raw_images\final_extracted\1-200\34.img.nii.gz,C:\Users\maksa\Desktop\диссертация\data\data\segmentation\ImageCAS_CT\ImageCAS-STACOM2025-02-10-2025\segmentations\34.img.nii.gz,183,ImageCAS,unassigned,cardiac_ct,axial,0,public,True,0.423828125,0.423828125
ImageCAS_34,34,static,C:\Users\maksa\Desktop\диссертация\data\data\segmentation\ImageCAS_CT\raw_images\final_extracted\1-200\34.img.nii.gz,C:\Users\maksa\Desktop\диссертация\data\data\segmentation\ImageCAS_CT\ImageCAS-STACOM2025-02-10-2025\segmentations\34.img.nii.gz,213,ImageCAS,unassigned,cardiac_ct,axial,0,public,True,0.423828125,0.423828125
ImageCAS_34,34,static,C:\Users\maksa\Desktop\диссертация\data\data\segmentation\ImageCAS_CT\raw_images\final_extracted\1-200\34.img.nii.gz,C:\Users\maksa\Desktop\диссертация\data\data\segmentation\ImageCAS_CT\ImageCAS-STACOM2025-02-10-2025\segmentations\34.img.nii.gz,244,ImageCAS,unassigned,cardiac_ct,axial,0,public,True,0.423828125,0.423828125
ImageCAS_34,34,static,C:\Users\maksa\Desktop\диссертация\data\data\segmentation\ImageCAS_CT\raw_images\final_extracted\1-200\34.img.nii.gz,C:\Users\maksa\Desktop\диссертация\data\data\segmentation\ImageCAS_CT\ImageCAS-STACOM2025-02-10-2025\segmentations\34.img.nii.gz,274,ImageCAS,unassigned,cardiac_ct,axial,0,public,True,0.423828125,0.423828125
ImageCAS_35,35,static,C:\Users\maksa\Desktop\диссертация\data\data\segmentation\ImageCAS_CT\raw_images\final_extracted\1-200\35.img.nii.gz,C:\Users\maksa\Desktop\диссертация\data\data\segmentation\ImageCAS_CT\ImageCAS-STACOM2025-02-10-2025\segmentations\35.img.nii.gz,0,ImageCAS,unassigned,cardiac_ct,axial,0,public,True,0.318359375,0.318359375
ImageCAS_35,35,static,C:\Users\maksa\Desktop\диссертация\data\data\segmentation\ImageCAS_CT\raw_images\final_extracted\1-200\35.img.nii.gz,C:\Users\maksa\Desktop\диссертация\data\data\segmentation\ImageCAS_CT\ImageCAS-STACOM2025-02-10-2025\segmentations\35.img.nii.gz,30,ImageCAS,unassigned,cardiac_ct,axial,0,public,True,0.318359375,0.318359375
ImageCAS_35,35,static,C:\Users\maksa\Desktop\диссертация\data\data\segmentation\ImageCAS_CT\raw_images\final_extracted\1-200\35.img.nii.gz,C:\Users\maksa\Desktop\диссертация\data\data\segmentation\ImageCAS_CT\ImageCAS-STACOM2025-02-10-2025\segmentations\35.img.nii.gz,61,ImageCAS,unassigned,cardiac_ct,axial,0,public,True,0.318359375,0.318359375
ImageCAS_35,35,static,C:\Users\maksa\Desktop\диссертация\data\data\segmentation\ImageCAS_CT\raw_images\final_extracted\1-200\35.img.nii.gz,C:\Users\maksa\Desktop\диссертация\data\data\segmentation\ImageCAS_CT\ImageCAS-STACOM2025-02-10-2025\segmentations\35.img.nii.gz,91,ImageCAS,unassigned,cardiac_ct,axial,0,public,True,0.318359375,0.318359375
ImageCAS_35,35,static,C:\Users\maksa\Desktop\диссертация\data\data\segmentation\ImageCAS_CT\raw_images\final_extracted\1-200\35.img.nii.gz,C:\Users\maksa\Desktop\диссертация\data\data\segmentation\ImageCAS_CT\ImageCAS-STACOM2025-02-10-2025\segmentations\35.img.nii.gz,122,ImageCAS,unassigned,cardiac_ct,axial,0,public,True,0.318359375,0.318359375
ImageCAS_35,35,static,C:\Users\maksa\Desktop\диссертация\data\data\segmentation\ImageCAS_CT\raw_images\final_extracted\1-200\35.img.nii.gz,C:\Users\maksa\Desktop\диссертация\data\data\segmentation\ImageCAS_CT\ImageCAS-STACOM2025-02-10-2025\segmentations\35.img.nii.gz,152,ImageCAS,unassigned,cardiac_ct,axial,0,public,True,0.318359375,0.318359375
ImageCAS_35,35,static,C:\Users\maksa\Desktop\диссертация\data\data\segmentation\ImageCAS_CT\raw_images\final_extracted\1-200\35.img.nii.gz,C:\Users\maksa\Desktop\диссертация\data\data\segmentation\ImageCAS_CT\ImageCAS-STACOM2025-02-10-2025\segmentations\35.img.nii.gz,183,ImageCAS,unassigned,cardiac_ct,axial,0,public,True,0.318359375,0.318359375
ImageCAS_35,35,static,C:\Users\maksa\Desktop\диссертация\data\data\segmentation\ImageCAS_CT\raw_images\final_extracted\1-200\35.img.nii.gz,C:\Users\maksa\Desktop\диссертация\data\data\segmentation\ImageCAS_CT\ImageCAS-STACOM2025-02-10-2025\segmentations\35.img.nii.gz,213,ImageCAS,unassigned,cardiac_ct,axial,0,public,True,0.318359375,0.318359375
ImageCAS_35,35,static,C:\Users\maksa\Desktop\диссертация\data\data\segmentation\ImageCAS_CT\raw_images\final_extracted\1-200\35.img.nii.gz,C:\Users\maksa\Desktop\диссертация\data\data\segmentation\ImageCAS_CT\ImageCAS-STACOM2025-02-10-2025\segmentations\35.img.nii.gz,244,ImageCAS,unassigned,cardiac_ct,axial,0,public,True,0.318359375,0.318359375
ImageCAS_35,35,static,C:\Users\maksa\Desktop\диссертация\data\data\segmentation\ImageCAS_CT\raw_images\final_extracted\1-200\35.img.nii.gz,C:\Users\maksa\Desktop\диссертация\data\data\segmentation\ImageCAS_CT\ImageCAS-STACOM2025-02-10-2025\segmentations\35.img.nii.gz,274,ImageCAS,unassigned,cardiac_ct,axial,0,public,True,0.318359375,0.318359375
ImageCAS_37,37,static,C:\Users\maksa\Desktop\диссертация\data\data\segmentation\ImageCAS_CT\raw_images\final_extracted\1-200\37.img.nii.gz,C:\Users\maksa\Desktop\диссертация\data\data\segmentation\ImageCAS_CT\ImageCAS-STACOM2025-02-10-2025\segmentations\37.img.nii.gz,0,ImageCAS,unassigned,cardiac_ct,axial,0,public,True,0.36328125,0.36328125
ImageCAS_37,37,static,C:\Users\maksa\Desktop\диссертация\data\data\segmentation\ImageCAS_CT\raw_images\final_extracted\1-200\37.img.nii.gz,C:\Users\maksa\Desktop\диссертация\data\data\segmentation\ImageCAS_CT\ImageCAS-STACOM2025-02-10-2025\segmentations\37.img.nii.gz,30,ImageCAS,unassigned,cardiac_ct,axial,0,public,True,0.36328125,0.36328125
ImageCAS_37,37,static,C:\Users\maksa\Desktop\диссертация\data\data\segmentation\ImageCAS_CT\raw_images\final_extracted\1-200\37.img.nii.gz,C:\Users\maksa\Desktop\диссертация\data\data\segmentation\ImageCAS_CT\ImageCAS-STACOM2025-02-10-2025\segmentations\37.img.nii.gz,61,ImageCAS,unassigned,cardiac_ct,axial,0,public,True,0.36328125,0.36328125
ImageCAS_37,37,static,C:\Users\maksa\Desktop\диссертация\data\data\segmentation\ImageCAS_CT\raw_images\final_extracted\1-200\37.img.nii.gz,C:\Users\maksa\Desktop\диссертация\data\data\segmentation\ImageCAS_CT\ImageCAS-STACOM2025-02-10-2025\segmentations\37.img.nii.gz,91,ImageCAS,unassigned,cardiac_ct,axial,0,public,True,0.36328125,0.36328125
ImageCAS_37,37,static,C:\Users\maksa\Desktop\диссертация\data\data\segmentation\ImageCAS_CT\raw_images\final_extracted\1-200\37.img.nii.gz,C:\Users\maksa\Desktop\диссертация\data\data\segmentation\ImageCAS_CT\ImageCAS-STACOM2025-02-10-2025\segmentations\37.img.nii.gz,122,ImageCAS,unassigned,cardiac_ct,axial,0,public,True,0.36328125,0.36328125
ImageCAS_37,37,static,C:\Users\maksa\Desktop\диссертация\data\data\segmentation\ImageCAS_CT\raw_images\final_extracted\1-200\37.img.nii.gz,C:\Users\maksa\Desktop\диссертация\data\data\segmentation\ImageCAS_CT\ImageCAS-STACOM2025-02-10-2025\segmentations\37.img.nii.gz,152,ImageCAS,unassigned,cardiac_ct,axial,0,public,True,0.36328125,0.36328125
ImageCAS_37,37,static,C:\Users\maksa\Desktop\диссертация\data\data\segmentation\ImageCAS_CT\raw_images\final_extracted\1-200\37.img.nii.gz,C:\Users\maksa\Desktop\диссертация\data\data\segmentation\ImageCAS_CT\ImageCAS-STACOM2025-02-10-2025\segmentations\37.img.nii.gz,183,ImageCAS,unassigned,cardiac_ct,axial,0,public,True,0.36328125,0.36328125
ImageCAS_37,37,static,C:\Users\maksa\Desktop\диссертация\data\data\segmentation\ImageCAS_CT\raw_images\final_extracted\1-200\37.img.nii.gz,C:\Users\maksa\Desktop\диссертация\data\data\segmentation\ImageCAS_CT\ImageCAS-STACOM2025-02-10-2025\segmentations\37.img.nii.gz,213,ImageCAS,unassigned,cardiac_ct,axial,0,public,True,0.36328125,0.36328125
ImageCAS_37,37,static,C:\Users\maksa\Desktop\диссертация\data\data\segmentation\ImageCAS_CT\raw_images\final_extracted\1-200\37.img.nii.gz,C:\Users\maksa\Desktop\диссертация\data\data\segmentation\ImageCAS_CT\ImageCAS-STACOM2025-02-10-2025\segmentations\37.img.nii.gz,244,ImageCAS,unassigned,cardiac_ct,axial,0,public,True,0.36328125,0.36328125
ImageCAS_37,37,static,C:\Users\maksa\Desktop\диссертация\data\data\segmentation\ImageCAS_CT\raw_images\final_extracted\1-200\37.img.nii.gz,C:\Users\maksa\Desktop\диссертация\data\data\segmentation\ImageCAS_CT\ImageCAS-STACOM2025-02-10-2025\segmentations\37.img.nii.gz,274,ImageCAS,unassigned,cardiac_ct,axial,0,public,True,0.36328125,0.36328125
ImageCAS_38,38,static,C:\Users\maksa\Desktop\диссертация\data\data\segmentation\ImageCAS_CT\raw_images\final_extracted\1-200\38.img.nii.gz,C:\Users\maksa\Desktop\диссертация\data\data\segmentation\ImageCAS_CT\ImageCAS-STACOM2025-02-10-2025\segmentations\38.img.nii.gz,0,ImageCAS,unassigned,cardiac_ct,axial,0,public,True,0.376953125,0.376953125
ImageCAS_38,38,static,C:\Users\maksa\Desktop\диссертация\data\data\segmentation\ImageCAS_CT\raw_images\final_extracted\1-200\38.img.nii.gz,C:\Users\maksa\Desktop\диссертация\data\data\segmentation\ImageCAS_CT\ImageCAS-STACOM2025-02-10-2025\segmentations\38.img.nii.gz,30,ImageCAS,unassigned,cardiac_ct,axial,0,public,True,0.376953125,0.376953125
ImageCAS_38,38,static,C:\Users\maksa\Desktop\диссертация\data\data\segmentation\ImageCAS_CT\raw_images\final_extracted\1-200\38.img.nii.gz,C:\Users\maksa\Desktop\диссертация\data\data\segmentation\ImageCAS_CT\ImageCAS-STACOM2025-02-10-2025\segmentations\38.img.nii.gz,61,ImageCAS,unassigned,cardiac_ct,axial,0,public,True,0.376953125,0.376953125
ImageCAS_38,38,static,C:\Users\maksa\Desktop\диссертация\data\data\segmentation\ImageCAS_CT\raw_images\final_extracted\1-200\38.img.nii.gz,C:\Users\maksa\Desktop\диссертация\data\data\segmentation\ImageCAS_CT\ImageCAS-STACOM2025-02-10-2025\segmentations\38.img.nii.gz,91,ImageCAS,unassigned,cardiac_ct,axial,0,public,True,0.376953125,0.376953125
ImageCAS_38,38,static,C:\Users\maksa\Desktop\диссертация\data\data\segmentation\ImageCAS_CT\raw_images\final_extracted\1-200\38.img.nii.gz,C:\Users\maksa\Desktop\диссертация\data\data\segmentation\ImageCAS_CT\ImageCAS-STACOM2025-02-10-2025\segmentations\38.img.nii.gz,122,ImageCAS,unassigned,cardiac_ct,axial,0,public,True,0.376953125,0.376953125
ImageCAS_38,38,static,C:\Users\maksa\Desktop\диссертация\data\data\segmentation\ImageCAS_CT\raw_images\final_extracted\1-200\38.img.nii.gz,C:\Users\maksa\Desktop\диссертация\data\data\segmentation\ImageCAS_CT\ImageCAS-STACOM2025-02-10-2025\segmentations\38.img.nii.gz,152,ImageCAS,unassigned,cardiac_ct,axial,0,public,True,0.376953125,0.376953125
ImageCAS_38,38,static,C:\Users\maksa\Desktop\диссертация\data\data\segmentation\ImageCAS_CT\raw_images\final_extracted\1-200\38.img.nii.gz,C:\Users\maksa\Desktop\диссертация\data\data\segmentation\ImageCAS_CT\ImageCAS-STACOM2025-02-10-2025\segmentations\38.img.nii.gz,183,ImageCAS,unassigned,cardiac_ct,axial,0,public,True,0.376953125,0.376953125
ImageCAS_38,38,static,C:\Users\maksa\Desktop\диссертация\data\data\segmentation\ImageCAS_CT\raw_images\final_extracted\1-200\38.img.nii.gz,C:\Users\maksa\Desktop\диссертация\data\data\segmentation\ImageCAS_CT\ImageCAS-STACOM2025-02-10-2025\segmentations\38.img.nii.gz,213,ImageCAS,unassigned,cardiac_ct,axial,0,public,True,0.376953125,0.376953125
ImageCAS_38,38,static,C:\Users\maksa\Desktop\диссертация\data\data\segmentation\ImageCAS_CT\raw_images\final_extracted\1-200\38.img.nii.gz,C:\Users\maksa\Desktop\диссертация\data\data\segmentation\ImageCAS_CT\ImageCAS-STACOM2025-02-10-2025\segmentations\38.img.nii.gz,244,ImageCAS,unassigned,cardiac_ct,axial,0,public,True,0.376953125,0.376953125
ImageCAS_38,38,static,C:\Users\maksa\Desktop\диссертация\data\data\segmentation\ImageCAS_CT\raw_images\final_extracted\1-200\38.img.nii.gz,C:\Users\maksa\Desktop\диссертация\data\data\segmentation\ImageCAS_CT\ImageCAS-STACOM2025-02-10-2025\segmentations\38.img.nii.gz,274,ImageCAS,unassigned,cardiac_ct,axial,0,public,True,0.376953125,0.376953125
ImageCAS_39,39,static,C:\Users\maksa\Desktop\диссертация\data\data\segmentation\ImageCAS_CT\raw_images\final_extracted\1-200\39.img.nii.gz,C:\Users\maksa\Desktop\диссертация\data\data\segmentation\ImageCAS_CT\ImageCAS-STACOM2025-02-10-2025\segmentations\39.img.nii.gz,0,ImageCAS,unassigned,cardiac_ct,axial,0,public,True,0.37890625,0.37890625
ImageCAS_39,39,static,C:\Users\maksa\Desktop\диссертация\data\data\segmentation\ImageCAS_CT\raw_images\final_extracted\1-200\39.img.nii.gz,C:\Users\maksa\Desktop\диссертация\data\data\segmentation\ImageCAS_CT\ImageCAS-STACOM2025-02-10-2025\segmentations\39.img.nii.gz,27,ImageCAS,unassigned,cardiac_ct,axial,0,public,True,0.37890625,0.37890625
ImageCAS_39,39,static,C:\Users\maksa\Desktop\диссертация\data\data\segmentation\ImageCAS_CT\raw_images\final_extracted\1-200\39.img.nii.gz,C:\Users\maksa\Desktop\диссертация\data\data\segmentation\ImageCAS_CT\ImageCAS-STACOM2025-02-10-2025\segmentations\39.img.nii.gz,53,ImageCAS,unassigned,cardiac_ct,axial,0,public,True,0.37890625,0.37890625
ImageCAS_39,39,static,C:\Users\maksa\Desktop\диссертация\data\data\segmentation\ImageCAS_CT\raw_images\final_extracted\1-200\39.img.nii.gz,C:\Users\maksa\Desktop\диссертация\data\data\segmentation\ImageCAS_CT\ImageCAS-STACOM2025-02-10-2025\segmentations\39.img.nii.gz,80,ImageCAS,unassigned,cardiac_ct,axial,0,public,True,0.37890625,0.37890625
ImageCAS_39,39,static,C:\Users\maksa\Desktop\диссертация\data\data\segmentation\ImageCAS_CT\raw_images\final_extracted\1-200\39.img.nii.gz,C:\Users\maksa\Desktop\диссертация\data\data\segmentation\ImageCAS_CT\ImageCAS-STACOM2025-02-10-2025\segmentations\39.img.nii.gz,107,ImageCAS,unassigned,cardiac_ct,axial,0,public,True,0.37890625,0.37890625
ImageCAS_39,39,static,C:\Users\maksa\Desktop\диссертация\data\data\segmentation\ImageCAS_CT\raw_images\final_extracted\1-200\39.img.nii.gz,C:\Users\maksa\Desktop\диссертация\data\data\segmentation\ImageCAS_CT\ImageCAS-STACOM2025-02-10-2025\segmentations\39.img.nii.gz,133,ImageCAS,unassigned,cardiac_ct,axial,0,public,True,0.37890625,0.37890625
ImageCAS_39,39,static,C:\Users\maksa\Desktop\диссертация\data\data\segmentation\ImageCAS_CT\raw_images\final_extracted\1-200\39.img.nii.gz,C:\Users\maksa\Desktop\диссертация\data\data\segmentation\ImageCAS_CT\ImageCAS-STACOM2025-02-10-2025\segmentations\39.img.nii.gz,160,ImageCAS,unassigned,cardiac_ct,axial,0,public,True,0.37890625,0.37890625
ImageCAS_39,39,static,C:\Users\maksa\Desktop\диссертация\data\data\segmentation\ImageCAS_CT\raw_images\final_extracted\1-200\39.img.nii.gz,C:\Users\maksa\Desktop\диссертация\data\data\segmentation\ImageCAS_CT\ImageCAS-STACOM2025-02-10-2025\segmentations\39.img.nii.gz,187,ImageCAS,unassigned,cardiac_ct,axial,0,public,True,0.37890625,0.37890625
ImageCAS_39,39,static,C:\Users\maksa\Desktop\диссертация\data\data\segmentation\ImageCAS_CT\raw_images\final_extracted\1-200\39.img.nii.gz,C:\Users\maksa\Desktop\диссертация\data\data\segmentation\ImageCAS_CT\ImageCAS-STACOM2025-02-10-2025\segmentations\39.img.nii.gz,213,ImageCAS,unassigned,cardiac_ct,axial,0,public,True,0.37890625,0.37890625
ImageCAS_39,39,static,C:\Users\maksa\Desktop\диссертация\data\data\segmentation\ImageCAS_CT\raw_images\final_extracted\1-200\39.img.nii.gz,C:\Users\maksa\Desktop\диссертация\data\data\segmentation\ImageCAS_CT\ImageCAS-STACOM2025-02-10-2025\segmentations\39.img.nii.gz,240,ImageCAS,unassigned,cardiac_ct,axial,0,public,True,0.37890625,0.37890625
ImageCAS_4,4,static,C:\Users\maksa\Desktop\диссертация\data\data\segmentation\ImageCAS_CT\raw_images\final_extracted\1-200\4.img.nii.gz,C:\Users\maksa\Desktop\диссертация\data\data\segmentation\ImageCAS_CT\ImageCAS-STACOM2025-02-10-2025\segmentations\4.img.nii.gz,0,ImageCAS,unassigned,cardiac_ct,axial,0,public,True,0.341796875,0.341796875
ImageCAS_4,4,static,C:\Users\maksa\Desktop\диссертация\data\data\segmentation\ImageCAS_CT\raw_images\final_extracted\1-200\4.img.nii.gz,C:\Users\maksa\Desktop\диссертация\data\data\segmentation\ImageCAS_CT\ImageCAS-STACOM2025-02-10-2025\segmentations\4.img.nii.gz,29,ImageCAS,unassigned,cardiac_ct,axial,0,public,True,0.341796875,0.341796875
ImageCAS_4,4,static,C:\Users\maksa\Desktop\диссертация\data\data\segmentation\ImageCAS_CT\raw_images\final_extracted\1-200\4.img.nii.gz,C:\Users\maksa\Desktop\диссертация\data\data\segmentation\ImageCAS_CT\ImageCAS-STACOM2025-02-10-2025\segmentations\4.img.nii.gz,57,ImageCAS,unassigned,cardiac_ct,axial,0,public,True,0.341796875,0.341796875
ImageCAS_4,4,static,C:\Users\maksa\Desktop\диссертация\data\data\segmentation\ImageCAS_CT\raw_images\final_extracted\1-200\4.img.nii.gz,C:\Users\maksa\Desktop\диссертация\data\data\segmentation\ImageCAS_CT\ImageCAS-STACOM2025-02-10-2025\segmentations\4.img.nii.gz,86,ImageCAS,unassigned,cardiac_ct,axial,0,public,True,0.341796875,0.341796875
ImageCAS_4,4,static,C:\Users\maksa\Desktop\диссертация\data\data\segmentation\ImageCAS_CT\raw_images\final_extracted\1-200\4.img.nii.gz,C:\Users\maksa\Desktop\диссертация\data\data\segmentation\ImageCAS_CT\ImageCAS-STACOM2025-02-10-2025\segmentations\4.img.nii.gz,115,ImageCAS,unassigned,cardiac_ct,axial,0,public,True,0.341796875,0.341796875
ImageCAS_4,4,static,C:\Users\maksa\Desktop\диссертация\data\data\segmentation\ImageCAS_CT\raw_images\final_extracted\1-200\4.img.nii.gz,C:\Users\maksa\Desktop\диссертация\data\data\segmentation\ImageCAS_CT\ImageCAS-STACOM2025-02-10-2025\segmentations\4.img.nii.gz,143,ImageCAS,unassigned,cardiac_ct,axial,0,public,True,0.341796875,0.341796875
ImageCAS_4,4,static,C:\Users\maksa\Desktop\диссертация\data\data\segmentation\ImageCAS_CT\raw_images\final_extracted\1-200\4.img.nii.gz,C:\Users\maksa\Desktop\диссертация\data\data\segmentation\ImageCAS_CT\ImageCAS-STACOM2025-02-10-2025\segmentations\4.img.nii.gz,172,ImageCAS,unassigned,cardiac_ct,axial,0,public,True,0.341796875,0.341796875
ImageCAS_4,4,static,C:\Users\maksa\Desktop\диссертация\data\data\segmentation\ImageCAS_CT\raw_images\final_extracted\1-200\4.img.nii.gz,C:\Users\maksa\Desktop\диссертация\data\data\segmentation\ImageCAS_CT\ImageCAS-STACOM2025-02-10-2025\segmentations\4.img.nii.gz,201,ImageCAS,unassigned,cardiac_ct,axial,0,public,True,0.341796875,0.341796875
ImageCAS_4,4,static,C:\Users\maksa\Desktop\диссертация\data\data\segmentation\ImageCAS_CT\raw_images\final_extracted\1-200\4.img.nii.gz,C:\Users\maksa\Desktop\диссертация\data\data\segmentation\ImageCAS_CT\ImageCAS-STACOM2025-02-10-2025\segmentations\4.img.nii.gz,229,ImageCAS,unassigned,cardiac_ct,axial,0,public,True,0.341796875,0.341796875
ImageCAS_4,4,static,C:\Users\maksa\Desktop\диссертация\data\data\segmentation\ImageCAS_CT\raw_images\final_extracted\1-200\4.img.nii.gz,C:\Users\maksa\Desktop\диссертация\data\data\segmentation\ImageCAS_CT\ImageCAS-STACOM2025-02-10-2025\segmentations\4.img.nii.gz,258,ImageCAS,unassigned,cardiac_ct,axial,0,public,True,0.341796875,0.341796875
ImageCAS_40,40,static,C:\Users\maksa\Desktop\диссертация\data\data\segmentation\ImageCAS_CT\raw_images\final_extracted\1-200\40.img.nii.gz,C:\Users\maksa\Desktop\диссертация\data\data\segmentation\ImageCAS_CT\ImageCAS-STACOM2025-02-10-2025\segmentations\40.img.nii.gz,0,ImageCAS,unassigned,cardiac_ct,axial,0,public,True,0.376953125,0.376953125
ImageCAS_40,40,static,C:\Users\maksa\Desktop\диссертация\data\data\segmentation\ImageCAS_CT\raw_images\final_extracted\1-200\40.img.nii.gz,C:\Users\maksa\Desktop\диссертация\data\data\segmentation\ImageCAS_CT\ImageCAS-STACOM2025-02-10-2025\segmentations\40.img.nii.gz,27,ImageCAS,unassigned,cardiac_ct,axial,0,public,True,0.376953125,0.376953125
ImageCAS_40,40,static,C:\Users\maksa\Desktop\диссертация\data\data\segmentation\ImageCAS_CT\raw_images\final_extracted\1-200\40.img.nii.gz,C:\Users\maksa\Desktop\диссертация\data\data\segmentation\ImageCAS_CT\ImageCAS-STACOM2025-02-10-2025\segmentations\40.img.nii.gz,54,ImageCAS,unassigned,cardiac_ct,axial,0,public,True,0.376953125,0.376953125
ImageCAS_40,40,static,C:\Users\maksa\Desktop\диссертация\data\data\segmentation\ImageCAS_CT\raw_images\final_extracted\1-200\40.img.nii.gz,C:\Users\maksa\Desktop\диссертация\data\data\segmentation\ImageCAS_CT\ImageCAS-STACOM2025-02-10-2025\segmentations\40.img.nii.gz,81,ImageCAS,unassigned,cardiac_ct,axial,0,public,True,0.376953125,0.376953125
ImageCAS_40,40,static,C:\Users\maksa\Desktop\диссертация\data\data\segmentation\ImageCAS_CT\raw_images\final_extracted\1-200\40.img.nii.gz,C:\Users\maksa\Desktop\диссертация\data\data\segmentation\ImageCAS_CT\ImageCAS-STACOM2025-02-10-2025\segmentations\40.img.nii.gz,108,ImageCAS,unassigned,cardiac_ct,axial,0,public,True,0.376953125,0.376953125
ImageCAS_40,40,static,C:\Users\maksa\Desktop\диссертация\data\data\segmentation\ImageCAS_CT\raw_images\final_extracted\1-200\40.img.nii.gz,C:\Users\maksa\Desktop\диссертация\data\data\segmentation\ImageCAS_CT\ImageCAS-STACOM2025-02-10-2025\segmentations\40.img.nii.gz,136,ImageCAS,unassigned,cardiac_ct,axial,0,public,True,0.376953125,0.376953125
ImageCAS_40,40,static,C:\Users\maksa\Desktop\диссертация\data\data\segmentation\ImageCAS_CT\raw_images\final_extracted\1-200\40.img.nii.gz,C:\Users\maksa\Desktop\диссертация\data\data\segmentation\ImageCAS_CT\ImageCAS-STACOM2025-02-10-2025\segmentations\40.img.nii.gz,163,ImageCAS,unassigned,cardiac_ct,axial,0,public,True,0.376953125,0.376953125
ImageCAS_40,40,static,C:\Users\maksa\Desktop\диссертация\data\data\segmentation\ImageCAS_CT\raw_images\final_extracted\1-200\40.img.nii.gz,C:\Users\maksa\Desktop\диссертация\data\data\segmentation\ImageCAS_CT\ImageCAS-STACOM2025-02-10-2025\segmentations\40.img.nii.gz,190,ImageCAS,unassigned,cardiac_ct,axial,0,public,True,0.376953125,0.376953125
ImageCAS_40,40,static,C:\Users\maksa\Desktop\диссертация\data\data\segmentation\ImageCAS_CT\raw_images\final_extracted\1-200\40.img.nii.gz,C:\Users\maksa\Desktop\диссертация\data\data\segmentation\ImageCAS_CT\ImageCAS-STACOM2025-02-10-2025\segmentations\40.img.nii.gz,217,ImageCAS,unassigned,cardiac_ct,axial,0,public,True,0.376953125,0.376953125
ImageCAS_40,40,static,C:\Users\maksa\Desktop\диссертация\data\data\segmentation\ImageCAS_CT\raw_images\final_extracted\1-200\40.img.nii.gz,C:\Users\maksa\Desktop\диссертация\data\data\segmentation\ImageCAS_CT\ImageCAS-STACOM2025-02-10-2025\segmentations\40.img.nii.gz,244,ImageCAS,unassigned,cardiac_ct,axial,0,public,True,0.376953125,0.376953125
ImageCAS_41,41,static,C:\Users\maksa\Desktop\диссертация\data\data\segmentation\ImageCAS_CT\raw_images\final_extracted\1-200\41.img.nii.gz,C:\Users\maksa\Desktop\диссертация\data\data\segmentation\ImageCAS_CT\ImageCAS-STACOM2025-02-10-2025\segmentations\41.img.nii.gz,0,ImageCAS,unassigned,cardiac_ct,axial,0,public,True,0.318359375,0.318359375
ImageCAS_41,41,static,C:\Users\maksa\Desktop\диссертация\data\data\segmentation\ImageCAS_CT\raw_images\final_extracted\1-200\41.img.nii.gz,C:\Users\maksa\Desktop\диссертация\data\data\segmentation\ImageCAS_CT\ImageCAS-STACOM2025-02-10-2025\segmentations\41.img.nii.gz,23,ImageCAS,unassigned,cardiac_ct,axial,0,public,True,0.318359375,0.318359375
ImageCAS_41,41,static,C:\Users\maksa\Desktop\диссертация\data\data\segmentation\ImageCAS_CT\raw_images\final_extracted\1-200\41.img.nii.gz,C:\Users\maksa\Desktop\диссертация\data\data\segmentation\ImageCAS_CT\ImageCAS-STACOM2025-02-10-2025\segmentations\41.img.nii.gz,46,ImageCAS,unassigned,cardiac_ct,axial,0,public,True,0.318359375,0.318359375
ImageCAS_41,41,static,C:\Users\maksa\Desktop\диссертация\data\data\segmentation\ImageCAS_CT\raw_images\final_extracted\1-200\41.img.nii.gz,C:\Users\maksa\Desktop\диссертация\data\data\segmentation\ImageCAS_CT\ImageCAS-STACOM2025-02-10-2025\segmentations\41.img.nii.gz,68,ImageCAS,unassigned,cardiac_ct,axial,0,public,True,0.318359375,0.318359375
ImageCAS_41,41,static,C:\Users\maksa\Desktop\диссертация\data\data\segmentation\ImageCAS_CT\raw_images\final_extracted\1-200\41.img.nii.gz,C:\Users\maksa\Desktop\диссертация\data\data\segmentation\ImageCAS_CT\ImageCAS-STACOM2025-02-10-2025\segmentations\41.img.nii.gz,91,ImageCAS,unassigned,cardiac_ct,axial,0,public,True,0.318359375,0.318359375
ImageCAS_41,41,static,C:\Users\maksa\Desktop\диссертация\data\data\segmentation\ImageCAS_CT\raw_images\final_extracted\1-200\41.img.nii.gz,C:\Users\maksa\Desktop\диссертация\data\data\segmentation\ImageCAS_CT\ImageCAS-STACOM2025-02-10-2025\segmentations\41.img.nii.gz,114,ImageCAS,unassigned,cardiac_ct,axial,0,public,True,0.318359375,0.318359375
ImageCAS_41,41,static,C:\Users\maksa\Desktop\диссертация\data\data\segmentation\ImageCAS_CT\raw_images\final_extracted\1-200\41.img.nii.gz,C:\Users\maksa\Desktop\диссертация\data\data\segmentation\ImageCAS_CT\ImageCAS-STACOM2025-02-10-2025\segmentations\41.img.nii.gz,137,ImageCAS,unassigned,cardiac_ct,axial,0,public,True,0.318359375,0.318359375
ImageCAS_41,41,static,C:\Users\maksa\Desktop\диссертация\data\data\segmentation\ImageCAS_CT\raw_images\final_extracted\1-200\41.img.nii.gz,C:\Users\maksa\Desktop\диссертация\data\data\segmentation\ImageCAS_CT\ImageCAS-STACOM2025-02-10-2025\segmentations\41.img.nii.gz,159,ImageCAS,unassigned,cardiac_ct,axial,0,public,True,0.318359375,0.318359375
ImageCAS_41,41,static,C:\Users\maksa\Desktop\диссертация\data\data\segmentation\ImageCAS_CT\raw_images\final_extracted\1-200\41.img.nii.gz,C:\Users\maksa\Desktop\диссертация\data\data\segmentation\ImageCAS_CT\ImageCAS-STACOM2025-02-10-2025\segmentations\41.img.nii.gz,182,ImageCAS,unassigned,cardiac_ct,axial,0,public,True,0.318359375,0.318359375
ImageCAS_41,41,static,C:\Users\maksa\Desktop\диссертация\data\data\segmentation\ImageCAS_CT\raw_images\final_extracted\1-200\41.img.nii.gz,C:\Users\maksa\Desktop\диссертация\data\data\segmentation\ImageCAS_CT\ImageCAS-STACOM2025-02-10-2025\segmentations\41.img.nii.gz,205,ImageCAS,unassigned,cardiac_ct,axial,0,public,True,0.318359375,0.318359375
ImageCAS_44,44,static,C:\Users\maksa\Desktop\диссертация\data\data\segmentation\ImageCAS_CT\raw_images\final_extracted\1-200\44.img.nii.gz,C:\Users\maksa\Desktop\диссертация\data\data\segmentation\ImageCAS_CT\ImageCAS-STACOM2025-02-10-2025\segmentations\44.img.nii.gz,0,ImageCAS,unassigned,cardiac_ct,axial,0,public,True,0.294921875,0.294921875
ImageCAS_44,44,static,C:\Users\maksa\Desktop\диссертация\data\data\segmentation\ImageCAS_CT\raw_images\final_extracted\1-200\44.img.nii.gz,C:\Users\maksa\Desktop\диссертация\data\data\segmentation\ImageCAS_CT\ImageCAS-STACOM2025-02-10-2025\segmentations\44.img.nii.gz,23,ImageCAS,unassigned,cardiac_ct,axial,0,public,True,0.294921875,0.294921875
ImageCAS_44,44,static,C:\Users\maksa\Desktop\диссертация\data\data\segmentation\ImageCAS_CT\raw_images\final_extracted\1-200\44.img.nii.gz,C:\Users\maksa\Desktop\диссертация\data\data\segmentation\ImageCAS_CT\ImageCAS-STACOM2025-02-10-2025\segmentations\44.img.nii.gz,46,ImageCAS,unassigned,cardiac_ct,axial,0,public,True,0.294921875,0.294921875
ImageCAS_44,44,static,C:\Users\maksa\Desktop\диссертация\data\data\segmentation\ImageCAS_CT\raw_images\final_extracted\1-200\44.img.nii.gz,C:\Users\maksa\Desktop\диссертация\data\data\segmentation\ImageCAS_CT\ImageCAS-STACOM2025-02-10-2025\segmentations\44.img.nii.gz,68,ImageCAS,unassigned,cardiac_ct,axial,0,public,True,0.294921875,0.294921875
ImageCAS_44,44,static,C:\Users\maksa\Desktop\диссертация\data\data\segmentation\ImageCAS_CT\raw_images\final_extracted\1-200\44.img.nii.gz,C:\Users\maksa\Desktop\диссертация\data\data\segmentation\ImageCAS_CT\ImageCAS-STACOM2025-02-10-2025\segmentations\44.img.nii.gz,91,ImageCAS,unassigned,cardiac_ct,axial,0,public,True,0.294921875,0.294921875
ImageCAS_44,44,static,C:\Users\maksa\Desktop\диссертация\data\data\segmentation\ImageCAS_CT\raw_images\final_extracted\1-200\44.img.nii.gz,C:\Users\maksa\Desktop\диссертация\data\data\segmentation\ImageCAS_CT\ImageCAS-STACOM2025-02-10-2025\segmentations\44.img.nii.gz,114,ImageCAS,unassigned,cardiac_ct,axial,0,public,True,0.294921875,0.294921875
ImageCAS_44,44,static,C:\Users\maksa\Desktop\диссертация\data\data\segmentation\ImageCAS_CT\raw_images\final_extracted\1-200\44.img.nii.gz,C:\Users\maksa\Desktop\диссертация\data\data\segmentation\ImageCAS_CT\ImageCAS-STACOM2025-02-10-2025\segmentations\44.img.nii.gz,137,ImageCAS,unassigned,cardiac_ct,axial,0,public,True,0.294921875,0.294921875
ImageCAS_44,44,static,C:\Users\maksa\Desktop\диссертация\data\data\segmentation\ImageCAS_CT\raw_images\final_extracted\1-200\44.img.nii.gz,C:\Users\maksa\Desktop\диссертация\data\data\segmentation\ImageCAS_CT\ImageCAS-STACOM2025-02-10-2025\segmentations\44.img.nii.gz,159,ImageCAS,unassigned,cardiac_ct,axial,0,public,True,0.294921875,0.294921875
ImageCAS_44,44,static,C:\Users\maksa\Desktop\диссертация\data\data\segmentation\ImageCAS_CT\raw_images\final_extracted\1-200\44.img.nii.gz,C:\Users\maksa\Desktop\диссертация\data\data\segmentation\ImageCAS_CT\ImageCAS-STACOM2025-02-10-2025\segmentations\44.img.nii.gz,182,ImageCAS,unassigned,cardiac_ct,axial,0,public,True,0.294921875,0.294921875
ImageCAS_44,44,static,C:\Users\maksa\Desktop\диссертация\data\data\segmentation\ImageCAS_CT\raw_images\final_extracted\1-200\44.img.nii.gz,C:\Users\maksa\Desktop\диссертация\data\data\segmentation\ImageCAS_CT\ImageCAS-STACOM2025-02-10-2025\segmentations\44.img.nii.gz,205,ImageCAS,unassigned,cardiac_ct,axial,0,public,True,0.294921875,0.294921875
ImageCAS_49,49,static,C:\Users\maksa\Desktop\диссертация\data\data\segmentation\ImageCAS_CT\raw_images\final_extracted\1-200\49.img.nii.gz,C:\Users\maksa\Desktop\диссертация\data\data\segmentation\ImageCAS_CT\ImageCAS-STACOM2025-02-10-2025\segmentations\49.img.nii.gz,0,ImageCAS,unassigned,cardiac_ct,axial,0,public,True,0.318359375,0.318359375
ImageCAS_49,49,static,C:\Users\maksa\Desktop\диссертация\data\data\segmentation\ImageCAS_CT\raw_images\final_extracted\1-200\49.img.nii.gz,C:\Users\maksa\Desktop\диссертация\data\data\segmentation\ImageCAS_CT\ImageCAS-STACOM2025-02-10-2025\segmentations\49.img.nii.gz,30,ImageCAS,unassigned,cardiac_ct,axial,0,public,True,0.318359375,0.318359375
ImageCAS_49,49,static,C:\Users\maksa\Desktop\диссертация\data\data\segmentation\ImageCAS_CT\raw_images\final_extracted\1-200\49.img.nii.gz,C:\Users\maksa\Desktop\диссертация\data\data\segmentation\ImageCAS_CT\ImageCAS-STACOM2025-02-10-2025\segmentations\49.img.nii.gz,61,ImageCAS,unassigned,cardiac_ct,axial,0,public,True,0.318359375,0.318359375
ImageCAS_49,49,static,C:\Users\maksa\Desktop\диссертация\data\data\segmentation\ImageCAS_CT\raw_images\final_extracted\1-200\49.img.nii.gz,C:\Users\maksa\Desktop\диссертация\data\data\segmentation\ImageCAS_CT\ImageCAS-STACOM2025-02-10-2025\segmentations\49.img.nii.gz,91,ImageCAS,unassigned,cardiac_ct,axial,0,public,True,0.318359375,0.318359375
ImageCAS_49,49,static,C:\Users\maksa\Desktop\диссертация\data\data\segmentation\ImageCAS_CT\raw_images\final_extracted\1-200\49.img.nii.gz,C:\Users\maksa\Desktop\диссертация\data\data\segmentation\ImageCAS_CT\ImageCAS-STACOM2025-02-10-2025\segmentations\49.img.nii.gz,122,ImageCAS,unassigned,cardiac_ct,axial,0,public,True,0.318359375,0.318359375
ImageCAS_49,49,static,C:\Users\maksa\Desktop\диссертация\data\data\segmentation\ImageCAS_CT\raw_images\final_extracted\1-200\49.img.nii.gz,C:\Users\maksa\Desktop\диссертация\data\data\segmentation\ImageCAS_CT\ImageCAS-STACOM2025-02-10-2025\segmentations\49.img.nii.gz,152,ImageCAS,unassigned,cardiac_ct,axial,0,public,True,0.318359375,0.318359375
ImageCAS_49,49,static,C:\Users\maksa\Desktop\диссертация\data\data\segmentation\ImageCAS_CT\raw_images\final_extracted\1-200\49.img.nii.gz,C:\Users\maksa\Desktop\диссертация\data\data\segmentation\ImageCAS_CT\ImageCAS-STACOM2025-02-10-2025\segmentations\49.img.nii.gz,183,ImageCAS,unassigned,cardiac_ct,axial,0,public,True,0.318359375,0.318359375
ImageCAS_49,49,static,C:\Users\maksa\Desktop\диссертация\data\data\segmentation\ImageCAS_CT\raw_images\final_extracted\1-200\49.img.nii.gz,C:\Users\maksa\Desktop\диссертация\data\data\segmentation\ImageCAS_CT\ImageCAS-STACOM2025-02-10-2025\segmentations\49.img.nii.gz,213,ImageCAS,unassigned,cardiac_ct,axial,0,public,True,0.318359375,0.318359375
ImageCAS_49,49,static,C:\Users\maksa\Desktop\диссертация\data\data\segmentation\ImageCAS_CT\raw_images\final_extracted\1-200\49.img.nii.gz,C:\Users\maksa\Desktop\диссертация\data\data\segmentation\ImageCAS_CT\ImageCAS-STACOM2025-02-10-2025\segmentations\49.img.nii.gz,244,ImageCAS,unassigned,cardiac_ct,axial,0,public,True,0.318359375,0.318359375
ImageCAS_49,49,static,C:\Users\maksa\Desktop\диссертация\data\data\segmentation\ImageCAS_CT\raw_images\final_extracted\1-200\49.img.nii.gz,C:\Users\maksa\Desktop\диссертация\data\data\segmentation\ImageCAS_CT\ImageCAS-STACOM2025-02-10-2025\segmentations\49.img.nii.gz,274,ImageCAS,unassigned,cardiac_ct,axial,0,public,True,0.318359375,0.318359375
ImageCAS_5,5,static,C:\Users\maksa\Desktop\диссертация\data\data\segmentation\ImageCAS_CT\raw_images\final_extracted\1-200\5.img.nii.gz,C:\Users\maksa\Desktop\диссертация\data\data\segmentation\ImageCAS_CT\ImageCAS-STACOM2025-02-10-2025\segmentations\5.img.nii.gz,0,ImageCAS,unassigned,cardiac_ct,axial,0,public,True,0.34765625,0.34765625
ImageCAS_5,5,static,C:\Users\maksa\Desktop\диссертация\data\data\segmentation\ImageCAS_CT\raw_images\final_extracted\1-200\5.img.nii.gz,C:\Users\maksa\Desktop\диссертация\data\data\segmentation\ImageCAS_CT\ImageCAS-STACOM2025-02-10-2025\segmentations\5.img.nii.gz,23,ImageCAS,unassigned,cardiac_ct,axial,0,public,True,0.34765625,0.34765625
ImageCAS_5,5,static,C:\Users\maksa\Desktop\диссертация\data\data\segmentation\ImageCAS_CT\raw_images\final_extracted\1-200\5.img.nii.gz,C:\Users\maksa\Desktop\диссертация\data\data\segmentation\ImageCAS_CT\ImageCAS-STACOM2025-02-10-2025\segmentations\5.img.nii.gz,46,ImageCAS,unassigned,cardiac_ct,axial,0,public,True,0.34765625,0.34765625
ImageCAS_5,5,static,C:\Users\maksa\Desktop\диссертация\data\data\segmentation\ImageCAS_CT\raw_images\final_extracted\1-200\5.img.nii.gz,C:\Users\maksa\Desktop\диссертация\data\data\segmentation\ImageCAS_CT\ImageCAS-STACOM2025-02-10-2025\segmentations\5.img.nii.gz,68,ImageCAS,unassigned,cardiac_ct,axial,0,public,True,0.34765625,0.34765625
ImageCAS_5,5,static,C:\Users\maksa\Desktop\диссертация\data\data\segmentation\ImageCAS_CT\raw_images\final_extracted\1-200\5.img.nii.gz,C:\Users\maksa\Desktop\диссертация\data\data\segmentation\ImageCAS_CT\ImageCAS-STACOM2025-02-10-2025\segmentations\5.img.nii.gz,91,ImageCAS,unassigned,cardiac_ct,axial,0,public,True,0.34765625,0.34765625
ImageCAS_5,5,static,C:\Users\maksa\Desktop\диссертация\data\data\segmentation\ImageCAS_CT\raw_images\final_extracted\1-200\5.img.nii.gz,C:\Users\maksa\Desktop\диссертация\data\data\segmentation\ImageCAS_CT\ImageCAS-STACOM2025-02-10-2025\segmentations\5.img.nii.gz,114,ImageCAS,unassigned,cardiac_ct,axial,0,public,True,0.34765625,0.34765625
ImageCAS_5,5,static,C:\Users\maksa\Desktop\диссертация\data\data\segmentation\ImageCAS_CT\raw_images\final_extracted\1-200\5.img.nii.gz,C:\Users\maksa\Desktop\диссертация\data\data\segmentation\ImageCAS_CT\ImageCAS-STACOM2025-02-10-2025\segmentations\5.img.nii.gz,137,ImageCAS,unassigned,cardiac_ct,axial,0,public,True,0.34765625,0.34765625
ImageCAS_5,5,static,C:\Users\maksa\Desktop\диссертация\data\data\segmentation\ImageCAS_CT\raw_images\final_extracted\1-200\5.img.nii.gz,C:\Users\maksa\Desktop\диссертация\data\data\segmentation\ImageCAS_CT\ImageCAS-STACOM2025-02-10-2025\segmentations\5.img.nii.gz,159,ImageCAS,unassigned,cardiac_ct,axial,0,public,True,0.34765625,0.34765625
ImageCAS_5,5,static,C:\Users\maksa\Desktop\диссертация\data\data\segmentation\ImageCAS_CT\raw_images\final_extracted\1-200\5.img.nii.gz,C:\Users\maksa\Desktop\диссертация\data\data\segmentation\ImageCAS_CT\ImageCAS-STACOM2025-02-10-2025\segmentations\5.img.nii.gz,182,ImageCAS,unassigned,cardiac_ct,axial,0,public,True,0.34765625,0.34765625
ImageCAS_5,5,static,C:\Users\maksa\Desktop\диссертация\data\data\segmentation\ImageCAS_CT\raw_images\final_extracted\1-200\5.img.nii.gz,C:\Users\maksa\Desktop\диссертация\data\data\segmentation\ImageCAS_CT\ImageCAS-STACOM2025-02-10-2025\segmentations\5.img.nii.gz,205,ImageCAS,unassigned,cardiac_ct,axial,0,public,True,0.34765625,0.34765625
ImageCAS_50,50,static,C:\Users\maksa\Desktop\диссертация\data\data\segmentation\ImageCAS_CT\raw_images\final_extracted\1-200\50.img.nii.gz,C:\Users\maksa\Desktop\диссертация\data\data\segmentation\ImageCAS_CT\ImageCAS-STACOM2025-02-10-2025\segmentations\50.img.nii.gz,0,ImageCAS,unassigned,cardiac_ct,axial,0,public,True,0.3671875,0.3671875
ImageCAS_50,50,static,C:\Users\maksa\Desktop\диссертация\data\data\segmentation\ImageCAS_CT\raw_images\final_extracted\1-200\50.img.nii.gz,C:\Users\maksa\Desktop\диссертация\data\data\segmentation\ImageCAS_CT\ImageCAS-STACOM2025-02-10-2025\segmentations\50.img.nii.gz,30,ImageCAS,unassigned,cardiac_ct,axial,0,public,True,0.3671875,0.3671875
ImageCAS_50,50,static,C:\Users\maksa\Desktop\диссертация\data\data\segmentation\ImageCAS_CT\raw_images\final_extracted\1-200\50.img.nii.gz,C:\Users\maksa\Desktop\диссертация\data\data\segmentation\ImageCAS_CT\ImageCAS-STACOM2025-02-10-2025\segmentations\50.img.nii.gz,61,ImageCAS,unassigned,cardiac_ct,axial,0,public,True,0.3671875,0.3671875
ImageCAS_50,50,static,C:\Users\maksa\Desktop\диссертация\data\data\segmentation\ImageCAS_CT\raw_images\final_extracted\1-200\50.img.nii.gz,C:\Users\maksa\Desktop\диссертация\data\data\segmentation\ImageCAS_CT\ImageCAS-STACOM2025-02-10-2025\segmentations\50.img.nii.gz,91,ImageCAS,unassigned,cardiac_ct,axial,0,public,True,0.3671875,0.3671875
ImageCAS_50,50,static,C:\Users\maksa\Desktop\диссертация\data\data\segmentation\ImageCAS_CT\raw_images\final_extracted\1-200\50.img.nii.gz,C:\Users\maksa\Desktop\диссертация\data\data\segmentation\ImageCAS_CT\ImageCAS-STACOM2025-02-10-2025\segmentations\50.img.nii.gz,122,ImageCAS,unassigned,cardiac_ct,axial,0,public,True,0.3671875,0.3671875
ImageCAS_50,50,static,C:\Users\maksa\Desktop\диссертация\data\data\segmentation\ImageCAS_CT\raw_images\final_extracted\1-200\50.img.nii.gz,C:\Users\maksa\Desktop\диссертация\data\data\segmentation\ImageCAS_CT\ImageCAS-STACOM2025-02-10-2025\segmentations\50.img.nii.gz,152,ImageCAS,unassigned,cardiac_ct,axial,0,public,True,0.3671875,0.3671875
ImageCAS_50,50,static,C:\Users\maksa\Desktop\диссертация\data\data\segmentation\ImageCAS_CT\raw_images\final_extracted\1-200\50.img.nii.gz,C:\Users\maksa\Desktop\диссертация\data\data\segmentation\ImageCAS_CT\ImageCAS-STACOM2025-02-10-2025\segmentations\50.img.nii.gz,183,ImageCAS,unassigned,cardiac_ct,axial,0,public,True,0.3671875,0.3671875
ImageCAS_50,50,static,C:\Users\maksa\Desktop\диссертация\data\data\segmentation\ImageCAS_CT\raw_images\final_extracted\1-200\50.img.nii.gz,C:\Users\maksa\Desktop\диссертация\data\data\segmentation\ImageCAS_CT\ImageCAS-STACOM2025-02-10-2025\segmentations\50.img.nii.gz,213,ImageCAS,unassigned,cardiac_ct,axial,0,public,True,0.3671875,0.3671875
ImageCAS_50,50,static,C:\Users\maksa\Desktop\диссертация\data\data\segmentation\ImageCAS_CT\raw_images\final_extracted\1-200\50.img.nii.gz,C:\Users\maksa\Desktop\диссертация\data\data\segmentation\ImageCAS_CT\ImageCAS-STACOM2025-02-10-2025\segmentations\50.img.nii.gz,244,ImageCAS,unassigned,cardiac_ct,axial,0,public,True,0.3671875,0.3671875
ImageCAS_50,50,static,C:\Users\maksa\Desktop\диссертация\data\data\segmentation\ImageCAS_CT\raw_images\final_extracted\1-200\50.img.nii.gz,C:\Users\maksa\Desktop\диссертация\data\data\segmentation\ImageCAS_CT\ImageCAS-STACOM2025-02-10-2025\segmentations\50.img.nii.gz,274,ImageCAS,unassigned,cardiac_ct,axial,0,public,True,0.3671875,0.3671875
ImageCAS_51,51,static,C:\Users\maksa\Desktop\диссертация\data\data\segmentation\ImageCAS_CT\raw_images\final_extracted\1-200\51.img.nii.gz,C:\Users\maksa\Desktop\диссертация\data\data\segmentation\ImageCAS_CT\ImageCAS-STACOM2025-02-10-2025\segmentations\51.img.nii.gz,0,ImageCAS,unassigned,cardiac_ct,axial,0,public,True,0.33984375,0.33984375
ImageCAS_51,51,static,C:\Users\maksa\Desktop\диссертация\data\data\segmentation\ImageCAS_CT\raw_images\final_extracted\1-200\51.img.nii.gz,C:\Users\maksa\Desktop\диссертация\data\data\segmentation\ImageCAS_CT\ImageCAS-STACOM2025-02-10-2025\segmentations\51.img.nii.gz,30,ImageCAS,unassigned,cardiac_ct,axial,0,public,True,0.33984375,0.33984375
ImageCAS_51,51,static,C:\Users\maksa\Desktop\диссертация\data\data\segmentation\ImageCAS_CT\raw_images\final_extracted\1-200\51.img.nii.gz,C:\Users\maksa\Desktop\диссертация\data\data\segmentation\ImageCAS_CT\ImageCAS-STACOM2025-02-10-2025\segmentations\51.img.nii.gz,61,ImageCAS,unassigned,cardiac_ct,axial,0,public,True,0.33984375,0.33984375
ImageCAS_51,51,static,C:\Users\maksa\Desktop\диссертация\data\data\segmentation\ImageCAS_CT\raw_images\final_extracted\1-200\51.img.nii.gz,C:\Users\maksa\Desktop\диссертация\data\data\segmentation\ImageCAS_CT\ImageCAS-STACOM2025-02-10-2025\segmentations\51.img.nii.gz,91,ImageCAS,unassigned,cardiac_ct,axial,0,public,True,0.33984375,0.33984375
ImageCAS_51,51,static,C:\Users\maksa\Desktop\диссертация\data\data\segmentation\ImageCAS_CT\raw_images\final_extracted\1-200\51.img.nii.gz,C:\Users\maksa\Desktop\диссертация\data\data\segmentation\ImageCAS_CT\ImageCAS-STACOM2025-02-10-2025\segmentations\51.img.nii.gz,122,ImageCAS,unassigned,cardiac_ct,axial,0,public,True,0.33984375,0.33984375
ImageCAS_51,51,static,C:\Users\maksa\Desktop\диссертация\data\data\segmentation\ImageCAS_CT\raw_images\final_extracted\1-200\51.img.nii.gz,C:\Users\maksa\Desktop\диссертация\data\data\segmentation\ImageCAS_CT\ImageCAS-STACOM2025-02-10-2025\segmentations\51.img.nii.gz,152,ImageCAS,unassigned,cardiac_ct,axial,0,public,True,0.33984375,0.33984375
ImageCAS_51,51,static,C:\Users\maksa\Desktop\диссертация\data\data\segmentation\ImageCAS_CT\raw_images\final_extracted\1-200\51.img.nii.gz,C:\Users\maksa\Desktop\диссертация\data\data\segmentation\ImageCAS_CT\ImageCAS-STACOM2025-02-10-2025\segmentations\51.img.nii.gz,183,ImageCAS,unassigned,cardiac_ct,axial,0,public,True,0.33984375,0.33984375
ImageCAS_51,51,static,C:\Users\maksa\Desktop\диссертация\data\data\segmentation\ImageCAS_CT\raw_images\final_extracted\1-200\51.img.nii.gz,C:\Users\maksa\Desktop\диссертация\data\data\segmentation\ImageCAS_CT\ImageCAS-STACOM2025-02-10-2025\segmentations\51.img.nii.gz,213,ImageCAS,unassigned,cardiac_ct,axial,0,public,True,0.33984375,0.33984375
ImageCAS_51,51,static,C:\Users\maksa\Desktop\диссертация\data\data\segmentation\ImageCAS_CT\raw_images\final_extracted\1-200\51.img.nii.gz,C:\Users\maksa\Desktop\диссертация\data\data\segmentation\ImageCAS_CT\ImageCAS-STACOM2025-02-10-2025\segmentations\51.img.nii.gz,244,ImageCAS,unassigned,cardiac_ct,axial,0,public,True,0.33984375,0.33984375
ImageCAS_51,51,static,C:\Users\maksa\Desktop\диссертация\data\data\segmentation\ImageCAS_CT\raw_images\final_extracted\1-200\51.img.nii.gz,C:\Users\maksa\Desktop\диссертация\data\data\segmentation\ImageCAS_CT\ImageCAS-STACOM2025-02-10-2025\segmentations\51.img.nii.gz,274,ImageCAS,unassigned,cardiac_ct,axial,0,public,True,0.33984375,0.33984375
ImageCAS_52,52,static,C:\Users\maksa\Desktop\диссертация\data\data\segmentation\ImageCAS_CT\raw_images\final_extracted\1-200\52.img.nii.gz,C:\Users\maksa\Desktop\диссертация\data\data\segmentation\ImageCAS_CT\ImageCAS-STACOM2025-02-10-2025\segmentations\52.img.nii.gz,0,ImageCAS,unassigned,cardiac_ct,axial,0,public,True,0.36328125,0.36328125
ImageCAS_52,52,static,C:\Users\maksa\Desktop\диссертация\data\data\segmentation\ImageCAS_CT\raw_images\final_extracted\1-200\52.img.nii.gz,C:\Users\maksa\Desktop\диссертация\data\data\segmentation\ImageCAS_CT\ImageCAS-STACOM2025-02-10-2025\segmentations\52.img.nii.gz,30,ImageCAS,unassigned,cardiac_ct,axial,0,public,True,0.36328125,0.36328125
ImageCAS_52,52,static,C:\Users\maksa\Desktop\диссертация\data\data\segmentation\ImageCAS_CT\raw_images\final_extracted\1-200\52.img.nii.gz,C:\Users\maksa\Desktop\диссертация\data\data\segmentation\ImageCAS_CT\ImageCAS-STACOM2025-02-10-2025\segmentations\52.img.nii.gz,61,ImageCAS,unassigned,cardiac_ct,axial,0,public,True,0.36328125,0.36328125
ImageCAS_52,52,static,C:\Users\maksa\Desktop\диссертация\data\data\segmentation\ImageCAS_CT\raw_images\final_extracted\1-200\52.img.nii.gz,C:\Users\maksa\Desktop\диссертация\data\data\segmentation\ImageCAS_CT\ImageCAS-STACOM2025-02-10-2025\segmentations\52.img.nii.gz,91,ImageCAS,unassigned,cardiac_ct,axial,0,public,True,0.36328125,0.36328125
ImageCAS_52,52,static,C:\Users\maksa\Desktop\диссертация\data\data\segmentation\ImageCAS_CT\raw_images\final_extracted\1-200\52.img.nii.gz,C:\Users\maksa\Desktop\диссертация\data\data\segmentation\ImageCAS_CT\ImageCAS-STACOM2025-02-10-2025\segmentations\52.img.nii.gz,122,ImageCAS,unassigned,cardiac_ct,axial,0,public,True,0.36328125,0.36328125
ImageCAS_52,52,static,C:\Users\maksa\Desktop\диссертация\data\data\segmentation\ImageCAS_CT\raw_images\final_extracted\1-200\52.img.nii.gz,C:\Users\maksa\Desktop\диссертация\data\data\segmentation\ImageCAS_CT\ImageCAS-STACOM2025-02-10-2025\segmentations\52.img.nii.gz,152,ImageCAS,unassigned,cardiac_ct,axial,0,public,True,0.36328125,0.36328125
ImageCAS_52,52,static,C:\Users\maksa\Desktop\диссертация\data\data\segmentation\ImageCAS_CT\raw_images\final_extracted\1-200\52.img.nii.gz,C:\Users\maksa\Desktop\диссертация\data\data\segmentation\ImageCAS_CT\ImageCAS-STACOM2025-02-10-2025\segmentations\52.img.nii.gz,183,ImageCAS,unassigned,cardiac_ct,axial,0,public,True,0.36328125,0.36328125
ImageCAS_52,52,static,C:\Users\maksa\Desktop\диссертация\data\data\segmentation\ImageCAS_CT\raw_images\final_extracted\1-200\52.img.nii.gz,C:\Users\maksa\Desktop\диссертация\data\data\segmentation\ImageCAS_CT\ImageCAS-STACOM2025-02-10-2025\segmentations\52.img.nii.gz,213,ImageCAS,unassigned,cardiac_ct,axial,0,public,True,0.36328125,0.36328125
ImageCAS_52,52,static,C:\Users\maksa\Desktop\диссертация\data\data\segmentation\ImageCAS_CT\raw_images\final_extracted\1-200\52.img.nii.gz,C:\Users\maksa\Desktop\диссертация\data\data\segmentation\ImageCAS_CT\ImageCAS-STACOM2025-02-10-2025\segmentations\52.img.nii.gz,244,ImageCAS,unassigned,cardiac_ct,axial,0,public,True,0.36328125,0.36328125
ImageCAS_52,52,static,C:\Users\maksa\Desktop\диссертация\data\data\segmentation\ImageCAS_CT\raw_images\final_extracted\1-200\52.img.nii.gz,C:\Users\maksa\Desktop\диссертация\data\data\segmentation\ImageCAS_CT\ImageCAS-STACOM2025-02-10-2025\segmentations\52.img.nii.gz,274,ImageCAS,unassigned,cardiac_ct,axial,0,public,True,0.36328125,0.36328125
ImageCAS_53,53,static,C:\Users\maksa\Desktop\диссертация\data\data\segmentation\ImageCAS_CT\raw_images\final_extracted\1-200\53.img.nii.gz,C:\Users\maksa\Desktop\диссертация\data\data\segmentation\ImageCAS_CT\ImageCAS-STACOM2025-02-10-2025\segmentations\53.img.nii.gz,0,ImageCAS,unassigned,cardiac_ct,axial,0,public,True,0.318359375,0.318359375
ImageCAS_53,53,static,C:\Users\maksa\Desktop\диссертация\data\data\segmentation\ImageCAS_CT\raw_images\final_extracted\1-200\53.img.nii.gz,C:\Users\maksa\Desktop\диссертация\data\data\segmentation\ImageCAS_CT\ImageCAS-STACOM2025-02-10-2025\segmentations\53.img.nii.gz,30,ImageCAS,unassigned,cardiac_ct,axial,0,public,True,0.318359375,0.318359375
ImageCAS_53,53,static,C:\Users\maksa\Desktop\диссертация\data\data\segmentation\ImageCAS_CT\raw_images\final_extracted\1-200\53.img.nii.gz,C:\Users\maksa\Desktop\диссертация\data\data\segmentation\ImageCAS_CT\ImageCAS-STACOM2025-02-10-2025\segmentations\53.img.nii.gz,61,ImageCAS,unassigned,cardiac_ct,axial,0,public,True,0.318359375,0.318359375
ImageCAS_53,53,static,C:\Users\maksa\Desktop\диссертация\data\data\segmentation\ImageCAS_CT\raw_images\final_extracted\1-200\53.img.nii.gz,C:\Users\maksa\Desktop\диссертация\data\data\segmentation\ImageCAS_CT\ImageCAS-STACOM2025-02-10-2025\segmentations\53.img.nii.gz,91,ImageCAS,unassigned,cardiac_ct,axial,0,public,True,0.318359375,0.318359375
ImageCAS_53,53,static,C:\Users\maksa\Desktop\диссертация\data\data\segmentation\ImageCAS_CT\raw_images\final_extracted\1-200\53.img.nii.gz,C:\Users\maksa\Desktop\диссертация\data\data\segmentation\ImageCAS_CT\ImageCAS-STACOM2025-02-10-2025\segmentations\53.img.nii.gz,122,ImageCAS,unassigned,cardiac_ct,axial,0,public,True,0.318359375,0.318359375
ImageCAS_53,53,static,C:\Users\maksa\Desktop\диссертация\data\data\segmentation\ImageCAS_CT\raw_images\final_extracted\1-200\53.img.nii.gz,C:\Users\maksa\Desktop\диссертация\data\data\segmentation\ImageCAS_CT\ImageCAS-STACOM2025-02-10-2025\segmentations\53.img.nii.gz,152,ImageCAS,unassigned,cardiac_ct,axial,0,public,True,0.318359375,0.318359375
ImageCAS_53,53,static,C:\Users\maksa\Desktop\диссертация\data\data\segmentation\ImageCAS_CT\raw_images\final_extracted\1-200\53.img.nii.gz,C:\Users\maksa\Desktop\диссертация\data\data\segmentation\ImageCAS_CT\ImageCAS-STACOM2025-02-10-2025\segmentations\53.img.nii.gz,183,ImageCAS,unassigned,cardiac_ct,axial,0,public,True,0.318359375,0.318359375
ImageCAS_53,53,static,C:\Users\maksa\Desktop\диссертация\data\data\segmentation\ImageCAS_CT\raw_images\final_extracted\1-200\53.img.nii.gz,C:\Users\maksa\Desktop\диссертация\data\data\segmentation\ImageCAS_CT\ImageCAS-STACOM2025-02-10-2025\segmentations\53.img.nii.gz,213,ImageCAS,unassigned,cardiac_ct,axial,0,public,True,0.318359375,0.318359375
ImageCAS_53,53,static,C:\Users\maksa\Desktop\диссертация\data\data\segmentation\ImageCAS_CT\raw_images\final_extracted\1-200\53.img.nii.gz,C:\Users\maksa\Desktop\диссертация\data\data\segmentation\ImageCAS_CT\ImageCAS-STACOM2025-02-10-2025\segmentations\53.img.nii.gz,244,ImageCAS,unassigned,cardiac_ct,axial,0,public,True,0.318359375,0.318359375
ImageCAS_53,53,static,C:\Users\maksa\Desktop\диссертация\data\data\segmentation\ImageCAS_CT\raw_images\final_extracted\1-200\53.img.nii.gz,C:\Users\maksa\Desktop\диссертация\data\data\segmentation\ImageCAS_CT\ImageCAS-STACOM2025-02-10-2025\segmentations\53.img.nii.gz,274,ImageCAS,unassigned,cardiac_ct,axial,0,public,True,0.318359375,0.318359375
ImageCAS_54,54,static,C:\Users\maksa\Desktop\диссертация\data\data\segmentation\ImageCAS_CT\raw_images\final_extracted\1-200\54.img.nii.gz,C:\Users\maksa\Desktop\диссертация\data\data\segmentation\ImageCAS_CT\ImageCAS-STACOM2025-02-10-2025\segmentations\54.img.nii.gz,0,ImageCAS,unassigned,cardiac_ct,axial,0,public,True,0.341796875,0.341796875
ImageCAS_54,54,static,C:\Users\maksa\Desktop\диссертация\data\data\segmentation\ImageCAS_CT\raw_images\final_extracted\1-200\54.img.nii.gz,C:\Users\maksa\Desktop\диссертация\data\data\segmentation\ImageCAS_CT\ImageCAS-STACOM2025-02-10-2025\segmentations\54.img.nii.gz,30,ImageCAS,unassigned,cardiac_ct,axial,0,public,True,0.341796875,0.341796875
ImageCAS_54,54,static,C:\Users\maksa\Desktop\диссертация\data\data\segmentation\ImageCAS_CT\raw_images\final_extracted\1-200\54.img.nii.gz,C:\Users\maksa\Desktop\диссертация\data\data\segmentation\ImageCAS_CT\ImageCAS-STACOM2025-02-10-2025\segmentations\54.img.nii.gz,61,ImageCAS,unassigned,cardiac_ct,axial,0,public,True,0.341796875,0.341796875
ImageCAS_54,54,static,C:\Users\maksa\Desktop\диссертация\data\data\segmentation\ImageCAS_CT\raw_images\final_extracted\1-200\54.img.nii.gz,C:\Users\maksa\Desktop\диссертация\data\data\segmentation\ImageCAS_CT\ImageCAS-STACOM2025-02-10-2025\segmentations\54.img.nii.gz,91,ImageCAS,unassigned,cardiac_ct,axial,0,public,True,0.341796875,0.341796875
ImageCAS_54,54,static,C:\Users\maksa\Desktop\диссертация\data\data\segmentation\ImageCAS_CT\raw_images\final_extracted\1-200\54.img.nii.gz,C:\Users\maksa\Desktop\диссертация\data\data\segmentation\ImageCAS_CT\ImageCAS-STACOM2025-02-10-2025\segmentations\54.img.nii.gz,122,ImageCAS,unassigned,cardiac_ct,axial,0,public,True,0.341796875,0.341796875
ImageCAS_54,54,static,C:\Users\maksa\Desktop\диссертация\data\data\segmentation\ImageCAS_CT\raw_images\final_extracted\1-200\54.img.nii.gz,C:\Users\maksa\Desktop\диссертация\data\data\segmentation\ImageCAS_CT\ImageCAS-STACOM2025-02-10-2025\segmentations\54.img.nii.gz,152,ImageCAS,unassigned,cardiac_ct,axial,0,public,True,0.341796875,0.341796875
ImageCAS_54,54,static,C:\Users\maksa\Desktop\диссертация\data\data\segmentation\ImageCAS_CT\raw_images\final_extracted\1-200\54.img.nii.gz,C:\Users\maksa\Desktop\диссертация\data\data\segmentation\ImageCAS_CT\ImageCAS-STACOM2025-02-10-2025\segmentations\54.img.nii.gz,183,ImageCAS,unassigned,cardiac_ct,axial,0,public,True,0.341796875,0.341796875
ImageCAS_54,54,static,C:\Users\maksa\Desktop\диссертация\data\data\segmentation\ImageCAS_CT\raw_images\final_extracted\1-200\54.img.nii.gz,C:\Users\maksa\Desktop\диссертация\data\data\segmentation\ImageCAS_CT\ImageCAS-STACOM2025-02-10-2025\segmentations\54.img.nii.gz,213,ImageCAS,unassigned,cardiac_ct,axial,0,public,True,0.341796875,0.341796875
ImageCAS_54,54,static,C:\Users\maksa\Desktop\диссертация\data\data\segmentation\ImageCAS_CT\raw_images\final_extracted\1-200\54.img.nii.gz,C:\Users\maksa\Desktop\диссертация\data\data\segmentation\ImageCAS_CT\ImageCAS-STACOM2025-02-10-2025\segmentations\54.img.nii.gz,244,ImageCAS,unassigned,cardiac_ct,axial,0,public,True,0.341796875,0.341796875
ImageCAS_54,54,static,C:\Users\maksa\Desktop\диссертация\data\data\segmentation\ImageCAS_CT\raw_images\final_extracted\1-200\54.img.nii.gz,C:\Users\maksa\Desktop\диссертация\data\data\segmentation\ImageCAS_CT\ImageCAS-STACOM2025-02-10-2025\segmentations\54.img.nii.gz,274,ImageCAS,unassigned,cardiac_ct,axial,0,public,True,0.341796875,0.341796875
ImageCAS_55,55,static,C:\Users\maksa\Desktop\диссертация\data\data\segmentation\ImageCAS_CT\raw_images\final_extracted\1-200\55.img.nii.gz,C:\Users\maksa\Desktop\диссертация\data\data\segmentation\ImageCAS_CT\ImageCAS-STACOM2025-02-10-2025\segmentations\55.img.nii.gz,0,ImageCAS,unassigned,cardiac_ct,axial,0,public,True,0.3671875,0.3671875
ImageCAS_55,55,static,C:\Users\maksa\Desktop\диссертация\data\data\segmentation\ImageCAS_CT\raw_images\final_extracted\1-200\55.img.nii.gz,C:\Users\maksa\Desktop\диссертация\data\data\segmentation\ImageCAS_CT\ImageCAS-STACOM2025-02-10-2025\segmentations\55.img.nii.gz,30,ImageCAS,unassigned,cardiac_ct,axial,0,public,True,0.3671875,0.3671875
ImageCAS_55,55,static,C:\Users\maksa\Desktop\диссертация\data\data\segmentation\ImageCAS_CT\raw_images\final_extracted\1-200\55.img.nii.gz,C:\Users\maksa\Desktop\диссертация\data\data\segmentation\ImageCAS_CT\ImageCAS-STACOM2025-02-10-2025\segmentations\55.img.nii.gz,61,ImageCAS,unassigned,cardiac_ct,axial,0,public,True,0.3671875,0.3671875
ImageCAS_55,55,static,C:\Users\maksa\Desktop\диссертация\data\data\segmentation\ImageCAS_CT\raw_images\final_extracted\1-200\55.img.nii.gz,C:\Users\maksa\Desktop\диссертация\data\data\segmentation\ImageCAS_CT\ImageCAS-STACOM2025-02-10-2025\segmentations\55.img.nii.gz,91,ImageCAS,unassigned,cardiac_ct,axial,0,public,True,0.3671875,0.3671875
ImageCAS_55,55,static,C:\Users\maksa\Desktop\диссертация\data\data\segmentation\ImageCAS_CT\raw_images\final_extracted\1-200\55.img.nii.gz,C:\Users\maksa\Desktop\диссертация\data\data\segmentation\ImageCAS_CT\ImageCAS-STACOM2025-02-10-2025\segmentations\55.img.nii.gz,122,ImageCAS,unassigned,cardiac_ct,axial,0,public,True,0.3671875,0.3671875
ImageCAS_55,55,static,C:\Users\maksa\Desktop\диссертация\data\data\segmentation\ImageCAS_CT\raw_images\final_extracted\1-200\55.img.nii.gz,C:\Users\maksa\Desktop\диссертация\data\data\segmentation\ImageCAS_CT\ImageCAS-STACOM2025-02-10-2025\segmentations\55.img.nii.gz,152,ImageCAS,unassigned,cardiac_ct,axial,0,public,True,0.3671875,0.3671875
ImageCAS_55,55,static,C:\Users\maksa\Desktop\диссертация\data\data\segmentation\ImageCAS_CT\raw_images\final_extracted\1-200\55.img.nii.gz,C:\Users\maksa\Desktop\диссертация\data\data\segmentation\ImageCAS_CT\ImageCAS-STACOM2025-02-10-2025\segmentations\55.img.nii.gz,183,ImageCAS,unassigned,cardiac_ct,axial,0,public,True,0.3671875,0.3671875
ImageCAS_55,55,static,C:\Users\maksa\Desktop\диссертация\data\data\segmentation\ImageCAS_CT\raw_images\final_extracted\1-200\55.img.nii.gz,C:\Users\maksa\Desktop\диссертация\data\data\segmentation\ImageCAS_CT\ImageCAS-STACOM2025-02-10-2025\segmentations\55.img.nii.gz,213,ImageCAS,unassigned,cardiac_ct,axial,0,public,True,0.3671875,0.3671875
ImageCAS_55,55,static,C:\Users\maksa\Desktop\диссертация\data\data\segmentation\ImageCAS_CT\raw_images\final_extracted\1-200\55.img.nii.gz,C:\Users\maksa\Desktop\диссертация\data\data\segmentation\ImageCAS_CT\ImageCAS-STACOM2025-02-10-2025\segmentations\55.img.nii.gz,244,ImageCAS,unassigned,cardiac_ct,axial,0,public,True,0.3671875,0.3671875
ImageCAS_55,55,static,C:\Users\maksa\Desktop\диссертация\data\data\segmentation\ImageCAS_CT\raw_images\final_extracted\1-200\55.img.nii.gz,C:\Users\maksa\Desktop\диссертация\data\data\segmentation\ImageCAS_CT\ImageCAS-STACOM2025-02-10-2025\segmentations\55.img.nii.gz,274,ImageCAS,unassigned,cardiac_ct,axial,0,public,True,0.3671875,0.3671875
ImageCAS_56,56,static,C:\Users\maksa\Desktop\диссертация\data\data\segmentation\ImageCAS_CT\raw_images\final_extracted\1-200\56.img.nii.gz,C:\Users\maksa\Desktop\диссертация\data\data\segmentation\ImageCAS_CT\ImageCAS-STACOM2025-02-10-2025\segmentations\56.img.nii.gz,0,ImageCAS,unassigned,cardiac_ct,axial,0,public,True,0.34375,0.34375
ImageCAS_56,56,static,C:\Users\maksa\Desktop\диссертация\data\data\segmentation\ImageCAS_CT\raw_images\final_extracted\1-200\56.img.nii.gz,C:\Users\maksa\Desktop\диссертация\data\data\segmentation\ImageCAS_CT\ImageCAS-STACOM2025-02-10-2025\segmentations\56.img.nii.gz,30,ImageCAS,unassigned,cardiac_ct,axial,0,public,True,0.34375,0.34375
ImageCAS_56,56,static,C:\Users\maksa\Desktop\диссертация\data\data\segmentation\ImageCAS_CT\raw_images\final_extracted\1-200\56.img.nii.gz,C:\Users\maksa\Desktop\диссертация\data\data\segmentation\ImageCAS_CT\ImageCAS-STACOM2025-02-10-2025\segmentations\56.img.nii.gz,61,ImageCAS,unassigned,cardiac_ct,axial,0,public,True,0.34375,0.34375
ImageCAS_56,56,static,C:\Users\maksa\Desktop\диссертация\data\data\segmentation\ImageCAS_CT\raw_images\final_extracted\1-200\56.img.nii.gz,C:\Users\maksa\Desktop\диссертация\data\data\segmentation\ImageCAS_CT\ImageCAS-STACOM2025-02-10-2025\segmentations\56.img.nii.gz,91,ImageCAS,unassigned,cardiac_ct,axial,0,public,True,0.34375,0.34375
ImageCAS_56,56,static,C:\Users\maksa\Desktop\диссертация\data\data\segmentation\ImageCAS_CT\raw_images\final_extracted\1-200\56.img.nii.gz,C:\Users\maksa\Desktop\диссертация\data\data\segmentation\ImageCAS_CT\ImageCAS-STACOM2025-02-10-2025\segmentations\56.img.nii.gz,122,ImageCAS,unassigned,cardiac_ct,axial,0,public,True,0.34375,0.34375
ImageCAS_56,56,static,C:\Users\maksa\Desktop\диссертация\data\data\segmentation\ImageCAS_CT\raw_images\final_extracted\1-200\56.img.nii.gz,C:\Users\maksa\Desktop\диссертация\data\data\segmentation\ImageCAS_CT\ImageCAS-STACOM2025-02-10-2025\segmentations\56.img.nii.gz,152,ImageCAS,unassigned,cardiac_ct,axial,0,public,True,0.34375,0.34375
ImageCAS_56,56,static,C:\Users\maksa\Desktop\диссертация\data\data\segmentation\ImageCAS_CT\raw_images\final_extracted\1-200\56.img.nii.gz,C:\Users\maksa\Desktop\диссертация\data\data\segmentation\ImageCAS_CT\ImageCAS-STACOM2025-02-10-2025\segmentations\56.img.nii.gz,183,ImageCAS,unassigned,cardiac_ct,axial,0,public,True,0.34375,0.34375
ImageCAS_56,56,static,C:\Users\maksa\Desktop\диссертация\data\data\segmentation\ImageCAS_CT\raw_images\final_extracted\1-200\56.img.nii.gz,C:\Users\maksa\Desktop\диссертация\data\data\segmentation\ImageCAS_CT\ImageCAS-STACOM2025-02-10-2025\segmentations\56.img.nii.gz,213,ImageCAS,unassigned,cardiac_ct,axial,0,public,True,0.34375,0.34375
ImageCAS_56,56,static,C:\Users\maksa\Desktop\диссертация\data\data\segmentation\ImageCAS_CT\raw_images\final_extracted\1-200\56.img.nii.gz,C:\Users\maksa\Desktop\диссертация\data\data\segmentation\ImageCAS_CT\ImageCAS-STACOM2025-02-10-2025\segmentations\56.img.nii.gz,244,ImageCAS,unassigned,cardiac_ct,axial,0,public,True,0.34375,0.34375
ImageCAS_56,56,static,C:\Users\maksa\Desktop\диссертация\data\data\segmentation\ImageCAS_CT\raw_images\final_extracted\1-200\56.img.nii.gz,C:\Users\maksa\Desktop\диссертация\data\data\segmentation\ImageCAS_CT\ImageCAS-STACOM2025-02-10-2025\segmentations\56.img.nii.gz,274,ImageCAS,unassigned,cardiac_ct,axial,0,public,True,0.34375,0.34375
ImageCAS_57,57,static,C:\Users\maksa\Desktop\диссертация\data\data\segmentation\ImageCAS_CT\raw_images\final_extracted\1-200\57.img.nii.gz,C:\Users\maksa\Desktop\диссертация\data\data\segmentation\ImageCAS_CT\ImageCAS-STACOM2025-02-10-2025\segmentations\57.img.nii.gz,0,ImageCAS,unassigned,cardiac_ct,axial,0,public,True,0.349609375,0.349609375
ImageCAS_57,57,static,C:\Users\maksa\Desktop\диссертация\data\data\segmentation\ImageCAS_CT\raw_images\final_extracted\1-200\57.img.nii.gz,C:\Users\maksa\Desktop\диссертация\data\data\segmentation\ImageCAS_CT\ImageCAS-STACOM2025-02-10-2025\segmentations\57.img.nii.gz,30,ImageCAS,unassigned,cardiac_ct,axial,0,public,True,0.349609375,0.349609375
ImageCAS_57,57,static,C:\Users\maksa\Desktop\диссертация\data\data\segmentation\ImageCAS_CT\raw_images\final_extracted\1-200\57.img.nii.gz,C:\Users\maksa\Desktop\диссертация\data\data\segmentation\ImageCAS_CT\ImageCAS-STACOM2025-02-10-2025\segmentations\57.img.nii.gz,61,ImageCAS,unassigned,cardiac_ct,axial,0,public,True,0.349609375,0.349609375
ImageCAS_57,57,static,C:\Users\maksa\Desktop\диссертация\data\data\segmentation\ImageCAS_CT\raw_images\final_extracted\1-200\57.img.nii.gz,C:\Users\maksa\Desktop\диссертация\data\data\segmentation\ImageCAS_CT\ImageCAS-STACOM2025-02-10-2025\segmentations\57.img.nii.gz,91,ImageCAS,unassigned,cardiac_ct,axial,0,public,True,0.349609375,0.349609375
ImageCAS_57,57,static,C:\Users\maksa\Desktop\диссертация\data\data\segmentation\ImageCAS_CT\raw_images\final_extracted\1-200\57.img.nii.gz,C:\Users\maksa\Desktop\диссертация\data\data\segmentation\ImageCAS_CT\ImageCAS-STACOM2025-02-10-2025\segmentations\57.img.nii.gz,122,ImageCAS,unassigned,cardiac_ct,axial,0,public,True,0.349609375,0.349609375
ImageCAS_57,57,static,C:\Users\maksa\Desktop\диссертация\data\data\segmentation\ImageCAS_CT\raw_images\final_extracted\1-200\57.img.nii.gz,C:\Users\maksa\Desktop\диссертация\data\data\segmentation\ImageCAS_CT\ImageCAS-STACOM2025-02-10-2025\segmentations\57.img.nii.gz,152,ImageCAS,unassigned,cardiac_ct,axial,0,public,True,0.349609375,0.349609375
ImageCAS_57,57,static,C:\Users\maksa\Desktop\диссертация\data\data\segmentation\ImageCAS_CT\raw_images\final_extracted\1-200\57.img.nii.gz,C:\Users\maksa\Desktop\диссертация\data\data\segmentation\ImageCAS_CT\ImageCAS-STACOM2025-02-10-2025\segmentations\57.img.nii.gz,183,ImageCAS,unassigned,cardiac_ct,axial,0,public,True,0.349609375,0.349609375
ImageCAS_57,57,static,C:\Users\maksa\Desktop\диссертация\data\data\segmentation\ImageCAS_CT\raw_images\final_extracted\1-200\57.img.nii.gz,C:\Users\maksa\Desktop\диссертация\data\data\segmentation\ImageCAS_CT\ImageCAS-STACOM2025-02-10-2025\segmentations\57.img.nii.gz,213,ImageCAS,unassigned,cardiac_ct,axial,0,public,True,0.349609375,0.349609375
ImageCAS_57,57,static,C:\Users\maksa\Desktop\диссертация\data\data\segmentation\ImageCAS_CT\raw_images\final_extracted\1-200\57.img.nii.gz,C:\Users\maksa\Desktop\диссертация\data\data\segmentation\ImageCAS_CT\ImageCAS-STACOM2025-02-10-2025\segmentations\57.img.nii.gz,244,ImageCAS,unassigned,cardiac_ct,axial,0,public,True,0.349609375,0.349609375
ImageCAS_57,57,static,C:\Users\maksa\Desktop\диссертация\data\data\segmentation\ImageCAS_CT\raw_images\final_extracted\1-200\57.img.nii.gz,C:\Users\maksa\Desktop\диссертация\data\data\segmentation\ImageCAS_CT\ImageCAS-STACOM2025-02-10-2025\segmentations\57.img.nii.gz,274,ImageCAS,unassigned,cardiac_ct,axial,0,public,True,0.349609375,0.349609375
ImageCAS_59,59,static,C:\Users\maksa\Desktop\диссертация\data\data\segmentation\ImageCAS_CT\raw_images\final_extracted\1-200\59.img.nii.gz,C:\Users\maksa\Desktop\диссертация\data\data\segmentation\ImageCAS_CT\ImageCAS-STACOM2025-02-10-2025\segmentations\59.img.nii.gz,0,ImageCAS,unassigned,cardiac_ct,axial,0,public,True,0.3359375,0.3359375
ImageCAS_59,59,static,C:\Users\maksa\Desktop\диссертация\data\data\segmentation\ImageCAS_CT\raw_images\final_extracted\1-200\59.img.nii.gz,C:\Users\maksa\Desktop\диссертация\data\data\segmentation\ImageCAS_CT\ImageCAS-STACOM2025-02-10-2025\segmentations\59.img.nii.gz,30,ImageCAS,unassigned,cardiac_ct,axial,0,public,True,0.3359375,0.3359375
ImageCAS_59,59,static,C:\Users\maksa\Desktop\диссертация\data\data\segmentation\ImageCAS_CT\raw_images\final_extracted\1-200\59.img.nii.gz,C:\Users\maksa\Desktop\диссертация\data\data\segmentation\ImageCAS_CT\ImageCAS-STACOM2025-02-10-2025\segmentations\59.img.nii.gz,61,ImageCAS,unassigned,cardiac_ct,axial,0,public,True,0.3359375,0.3359375
ImageCAS_59,59,static,C:\Users\maksa\Desktop\диссертация\data\data\segmentation\ImageCAS_CT\raw_images\final_extracted\1-200\59.img.nii.gz,C:\Users\maksa\Desktop\диссертация\data\data\segmentation\ImageCAS_CT\ImageCAS-STACOM2025-02-10-2025\segmentations\59.img.nii.gz,91,ImageCAS,unassigned,cardiac_ct,axial,0,public,True,0.3359375,0.3359375
ImageCAS_59,59,static,C:\Users\maksa\Desktop\диссертация\data\data\segmentation\ImageCAS_CT\raw_images\final_extracted\1-200\59.img.nii.gz,C:\Users\maksa\Desktop\диссертация\data\data\segmentation\ImageCAS_CT\ImageCAS-STACOM2025-02-10-2025\segmentations\59.img.nii.gz,122,ImageCAS,unassigned,cardiac_ct,axial,0,public,True,0.3359375,0.3359375
ImageCAS_59,59,static,C:\Users\maksa\Desktop\диссертация\data\data\segmentation\ImageCAS_CT\raw_images\final_extracted\1-200\59.img.nii.gz,C:\Users\maksa\Desktop\диссертация\data\data\segmentation\ImageCAS_CT\ImageCAS-STACOM2025-02-10-2025\segmentations\59.img.nii.gz,152,ImageCAS,unassigned,cardiac_ct,axial,0,public,True,0.3359375,0.3359375
ImageCAS_59,59,static,C:\Users\maksa\Desktop\диссертация\data\data\segmentation\ImageCAS_CT\raw_images\final_extracted\1-200\59.img.nii.gz,C:\Users\maksa\Desktop\диссертация\data\data\segmentation\ImageCAS_CT\ImageCAS-STACOM2025-02-10-2025\segmentations\59.img.nii.gz,183,ImageCAS,unassigned,cardiac_ct,axial,0,public,True,0.3359375,0.3359375
ImageCAS_59,59,static,C:\Users\maksa\Desktop\диссертация\data\data\segmentation\ImageCAS_CT\raw_images\final_extracted\1-200\59.img.nii.gz,C:\Users\maksa\Desktop\диссертация\data\data\segmentation\ImageCAS_CT\ImageCAS-STACOM2025-02-10-2025\segmentations\59.img.nii.gz,213,ImageCAS,unassigned,cardiac_ct,axial,0,public,True,0.3359375,0.3359375
ImageCAS_59,59,static,C:\Users\maksa\Desktop\диссертация\data\data\segmentation\ImageCAS_CT\raw_images\final_extracted\1-200\59.img.nii.gz,C:\Users\maksa\Desktop\диссертация\data\data\segmentation\ImageCAS_CT\ImageCAS-STACOM2025-02-10-2025\segmentations\59.img.nii.gz,244,ImageCAS,unassigned,cardiac_ct,axial,0,public,True,0.3359375,0.3359375
ImageCAS_59,59,static,C:\Users\maksa\Desktop\диссертация\data\data\segmentation\ImageCAS_CT\raw_images\final_extracted\1-200\59.img.nii.gz,C:\Users\maksa\Desktop\диссертация\data\data\segmentation\ImageCAS_CT\ImageCAS-STACOM2025-02-10-2025\segmentations\59.img.nii.gz,274,ImageCAS,unassigned,cardiac_ct,axial,0,public,True,0.3359375,0.3359375
ImageCAS_6,6,static,C:\Users\maksa\Desktop\диссертация\data\data\segmentation\ImageCAS_CT\raw_images\final_extracted\1-200\6.img.nii.gz,C:\Users\maksa\Desktop\диссертация\data\data\segmentation\ImageCAS_CT\ImageCAS-STACOM2025-02-10-2025\segmentations\6.img.nii.gz,0,ImageCAS,unassigned,cardiac_ct,axial,0,public,True,0.353515625,0.353515625
ImageCAS_6,6,static,C:\Users\maksa\Desktop\диссертация\data\data\segmentation\ImageCAS_CT\raw_images\final_extracted\1-200\6.img.nii.gz,C:\Users\maksa\Desktop\диссертация\data\data\segmentation\ImageCAS_CT\ImageCAS-STACOM2025-02-10-2025\segmentations\6.img.nii.gz,30,ImageCAS,unassigned,cardiac_ct,axial,0,public,True,0.353515625,0.353515625
ImageCAS_6,6,static,C:\Users\maksa\Desktop\диссертация\data\data\segmentation\ImageCAS_CT\raw_images\final_extracted\1-200\6.img.nii.gz,C:\Users\maksa\Desktop\диссертация\data\data\segmentation\ImageCAS_CT\ImageCAS-STACOM2025-02-10-2025\segmentations\6.img.nii.gz,61,ImageCAS,unassigned,cardiac_ct,axial,0,public,True,0.353515625,0.353515625
ImageCAS_6,6,static,C:\Users\maksa\Desktop\диссертация\data\data\segmentation\ImageCAS_CT\raw_images\final_extracted\1-200\6.img.nii.gz,C:\Users\maksa\Desktop\диссертация\data\data\segmentation\ImageCAS_CT\ImageCAS-STACOM2025-02-10-2025\segmentations\6.img.nii.gz,91,ImageCAS,unassigned,cardiac_ct,axial,0,public,True,0.353515625,0.353515625
ImageCAS_6,6,static,C:\Users\maksa\Desktop\диссертация\data\data\segmentation\ImageCAS_CT\raw_images\final_extracted\1-200\6.img.nii.gz,C:\Users\maksa\Desktop\диссертация\data\data\segmentation\ImageCAS_CT\ImageCAS-STACOM2025-02-10-2025\segmentations\6.img.nii.gz,122,ImageCAS,unassigned,cardiac_ct,axial,0,public,True,0.353515625,0.353515625
ImageCAS_6,6,static,C:\Users\maksa\Desktop\диссертация\data\data\segmentation\ImageCAS_CT\raw_images\final_extracted\1-200\6.img.nii.gz,C:\Users\maksa\Desktop\диссертация\data\data\segmentation\ImageCAS_CT\ImageCAS-STACOM2025-02-10-2025\segmentations\6.img.nii.gz,152,ImageCAS,unassigned,cardiac_ct,axial,0,public,True,0.353515625,0.353515625
ImageCAS_6,6,static,C:\Users\maksa\Desktop\диссертация\data\data\segmentation\ImageCAS_CT\raw_images\final_extracted\1-200\6.img.nii.gz,C:\Users\maksa\Desktop\диссертация\data\data\segmentation\ImageCAS_CT\ImageCAS-STACOM2025-02-10-2025\segmentations\6.img.nii.gz,183,ImageCAS,unassigned,cardiac_ct,axial,0,public,True,0.353515625,0.353515625
ImageCAS_6,6,static,C:\Users\maksa\Desktop\диссертация\data\data\segmentation\ImageCAS_CT\raw_images\final_extracted\1-200\6.img.nii.gz,C:\Users\maksa\Desktop\диссертация\data\data\segmentation\ImageCAS_CT\ImageCAS-STACOM2025-02-10-2025\segmentations\6.img.nii.gz,213,ImageCAS,unassigned,cardiac_ct,axial,0,public,True,0.353515625,0.353515625
ImageCAS_6,6,static,C:\Users\maksa\Desktop\диссертация\data\data\segmentation\ImageCAS_CT\raw_images\final_extracted\1-200\6.img.nii.gz,C:\Users\maksa\Desktop\диссертация\data\data\segmentation\ImageCAS_CT\ImageCAS-STACOM2025-02-10-2025\segmentations\6.img.nii.gz,244,ImageCAS,unassigned,cardiac_ct,axial,0,public,True,0.353515625,0.353515625
ImageCAS_6,6,static,C:\Users\maksa\Desktop\диссертация\data\data\segmentation\ImageCAS_CT\raw_images\final_extracted\1-200\6.img.nii.gz,C:\Users\maksa\Desktop\диссертация\data\data\segmentation\ImageCAS_CT\ImageCAS-STACOM2025-02-10-2025\segmentations\6.img.nii.gz,274,ImageCAS,unassigned,cardiac_ct,axial,0,public,True,0.353515625,0.353515625
ImageCAS_60,60,static,C:\Users\maksa\Desktop\диссертация\data\data\segmentation\ImageCAS_CT\raw_images\final_extracted\1-200\60.img.nii.gz,C:\Users\maksa\Desktop\диссертация\data\data\segmentation\ImageCAS_CT\ImageCAS-STACOM2025-02-10-2025\segmentations\60.img.nii.gz,0,ImageCAS,unassigned,cardiac_ct,axial,0,public,True,0.365234375,0.365234375
ImageCAS_60,60,static,C:\Users\maksa\Desktop\диссертация\data\data\segmentation\ImageCAS_CT\raw_images\final_extracted\1-200\60.img.nii.gz,C:\Users\maksa\Desktop\диссертация\data\data\segmentation\ImageCAS_CT\ImageCAS-STACOM2025-02-10-2025\segmentations\60.img.nii.gz,30,ImageCAS,unassigned,cardiac_ct,axial,0,public,True,0.365234375,0.365234375
ImageCAS_60,60,static,C:\Users\maksa\Desktop\диссертация\data\data\segmentation\ImageCAS_CT\raw_images\final_extracted\1-200\60.img.nii.gz,C:\Users\maksa\Desktop\диссертация\data\data\segmentation\ImageCAS_CT\ImageCAS-STACOM2025-02-10-2025\segmentations\60.img.nii.gz,61,ImageCAS,unassigned,cardiac_ct,axial,0,public,True,0.365234375,0.365234375
ImageCAS_60,60,static,C:\Users\maksa\Desktop\диссертация\data\data\segmentation\ImageCAS_CT\raw_images\final_extracted\1-200\60.img.nii.gz,C:\Users\maksa\Desktop\диссертация\data\data\segmentation\ImageCAS_CT\ImageCAS-STACOM2025-02-10-2025\segmentations\60.img.nii.gz,91,ImageCAS,unassigned,cardiac_ct,axial,0,public,True,0.365234375,0.365234375
ImageCAS_60,60,static,C:\Users\maksa\Desktop\диссертация\data\data\segmentation\ImageCAS_CT\raw_images\final_extracted\1-200\60.img.nii.gz,C:\Users\maksa\Desktop\диссертация\data\data\segmentation\ImageCAS_CT\ImageCAS-STACOM2025-02-10-2025\segmentations\60.img.nii.gz,122,ImageCAS,unassigned,cardiac_ct,axial,0,public,True,0.365234375,0.365234375
ImageCAS_60,60,static,C:\Users\maksa\Desktop\диссертация\data\data\segmentation\ImageCAS_CT\raw_images\final_extracted\1-200\60.img.nii.gz,C:\Users\maksa\Desktop\диссертация\data\data\segmentation\ImageCAS_CT\ImageCAS-STACOM2025-02-10-2025\segmentations\60.img.nii.gz,152,ImageCAS,unassigned,cardiac_ct,axial,0,public,True,0.365234375,0.365234375
ImageCAS_60,60,static,C:\Users\maksa\Desktop\диссертация\data\data\segmentation\ImageCAS_CT\raw_images\final_extracted\1-200\60.img.nii.gz,C:\Users\maksa\Desktop\диссертация\data\data\segmentation\ImageCAS_CT\ImageCAS-STACOM2025-02-10-2025\segmentations\60.img.nii.gz,183,ImageCAS,unassigned,cardiac_ct,axial,0,public,True,0.365234375,0.365234375
ImageCAS_60,60,static,C:\Users\maksa\Desktop\диссертация\data\data\segmentation\ImageCAS_CT\raw_images\final_extracted\1-200\60.img.nii.gz,C:\Users\maksa\Desktop\диссертация\data\data\segmentation\ImageCAS_CT\ImageCAS-STACOM2025-02-10-2025\segmentations\60.img.nii.gz,213,ImageCAS,unassigned,cardiac_ct,axial,0,public,True,0.365234375,0.365234375
ImageCAS_60,60,static,C:\Users\maksa\Desktop\диссертация\data\data\segmentation\ImageCAS_CT\raw_images\final_extracted\1-200\60.img.nii.gz,C:\Users\maksa\Desktop\диссертация\data\data\segmentation\ImageCAS_CT\ImageCAS-STACOM2025-02-10-2025\segmentations\60.img.nii.gz,244,ImageCAS,unassigned,cardiac_ct,axial,0,public,True,0.365234375,0.365234375
ImageCAS_60,60,static,C:\Users\maksa\Desktop\диссертация\data\data\segmentation\ImageCAS_CT\raw_images\final_extracted\1-200\60.img.nii.gz,C:\Users\maksa\Desktop\диссертация\data\data\segmentation\ImageCAS_CT\ImageCAS-STACOM2025-02-10-2025\segmentations\60.img.nii.gz,274,ImageCAS,unassigned,cardiac_ct,axial,0,public,True,0.365234375,0.365234375
ImageCAS_62,62,static,C:\Users\maksa\Desktop\диссертация\data\data\segmentation\ImageCAS_CT\raw_images\final_extracted\1-200\62.img.nii.gz,C:\Users\maksa\Desktop\диссертация\data\data\segmentation\ImageCAS_CT\ImageCAS-STACOM2025-02-10-2025\segmentations\62.img.nii.gz,0,ImageCAS,unassigned,cardiac_ct,axial,0,public,True,0.318359375,0.318359375
ImageCAS_62,62,static,C:\Users\maksa\Desktop\диссертация\data\data\segmentation\ImageCAS_CT\raw_images\final_extracted\1-200\62.img.nii.gz,C:\Users\maksa\Desktop\диссертация\data\data\segmentation\ImageCAS_CT\ImageCAS-STACOM2025-02-10-2025\segmentations\62.img.nii.gz,25,ImageCAS,unassigned,cardiac_ct,axial,0,public,True,0.318359375,0.318359375
ImageCAS_62,62,static,C:\Users\maksa\Desktop\диссертация\data\data\segmentation\ImageCAS_CT\raw_images\final_extracted\1-200\62.img.nii.gz,C:\Users\maksa\Desktop\диссертация\data\data\segmentation\ImageCAS_CT\ImageCAS-STACOM2025-02-10-2025\segmentations\62.img.nii.gz,50,ImageCAS,unassigned,cardiac_ct,axial,0,public,True,0.318359375,0.318359375
ImageCAS_62,62,static,C:\Users\maksa\Desktop\диссертация\data\data\segmentation\ImageCAS_CT\raw_images\final_extracted\1-200\62.img.nii.gz,C:\Users\maksa\Desktop\диссертация\data\data\segmentation\ImageCAS_CT\ImageCAS-STACOM2025-02-10-2025\segmentations\62.img.nii.gz,75,ImageCAS,unassigned,cardiac_ct,axial,0,public,True,0.318359375,0.318359375
ImageCAS_62,62,static,C:\Users\maksa\Desktop\диссертация\data\data\segmentation\ImageCAS_CT\raw_images\final_extracted\1-200\62.img.nii.gz,C:\Users\maksa\Desktop\диссертация\data\data\segmentation\ImageCAS_CT\ImageCAS-STACOM2025-02-10-2025\segmentations\62.img.nii.gz,100,ImageCAS,unassigned,cardiac_ct,axial,0,public,True,0.318359375,0.318359375
ImageCAS_62,62,static,C:\Users\maksa\Desktop\диссертация\data\data\segmentation\ImageCAS_CT\raw_images\final_extracted\1-200\62.img.nii.gz,C:\Users\maksa\Desktop\диссертация\data\data\segmentation\ImageCAS_CT\ImageCAS-STACOM2025-02-10-2025\segmentations\62.img.nii.gz,124,ImageCAS,unassigned,cardiac_ct,axial,0,public,True,0.318359375,0.318359375
ImageCAS_62,62,static,C:\Users\maksa\Desktop\диссертация\data\data\segmentation\ImageCAS_CT\raw_images\final_extracted\1-200\62.img.nii.gz,C:\Users\maksa\Desktop\диссертация\data\data\segmentation\ImageCAS_CT\ImageCAS-STACOM2025-02-10-2025\segmentations\62.img.nii.gz,149,ImageCAS,unassigned,cardiac_ct,axial,0,public,True,0.318359375,0.318359375
ImageCAS_62,62,static,C:\Users\maksa\Desktop\диссертация\data\data\segmentation\ImageCAS_CT\raw_images\final_extracted\1-200\62.img.nii.gz,C:\Users\maksa\Desktop\диссертация\data\data\segmentation\ImageCAS_CT\ImageCAS-STACOM2025-02-10-2025\segmentations\62.img.nii.gz,174,ImageCAS,unassigned,cardiac_ct,axial,0,public,True,0.318359375,0.318359375
ImageCAS_62,62,static,C:\Users\maksa\Desktop\диссертация\data\data\segmentation\ImageCAS_CT\raw_images\final_extracted\1-200\62.img.nii.gz,C:\Users\maksa\Desktop\диссертация\data\data\segmentation\ImageCAS_CT\ImageCAS-STACOM2025-02-10-2025\segmentations\62.img.nii.gz,199,ImageCAS,unassigned,cardiac_ct,axial,0,public,True,0.318359375,0.318359375
ImageCAS_62,62,static,C:\Users\maksa\Desktop\диссертация\data\data\segmentation\ImageCAS_CT\raw_images\final_extracted\1-200\62.img.nii.gz,C:\Users\maksa\Desktop\диссертация\data\data\segmentation\ImageCAS_CT\ImageCAS-STACOM2025-02-10-2025\segmentations\62.img.nii.gz,224,ImageCAS,unassigned,cardiac_ct,axial,0,public,True,0.318359375,0.318359375
ImageCAS_64,64,static,C:\Users\maksa\Desktop\диссертация\data\data\segmentation\ImageCAS_CT\raw_images\final_extracted\1-200\64.img.nii.gz,C:\Users\maksa\Desktop\диссертация\data\data\segmentation\ImageCAS_CT\ImageCAS-STACOM2025-02-10-2025\segmentations\64.img.nii.gz,0,ImageCAS,unassigned,cardiac_ct,axial,0,public,True,0.345703125,0.345703125
ImageCAS_64,64,static,C:\Users\maksa\Desktop\диссертация\data\data\segmentation\ImageCAS_CT\raw_images\final_extracted\1-200\64.img.nii.gz,C:\Users\maksa\Desktop\диссертация\data\data\segmentation\ImageCAS_CT\ImageCAS-STACOM2025-02-10-2025\segmentations\64.img.nii.gz,30,ImageCAS,unassigned,cardiac_ct,axial,0,public,True,0.345703125,0.345703125
ImageCAS_64,64,static,C:\Users\maksa\Desktop\диссертация\data\data\segmentation\ImageCAS_CT\raw_images\final_extracted\1-200\64.img.nii.gz,C:\Users\maksa\Desktop\диссертация\data\data\segmentation\ImageCAS_CT\ImageCAS-STACOM2025-02-10-2025\segmentations\64.img.nii.gz,61,ImageCAS,unassigned,cardiac_ct,axial,0,public,True,0.345703125,0.345703125
ImageCAS_64,64,static,C:\Users\maksa\Desktop\диссертация\data\data\segmentation\ImageCAS_CT\raw_images\final_extracted\1-200\64.img.nii.gz,C:\Users\maksa\Desktop\диссертация\data\data\segmentation\ImageCAS_CT\ImageCAS-STACOM2025-02-10-2025\segmentations\64.img.nii.gz,91,ImageCAS,unassigned,cardiac_ct,axial,0,public,True,0.345703125,0.345703125
ImageCAS_64,64,static,C:\Users\maksa\Desktop\диссертация\data\data\segmentation\ImageCAS_CT\raw_images\final_extracted\1-200\64.img.nii.gz,C:\Users\maksa\Desktop\диссертация\data\data\segmentation\ImageCAS_CT\ImageCAS-STACOM2025-02-10-2025\segmentations\64.img.nii.gz,122,ImageCAS,unassigned,cardiac_ct,axial,0,public,True,0.345703125,0.345703125
ImageCAS_64,64,static,C:\Users\maksa\Desktop\диссертация\data\data\segmentation\ImageCAS_CT\raw_images\final_extracted\1-200\64.img.nii.gz,C:\Users\maksa\Desktop\диссертация\data\data\segmentation\ImageCAS_CT\ImageCAS-STACOM2025-02-10-2025\segmentations\64.img.nii.gz,152,ImageCAS,unassigned,cardiac_ct,axial,0,public,True,0.345703125,0.345703125
ImageCAS_64,64,static,C:\Users\maksa\Desktop\диссертация\data\data\segmentation\ImageCAS_CT\raw_images\final_extracted\1-200\64.img.nii.gz,C:\Users\maksa\Desktop\диссертация\data\data\segmentation\ImageCAS_CT\ImageCAS-STACOM2025-02-10-2025\segmentations\64.img.nii.gz,183,ImageCAS,unassigned,cardiac_ct,axial,0,public,True,0.345703125,0.345703125
ImageCAS_64,64,static,C:\Users\maksa\Desktop\диссертация\data\data\segmentation\ImageCAS_CT\raw_images\final_extracted\1-200\64.img.nii.gz,C:\Users\maksa\Desktop\диссертация\data\data\segmentation\ImageCAS_CT\ImageCAS-STACOM2025-02-10-2025\segmentations\64.img.nii.gz,213,ImageCAS,unassigned,cardiac_ct,axial,0,public,True,0.345703125,0.345703125
ImageCAS_64,64,static,C:\Users\maksa\Desktop\диссертация\data\data\segmentation\ImageCAS_CT\raw_images\final_extracted\1-200\64.img.nii.gz,C:\Users\maksa\Desktop\диссертация\data\data\segmentation\ImageCAS_CT\ImageCAS-STACOM2025-02-10-2025\segmentations\64.img.nii.gz,244,ImageCAS,unassigned,cardiac_ct,axial,0,public,True,0.345703125,0.345703125
ImageCAS_64,64,static,C:\Users\maksa\Desktop\диссертация\data\data\segmentation\ImageCAS_CT\raw_images\final_extracted\1-200\64.img.nii.gz,C:\Users\maksa\Desktop\диссертация\data\data\segmentation\ImageCAS_CT\ImageCAS-STACOM2025-02-10-2025\segmentations\64.img.nii.gz,274,ImageCAS,unassigned,cardiac_ct,axial,0,public,True,0.345703125,0.345703125
ImageCAS_66,66,static,C:\Users\maksa\Desktop\диссертация\data\data\segmentation\ImageCAS_CT\raw_images\final_extracted\1-200\66.img.nii.gz,C:\Users\maksa\Desktop\диссертация\data\data\segmentation\ImageCAS_CT\ImageCAS-STACOM2025-02-10-2025\segmentations\66.img.nii.gz,0,ImageCAS,unassigned,cardiac_ct,axial,0,public,True,0.369140625,0.369140625
ImageCAS_66,66,static,C:\Users\maksa\Desktop\диссертация\data\data\segmentation\ImageCAS_CT\raw_images\final_extracted\1-200\66.img.nii.gz,C:\Users\maksa\Desktop\диссертация\data\data\segmentation\ImageCAS_CT\ImageCAS-STACOM2025-02-10-2025\segmentations\66.img.nii.gz,30,ImageCAS,unassigned,cardiac_ct,axial,0,public,True,0.369140625,0.369140625
ImageCAS_66,66,static,C:\Users\maksa\Desktop\диссертация\data\data\segmentation\ImageCAS_CT\raw_images\final_extracted\1-200\66.img.nii.gz,C:\Users\maksa\Desktop\диссертация\data\data\segmentation\ImageCAS_CT\ImageCAS-STACOM2025-02-10-2025\segmentations\66.img.nii.gz,61,ImageCAS,unassigned,cardiac_ct,axial,0,public,True,0.369140625,0.369140625
ImageCAS_66,66,static,C:\Users\maksa\Desktop\диссертация\data\data\segmentation\ImageCAS_CT\raw_images\final_extracted\1-200\66.img.nii.gz,C:\Users\maksa\Desktop\диссертация\data\data\segmentation\ImageCAS_CT\ImageCAS-STACOM2025-02-10-2025\segmentations\66.img.nii.gz,91,ImageCAS,unassigned,cardiac_ct,axial,0,public,True,0.369140625,0.369140625
ImageCAS_66,66,static,C:\Users\maksa\Desktop\диссертация\data\data\segmentation\ImageCAS_CT\raw_images\final_extracted\1-200\66.img.nii.gz,C:\Users\maksa\Desktop\диссертация\data\data\segmentation\ImageCAS_CT\ImageCAS-STACOM2025-02-10-2025\segmentations\66.img.nii.gz,122,ImageCAS,unassigned,cardiac_ct,axial,0,public,True,0.369140625,0.369140625
ImageCAS_66,66,static,C:\Users\maksa\Desktop\диссертация\data\data\segmentation\ImageCAS_CT\raw_images\final_extracted\1-200\66.img.nii.gz,C:\Users\maksa\Desktop\диссертация\data\data\segmentation\ImageCAS_CT\ImageCAS-STACOM2025-02-10-2025\segmentations\66.img.nii.gz,152,ImageCAS,unassigned,cardiac_ct,axial,0,public,True,0.369140625,0.369140625
ImageCAS_66,66,static,C:\Users\maksa\Desktop\диссертация\data\data\segmentation\ImageCAS_CT\raw_images\final_extracted\1-200\66.img.nii.gz,C:\Users\maksa\Desktop\диссертация\data\data\segmentation\ImageCAS_CT\ImageCAS-STACOM2025-02-10-2025\segmentations\66.img.nii.gz,183,ImageCAS,unassigned,cardiac_ct,axial,0,public,True,0.369140625,0.369140625
ImageCAS_66,66,static,C:\Users\maksa\Desktop\диссертация\data\data\segmentation\ImageCAS_CT\raw_images\final_extracted\1-200\66.img.nii.gz,C:\Users\maksa\Desktop\диссертация\data\data\segmentation\ImageCAS_CT\ImageCAS-STACOM2025-02-10-2025\segmentations\66.img.nii.gz,213,ImageCAS,unassigned,cardiac_ct,axial,0,public,True,0.369140625,0.369140625
ImageCAS_66,66,static,C:\Users\maksa\Desktop\диссертация\data\data\segmentation\ImageCAS_CT\raw_images\final_extracted\1-200\66.img.nii.gz,C:\Users\maksa\Desktop\диссертация\data\data\segmentation\ImageCAS_CT\ImageCAS-STACOM2025-02-10-2025\segmentations\66.img.nii.gz,244,ImageCAS,unassigned,cardiac_ct,axial,0,public,True,0.369140625,0.369140625
ImageCAS_66,66,static,C:\Users\maksa\Desktop\диссертация\data\data\segmentation\ImageCAS_CT\raw_images\final_extracted\1-200\66.img.nii.gz,C:\Users\maksa\Desktop\диссертация\data\data\segmentation\ImageCAS_CT\ImageCAS-STACOM2025-02-10-2025\segmentations\66.img.nii.gz,274,ImageCAS,unassigned,cardiac_ct,axial,0,public,True,0.369140625,0.369140625
ImageCAS_68,68,static,C:\Users\maksa\Desktop\диссертация\data\data\segmentation\ImageCAS_CT\raw_images\final_extracted\1-200\68.img.nii.gz,C:\Users\maksa\Desktop\диссертация\data\data\segmentation\ImageCAS_CT\ImageCAS-STACOM2025-02-10-2025\segmentations\68.img.nii.gz,0,ImageCAS,unassigned,cardiac_ct,axial,0,public,True,0.318359375,0.318359375
ImageCAS_68,68,static,C:\Users\maksa\Desktop\диссертация\data\data\segmentation\ImageCAS_CT\raw_images\final_extracted\1-200\68.img.nii.gz,C:\Users\maksa\Desktop\диссертация\data\data\segmentation\ImageCAS_CT\ImageCAS-STACOM2025-02-10-2025\segmentations\68.img.nii.gz,23,ImageCAS,unassigned,cardiac_ct,axial,0,public,True,0.318359375,0.318359375
ImageCAS_68,68,static,C:\Users\maksa\Desktop\диссертация\data\data\segmentation\ImageCAS_CT\raw_images\final_extracted\1-200\68.img.nii.gz,C:\Users\maksa\Desktop\диссертация\data\data\segmentation\ImageCAS_CT\ImageCAS-STACOM2025-02-10-2025\segmentations\68.img.nii.gz,46,ImageCAS,unassigned,cardiac_ct,axial,0,public,True,0.318359375,0.318359375
ImageCAS_68,68,static,C:\Users\maksa\Desktop\диссертация\data\data\segmentation\ImageCAS_CT\raw_images\final_extracted\1-200\68.img.nii.gz,C:\Users\maksa\Desktop\диссертация\data\data\segmentation\ImageCAS_CT\ImageCAS-STACOM2025-02-10-2025\segmentations\68.img.nii.gz,68,ImageCAS,unassigned,cardiac_ct,axial,0,public,True,0.318359375,0.318359375
ImageCAS_68,68,static,C:\Users\maksa\Desktop\диссертация\data\data\segmentation\ImageCAS_CT\raw_images\final_extracted\1-200\68.img.nii.gz,C:\Users\maksa\Desktop\диссертация\data\data\segmentation\ImageCAS_CT\ImageCAS-STACOM2025-02-10-2025\segmentations\68.img.nii.gz,91,ImageCAS,unassigned,cardiac_ct,axial,0,public,True,0.318359375,0.318359375
ImageCAS_68,68,static,C:\Users\maksa\Desktop\диссертация\data\data\segmentation\ImageCAS_CT\raw_images\final_extracted\1-200\68.img.nii.gz,C:\Users\maksa\Desktop\диссертация\data\data\segmentation\ImageCAS_CT\ImageCAS-STACOM2025-02-10-2025\segmentations\68.img.nii.gz,114,ImageCAS,unassigned,cardiac_ct,axial,0,public,True,0.318359375,0.318359375
ImageCAS_68,68,static,C:\Users\maksa\Desktop\диссертация\data\data\segmentation\ImageCAS_CT\raw_images\final_extracted\1-200\68.img.nii.gz,C:\Users\maksa\Desktop\диссертация\data\data\segmentation\ImageCAS_CT\ImageCAS-STACOM2025-02-10-2025\segmentations\68.img.nii.gz,137,ImageCAS,unassigned,cardiac_ct,axial,0,public,True,0.318359375,0.318359375
ImageCAS_68,68,static,C:\Users\maksa\Desktop\диссертация\data\data\segmentation\ImageCAS_CT\raw_images\final_extracted\1-200\68.img.nii.gz,C:\Users\maksa\Desktop\диссертация\data\data\segmentation\ImageCAS_CT\ImageCAS-STACOM2025-02-10-2025\segmentations\68.img.nii.gz,159,ImageCAS,unassigned,cardiac_ct,axial,0,public,True,0.318359375,0.318359375
ImageCAS_68,68,static,C:\Users\maksa\Desktop\диссертация\data\data\segmentation\ImageCAS_CT\raw_images\final_extracted\1-200\68.img.nii.gz,C:\Users\maksa\Desktop\диссертация\data\data\segmentation\ImageCAS_CT\ImageCAS-STACOM2025-02-10-2025\segmentations\68.img.nii.gz,182,ImageCAS,unassigned,cardiac_ct,axial,0,public,True,0.318359375,0.318359375
ImageCAS_68,68,static,C:\Users\maksa\Desktop\диссертация\data\data\segmentation\ImageCAS_CT\raw_images\final_extracted\1-200\68.img.nii.gz,C:\Users\maksa\Desktop\диссертация\data\data\segmentation\ImageCAS_CT\ImageCAS-STACOM2025-02-10-2025\segmentations\68.img.nii.gz,205,ImageCAS,unassigned,cardiac_ct,axial,0,public,True,0.318359375,0.318359375
ImageCAS_69,69,static,C:\Users\maksa\Desktop\диссертация\data\data\segmentation\ImageCAS_CT\raw_images\final_extracted\1-200\69.img.nii.gz,C:\Users\maksa\Desktop\диссертация\data\data\segmentation\ImageCAS_CT\ImageCAS-STACOM2025-02-10-2025\segmentations\69.img.nii.gz,0,ImageCAS,unassigned,cardiac_ct,axial,0,public,True,0.34375,0.34375
ImageCAS_69,69,static,C:\Users\maksa\Desktop\диссертация\data\data\segmentation\ImageCAS_CT\raw_images\final_extracted\1-200\69.img.nii.gz,C:\Users\maksa\Desktop\диссертация\data\data\segmentation\ImageCAS_CT\ImageCAS-STACOM2025-02-10-2025\segmentations\69.img.nii.gz,27,ImageCAS,unassigned,cardiac_ct,axial,0,public,True,0.34375,0.34375
ImageCAS_69,69,static,C:\Users\maksa\Desktop\диссертация\data\data\segmentation\ImageCAS_CT\raw_images\final_extracted\1-200\69.img.nii.gz,C:\Users\maksa\Desktop\диссертация\data\data\segmentation\ImageCAS_CT\ImageCAS-STACOM2025-02-10-2025\segmentations\69.img.nii.gz,54,ImageCAS,unassigned,cardiac_ct,axial,0,public,True,0.34375,0.34375
ImageCAS_69,69,static,C:\Users\maksa\Desktop\диссертация\data\data\segmentation\ImageCAS_CT\raw_images\final_extracted\1-200\69.img.nii.gz,C:\Users\maksa\Desktop\диссертация\data\data\segmentation\ImageCAS_CT\ImageCAS-STACOM2025-02-10-2025\segmentations\69.img.nii.gz,81,ImageCAS,unassigned,cardiac_ct,axial,0,public,True,0.34375,0.34375
ImageCAS_69,69,static,C:\Users\maksa\Desktop\диссертация\data\data\segmentation\ImageCAS_CT\raw_images\final_extracted\1-200\69.img.nii.gz,C:\Users\maksa\Desktop\диссертация\data\data\segmentation\ImageCAS_CT\ImageCAS-STACOM2025-02-10-2025\segmentations\69.img.nii.gz,108,ImageCAS,unassigned,cardiac_ct,axial,0,public,True,0.34375,0.34375
ImageCAS_69,69,static,C:\Users\maksa\Desktop\диссертация\data\data\segmentation\ImageCAS_CT\raw_images\final_extracted\1-200\69.img.nii.gz,C:\Users\maksa\Desktop\диссертация\data\data\segmentation\ImageCAS_CT\ImageCAS-STACOM2025-02-10-2025\segmentations\69.img.nii.gz,136,ImageCAS,unassigned,cardiac_ct,axial,0,public,True,0.34375,0.34375
ImageCAS_69,69,static,C:\Users\maksa\Desktop\диссертация\data\data\segmentation\ImageCAS_CT\raw_images\final_extracted\1-200\69.img.nii.gz,C:\Users\maksa\Desktop\диссертация\data\data\segmentation\ImageCAS_CT\ImageCAS-STACOM2025-02-10-2025\segmentations\69.img.nii.gz,163,ImageCAS,unassigned,cardiac_ct,axial,0,public,True,0.34375,0.34375
ImageCAS_69,69,static,C:\Users\maksa\Desktop\диссертация\data\data\segmentation\ImageCAS_CT\raw_images\final_extracted\1-200\69.img.nii.gz,C:\Users\maksa\Desktop\диссертация\data\data\segmentation\ImageCAS_CT\ImageCAS-STACOM2025-02-10-2025\segmentations\69.img.nii.gz,190,ImageCAS,unassigned,cardiac_ct,axial,0,public,True,0.34375,0.34375
ImageCAS_69,69,static,C:\Users\maksa\Desktop\диссертация\data\data\segmentation\ImageCAS_CT\raw_images\final_extracted\1-200\69.img.nii.gz,C:\Users\maksa\Desktop\диссертация\data\data\segmentation\ImageCAS_CT\ImageCAS-STACOM2025-02-10-2025\segmentations\69.img.nii.gz,217,ImageCAS,unassigned,cardiac_ct,axial,0,public,True,0.34375,0.34375
ImageCAS_69,69,static,C:\Users\maksa\Desktop\диссертация\data\data\segmentation\ImageCAS_CT\raw_images\final_extracted\1-200\69.img.nii.gz,C:\Users\maksa\Desktop\диссертация\data\data\segmentation\ImageCAS_CT\ImageCAS-STACOM2025-02-10-2025\segmentations\69.img.nii.gz,244,ImageCAS,unassigned,cardiac_ct,axial,0,public,True,0.34375,0.34375
ImageCAS_7,7,static,C:\Users\maksa\Desktop\диссертация\data\data\segmentation\ImageCAS_CT\raw_images\final_extracted\1-200\7.img.nii.gz,C:\Users\maksa\Desktop\диссертация\data\data\segmentation\ImageCAS_CT\ImageCAS-STACOM2025-02-10-2025\segmentations\7.img.nii.gz,0,ImageCAS,unassigned,cardiac_ct,axial,0,public,True,0.34375,0.34375
ImageCAS_7,7,static,C:\Users\maksa\Desktop\диссертация\data\data\segmentation\ImageCAS_CT\raw_images\final_extracted\1-200\7.img.nii.gz,C:\Users\maksa\Desktop\диссертация\data\data\segmentation\ImageCAS_CT\ImageCAS-STACOM2025-02-10-2025\segmentations\7.img.nii.gz,23,ImageCAS,unassigned,cardiac_ct,axial,0,public,True,0.34375,0.34375
ImageCAS_7,7,static,C:\Users\maksa\Desktop\диссертация\data\data\segmentation\ImageCAS_CT\raw_images\final_extracted\1-200\7.img.nii.gz,C:\Users\maksa\Desktop\диссертация\data\data\segmentation\ImageCAS_CT\ImageCAS-STACOM2025-02-10-2025\segmentations\7.img.nii.gz,46,ImageCAS,unassigned,cardiac_ct,axial,0,public,True,0.34375,0.34375
ImageCAS_7,7,static,C:\Users\maksa\Desktop\диссертация\data\data\segmentation\ImageCAS_CT\raw_images\final_extracted\1-200\7.img.nii.gz,C:\Users\maksa\Desktop\диссертация\data\data\segmentation\ImageCAS_CT\ImageCAS-STACOM2025-02-10-2025\segmentations\7.img.nii.gz,68,ImageCAS,unassigned,cardiac_ct,axial,0,public,True,0.34375,0.34375
ImageCAS_7,7,static,C:\Users\maksa\Desktop\диссертация\data\data\segmentation\ImageCAS_CT\raw_images\final_extracted\1-200\7.img.nii.gz,C:\Users\maksa\Desktop\диссертация\data\data\segmentation\ImageCAS_CT\ImageCAS-STACOM2025-02-10-2025\segmentations\7.img.nii.gz,91,ImageCAS,unassigned,cardiac_ct,axial,0,public,True,0.34375,0.34375
ImageCAS_7,7,static,C:\Users\maksa\Desktop\диссертация\data\data\segmentation\ImageCAS_CT\raw_images\final_extracted\1-200\7.img.nii.gz,C:\Users\maksa\Desktop\диссертация\data\data\segmentation\ImageCAS_CT\ImageCAS-STACOM2025-02-10-2025\segmentations\7.img.nii.gz,114,ImageCAS,unassigned,cardiac_ct,axial,0,public,True,0.34375,0.34375
ImageCAS_7,7,static,C:\Users\maksa\Desktop\диссертация\data\data\segmentation\ImageCAS_CT\raw_images\final_extracted\1-200\7.img.nii.gz,C:\Users\maksa\Desktop\диссертация\data\data\segmentation\ImageCAS_CT\ImageCAS-STACOM2025-02-10-2025\segmentations\7.img.nii.gz,137,ImageCAS,unassigned,cardiac_ct,axial,0,public,True,0.34375,0.34375
ImageCAS_7,7,static,C:\Users\maksa\Desktop\диссертация\data\data\segmentation\ImageCAS_CT\raw_images\final_extracted\1-200\7.img.nii.gz,C:\Users\maksa\Desktop\диссертация\data\data\segmentation\ImageCAS_CT\ImageCAS-STACOM2025-02-10-2025\segmentations\7.img.nii.gz,159,ImageCAS,unassigned,cardiac_ct,axial,0,public,True,0.34375,0.34375
ImageCAS_7,7,static,C:\Users\maksa\Desktop\диссертация\data\data\segmentation\ImageCAS_CT\raw_images\final_extracted\1-200\7.img.nii.gz,C:\Users\maksa\Desktop\диссертация\data\data\segmentation\ImageCAS_CT\ImageCAS-STACOM2025-02-10-2025\segmentations\7.img.nii.gz,182,ImageCAS,unassigned,cardiac_ct,axial,0,public,True,0.34375,0.34375
ImageCAS_7,7,static,C:\Users\maksa\Desktop\диссертация\data\data\segmentation\ImageCAS_CT\raw_images\final_extracted\1-200\7.img.nii.gz,C:\Users\maksa\Desktop\диссертация\data\data\segmentation\ImageCAS_CT\ImageCAS-STACOM2025-02-10-2025\segmentations\7.img.nii.gz,205,ImageCAS,unassigned,cardiac_ct,axial,0,public,True,0.34375,0.34375
ImageCAS_72,72,static,C:\Users\maksa\Desktop\диссертация\data\data\segmentation\ImageCAS_CT\raw_images\final_extracted\1-200\72.img.nii.gz,C:\Users\maksa\Desktop\диссертация\data\data\segmentation\ImageCAS_CT\ImageCAS-STACOM2025-02-10-2025\segmentations\72.img.nii.gz,0,ImageCAS,unassigned,cardiac_ct,axial,0,public,True,0.380859375,0.380859375
ImageCAS_72,72,static,C:\Users\maksa\Desktop\диссертация\data\data\segmentation\ImageCAS_CT\raw_images\final_extracted\1-200\72.img.nii.gz,C:\Users\maksa\Desktop\диссертация\data\data\segmentation\ImageCAS_CT\ImageCAS-STACOM2025-02-10-2025\segmentations\72.img.nii.gz,30,ImageCAS,unassigned,cardiac_ct,axial,0,public,True,0.380859375,0.380859375
ImageCAS_72,72,static,C:\Users\maksa\Desktop\диссертация\data\data\segmentation\ImageCAS_CT\raw_images\final_extracted\1-200\72.img.nii.gz,C:\Users\maksa\Desktop\диссертация\data\data\segmentation\ImageCAS_CT\ImageCAS-STACOM2025-02-10-2025\segmentations\72.img.nii.gz,61,ImageCAS,unassigned,cardiac_ct,axial,0,public,True,0.380859375,0.380859375
ImageCAS_72,72,static,C:\Users\maksa\Desktop\диссертация\data\data\segmentation\ImageCAS_CT\raw_images\final_extracted\1-200\72.img.nii.gz,C:\Users\maksa\Desktop\диссертация\data\data\segmentation\ImageCAS_CT\ImageCAS-STACOM2025-02-10-2025\segmentations\72.img.nii.gz,91,ImageCAS,unassigned,cardiac_ct,axial,0,public,True,0.380859375,0.380859375
ImageCAS_72,72,static,C:\Users\maksa\Desktop\диссертация\data\data\segmentation\ImageCAS_CT\raw_images\final_extracted\1-200\72.img.nii.gz,C:\Users\maksa\Desktop\диссертация\data\data\segmentation\ImageCAS_CT\ImageCAS-STACOM2025-02-10-2025\segmentations\72.img.nii.gz,122,ImageCAS,unassigned,cardiac_ct,axial,0,public,True,0.380859375,0.380859375
ImageCAS_72,72,static,C:\Users\maksa\Desktop\диссертация\data\data\segmentation\ImageCAS_CT\raw_images\final_extracted\1-200\72.img.nii.gz,C:\Users\maksa\Desktop\диссертация\data\data\segmentation\ImageCAS_CT\ImageCAS-STACOM2025-02-10-2025\segmentations\72.img.nii.gz,152,ImageCAS,unassigned,cardiac_ct,axial,0,public,True,0.380859375,0.380859375
ImageCAS_72,72,static,C:\Users\maksa\Desktop\диссертация\data\data\segmentation\ImageCAS_CT\raw_images\final_extracted\1-200\72.img.nii.gz,C:\Users\maksa\Desktop\диссертация\data\data\segmentation\ImageCAS_CT\ImageCAS-STACOM2025-02-10-2025\segmentations\72.img.nii.gz,183,ImageCAS,unassigned,cardiac_ct,axial,0,public,True,0.380859375,0.380859375
ImageCAS_72,72,static,C:\Users\maksa\Desktop\диссертация\data\data\segmentation\ImageCAS_CT\raw_images\final_extracted\1-200\72.img.nii.gz,C:\Users\maksa\Desktop\диссертация\data\data\segmentation\ImageCAS_CT\ImageCAS-STACOM2025-02-10-2025\segmentations\72.img.nii.gz,213,ImageCAS,unassigned,cardiac_ct,axial,0,public,True,0.380859375,0.380859375
ImageCAS_72,72,static,C:\Users\maksa\Desktop\диссертация\data\data\segmentation\ImageCAS_CT\raw_images\final_extracted\1-200\72.img.nii.gz,C:\Users\maksa\Desktop\диссертация\data\data\segmentation\ImageCAS_CT\ImageCAS-STACOM2025-02-10-2025\segmentations\72.img.nii.gz,244,ImageCAS,unassigned,cardiac_ct,axial,0,public,True,0.380859375,0.380859375
ImageCAS_72,72,static,C:\Users\maksa\Desktop\диссертация\data\data\segmentation\ImageCAS_CT\raw_images\final_extracted\1-200\72.img.nii.gz,C:\Users\maksa\Desktop\диссертация\data\data\segmentation\ImageCAS_CT\ImageCAS-STACOM2025-02-10-2025\segmentations\72.img.nii.gz,274,ImageCAS,unassigned,cardiac_ct,axial,0,public,True,0.380859375,0.380859375
ImageCAS_73,73,static,C:\Users\maksa\Desktop\диссертация\data\data\segmentation\ImageCAS_CT\raw_images\final_extracted\1-200\73.img.nii.gz,C:\Users\maksa\Desktop\диссертация\data\data\segmentation\ImageCAS_CT\ImageCAS-STACOM2025-02-10-2025\segmentations\73.img.nii.gz,0,ImageCAS,unassigned,cardiac_ct,axial,0,public,True,0.318359375,0.318359375
ImageCAS_73,73,static,C:\Users\maksa\Desktop\диссертация\data\data\segmentation\ImageCAS_CT\raw_images\final_extracted\1-200\73.img.nii.gz,C:\Users\maksa\Desktop\диссертация\data\data\segmentation\ImageCAS_CT\ImageCAS-STACOM2025-02-10-2025\segmentations\73.img.nii.gz,24,ImageCAS,unassigned,cardiac_ct,axial,0,public,True,0.318359375,0.318359375
ImageCAS_73,73,static,C:\Users\maksa\Desktop\диссертация\data\data\segmentation\ImageCAS_CT\raw_images\final_extracted\1-200\73.img.nii.gz,C:\Users\maksa\Desktop\диссертация\data\data\segmentation\ImageCAS_CT\ImageCAS-STACOM2025-02-10-2025\segmentations\73.img.nii.gz,49,ImageCAS,unassigned,cardiac_ct,axial,0,public,True,0.318359375,0.318359375
ImageCAS_73,73,static,C:\Users\maksa\Desktop\диссертация\data\data\segmentation\ImageCAS_CT\raw_images\final_extracted\1-200\73.img.nii.gz,C:\Users\maksa\Desktop\диссертация\data\data\segmentation\ImageCAS_CT\ImageCAS-STACOM2025-02-10-2025\segmentations\73.img.nii.gz,73,ImageCAS,unassigned,cardiac_ct,axial,0,public,True,0.318359375,0.318359375
ImageCAS_73,73,static,C:\Users\maksa\Desktop\диссертация\data\data\segmentation\ImageCAS_CT\raw_images\final_extracted\1-200\73.img.nii.gz,C:\Users\maksa\Desktop\диссертация\data\data\segmentation\ImageCAS_CT\ImageCAS-STACOM2025-02-10-2025\segmentations\73.img.nii.gz,98,ImageCAS,unassigned,cardiac_ct,axial,0,public,True,0.318359375,0.318359375
ImageCAS_73,73,static,C:\Users\maksa\Desktop\диссертация\data\data\segmentation\ImageCAS_CT\raw_images\final_extracted\1-200\73.img.nii.gz,C:\Users\maksa\Desktop\диссертация\data\data\segmentation\ImageCAS_CT\ImageCAS-STACOM2025-02-10-2025\segmentations\73.img.nii.gz,122,ImageCAS,unassigned,cardiac_ct,axial,0,public,True,0.318359375,0.318359375
ImageCAS_73,73,static,C:\Users\maksa\Desktop\диссертация\data\data\segmentation\ImageCAS_CT\raw_images\final_extracted\1-200\73.img.nii.gz,C:\Users\maksa\Desktop\диссертация\data\data\segmentation\ImageCAS_CT\ImageCAS-STACOM2025-02-10-2025\segmentations\73.img.nii.gz,147,ImageCAS,unassigned,cardiac_ct,axial,0,public,True,0.318359375,0.318359375
ImageCAS_73,73,static,C:\Users\maksa\Desktop\диссертация\data\data\segmentation\ImageCAS_CT\raw_images\final_extracted\1-200\73.img.nii.gz,C:\Users\maksa\Desktop\диссертация\data\data\segmentation\ImageCAS_CT\ImageCAS-STACOM2025-02-10-2025\segmentations\73.img.nii.gz,171,ImageCAS,unassigned,cardiac_ct,axial,0,public,True,0.318359375,0.318359375
ImageCAS_73,73,static,C:\Users\maksa\Desktop\диссертация\data\data\segmentation\ImageCAS_CT\raw_images\final_extracted\1-200\73.img.nii.gz,C:\Users\maksa\Desktop\диссертация\data\data\segmentation\ImageCAS_CT\ImageCAS-STACOM2025-02-10-2025\segmentations\73.img.nii.gz,196,ImageCAS,unassigned,cardiac_ct,axial,0,public,True,0.318359375,0.318359375
ImageCAS_73,73,static,C:\Users\maksa\Desktop\диссертация\data\data\segmentation\ImageCAS_CT\raw_images\final_extracted\1-200\73.img.nii.gz,C:\Users\maksa\Desktop\диссертация\data\data\segmentation\ImageCAS_CT\ImageCAS-STACOM2025-02-10-2025\segmentations\73.img.nii.gz,220,ImageCAS,unassigned,cardiac_ct,axial,0,public,True,0.318359375,0.318359375
ImageCAS_75,75,static,C:\Users\maksa\Desktop\диссертация\data\data\segmentation\ImageCAS_CT\raw_images\final_extracted\1-200\75.img.nii.gz,C:\Users\maksa\Desktop\диссертация\data\data\segmentation\ImageCAS_CT\ImageCAS-STACOM2025-02-10-2025\segmentations\75.img.nii.gz,0,ImageCAS,unassigned,cardiac_ct,axial,0,public,True,0.390625,0.390625
ImageCAS_75,75,static,C:\Users\maksa\Desktop\диссертация\data\data\segmentation\ImageCAS_CT\raw_images\final_extracted\1-200\75.img.nii.gz,C:\Users\maksa\Desktop\диссертация\data\data\segmentation\ImageCAS_CT\ImageCAS-STACOM2025-02-10-2025\segmentations\75.img.nii.gz,30,ImageCAS,unassigned,cardiac_ct,axial,0,public,True,0.390625,0.390625
ImageCAS_75,75,static,C:\Users\maksa\Desktop\диссертация\data\data\segmentation\ImageCAS_CT\raw_images\final_extracted\1-200\75.img.nii.gz,C:\Users\maksa\Desktop\диссертация\data\data\segmentation\ImageCAS_CT\ImageCAS-STACOM2025-02-10-2025\segmentations\75.img.nii.gz,61,ImageCAS,unassigned,cardiac_ct,axial,0,public,True,0.390625,0.390625
ImageCAS_75,75,static,C:\Users\maksa\Desktop\диссертация\data\data\segmentation\ImageCAS_CT\raw_images\final_extracted\1-200\75.img.nii.gz,C:\Users\maksa\Desktop\диссертация\data\data\segmentation\ImageCAS_CT\ImageCAS-STACOM2025-02-10-2025\segmentations\75.img.nii.gz,91,ImageCAS,unassigned,cardiac_ct,axial,0,public,True,0.390625,0.390625
ImageCAS_75,75,static,C:\Users\maksa\Desktop\диссертация\data\data\segmentation\ImageCAS_CT\raw_images\final_extracted\1-200\75.img.nii.gz,C:\Users\maksa\Desktop\диссертация\data\data\segmentation\ImageCAS_CT\ImageCAS-STACOM2025-02-10-2025\segmentations\75.img.nii.gz,122,ImageCAS,unassigned,cardiac_ct,axial,0,public,True,0.390625,0.390625
ImageCAS_75,75,static,C:\Users\maksa\Desktop\диссертация\data\data\segmentation\ImageCAS_CT\raw_images\final_extracted\1-200\75.img.nii.gz,C:\Users\maksa\Desktop\диссертация\data\data\segmentation\ImageCAS_CT\ImageCAS-STACOM2025-02-10-2025\segmentations\75.img.nii.gz,152,ImageCAS,unassigned,cardiac_ct,axial,0,public,True,0.390625,0.390625
ImageCAS_75,75,static,C:\Users\maksa\Desktop\диссертация\data\data\segmentation\ImageCAS_CT\raw_images\final_extracted\1-200\75.img.nii.gz,C:\Users\maksa\Desktop\диссертация\data\data\segmentation\ImageCAS_CT\ImageCAS-STACOM2025-02-10-2025\segmentations\75.img.nii.gz,183,ImageCAS,unassigned,cardiac_ct,axial,0,public,True,0.390625,0.390625
ImageCAS_75,75,static,C:\Users\maksa\Desktop\диссертация\data\data\segmentation\ImageCAS_CT\raw_images\final_extracted\1-200\75.img.nii.gz,C:\Users\maksa\Desktop\диссертация\data\data\segmentation\ImageCAS_CT\ImageCAS-STACOM2025-02-10-2025\segmentations\75.img.nii.gz,213,ImageCAS,unassigned,cardiac_ct,axial,0,public,True,0.390625,0.390625
ImageCAS_75,75,static,C:\Users\maksa\Desktop\диссертация\data\data\segmentation\ImageCAS_CT\raw_images\final_extracted\1-200\75.img.nii.gz,C:\Users\maksa\Desktop\диссертация\data\data\segmentation\ImageCAS_CT\ImageCAS-STACOM2025-02-10-2025\segmentations\75.img.nii.gz,244,ImageCAS,unassigned,cardiac_ct,axial,0,public,True,0.390625,0.390625
ImageCAS_75,75,static,C:\Users\maksa\Desktop\диссертация\data\data\segmentation\ImageCAS_CT\raw_images\final_extracted\1-200\75.img.nii.gz,C:\Users\maksa\Desktop\диссертация\data\data\segmentation\ImageCAS_CT\ImageCAS-STACOM2025-02-10-2025\segmentations\75.img.nii.gz,274,ImageCAS,unassigned,cardiac_ct,axial,0,public,True,0.390625,0.390625
ImageCAS_76,76,static,C:\Users\maksa\Desktop\диссертация\data\data\segmentation\ImageCAS_CT\raw_images\final_extracted\1-200\76.img.nii.gz,C:\Users\maksa\Desktop\диссертация\data\data\segmentation\ImageCAS_CT\ImageCAS-STACOM2025-02-10-2025\segmentations\76.img.nii.gz,0,ImageCAS,unassigned,cardiac_ct,axial,0,public,True,0.46484375,0.46484375
ImageCAS_76,76,static,C:\Users\maksa\Desktop\диссертация\data\data\segmentation\ImageCAS_CT\raw_images\final_extracted\1-200\76.img.nii.gz,C:\Users\maksa\Desktop\диссертация\data\data\segmentation\ImageCAS_CT\ImageCAS-STACOM2025-02-10-2025\segmentations\76.img.nii.gz,30,ImageCAS,unassigned,cardiac_ct,axial,0,public,True,0.46484375,0.46484375
ImageCAS_76,76,static,C:\Users\maksa\Desktop\диссертация\data\data\segmentation\ImageCAS_CT\raw_images\final_extracted\1-200\76.img.nii.gz,C:\Users\maksa\Desktop\диссертация\data\data\segmentation\ImageCAS_CT\ImageCAS-STACOM2025-02-10-2025\segmentations\76.img.nii.gz,61,ImageCAS,unassigned,cardiac_ct,axial,0,public,True,0.46484375,0.46484375
ImageCAS_76,76,static,C:\Users\maksa\Desktop\диссертация\data\data\segmentation\ImageCAS_CT\raw_images\final_extracted\1-200\76.img.nii.gz,C:\Users\maksa\Desktop\диссертация\data\data\segmentation\ImageCAS_CT\ImageCAS-STACOM2025-02-10-2025\segmentations\76.img.nii.gz,91,ImageCAS,unassigned,cardiac_ct,axial,0,public,True,0.46484375,0.46484375
ImageCAS_76,76,static,C:\Users\maksa\Desktop\диссертация\data\data\segmentation\ImageCAS_CT\raw_images\final_extracted\1-200\76.img.nii.gz,C:\Users\maksa\Desktop\диссертация\data\data\segmentation\ImageCAS_CT\ImageCAS-STACOM2025-02-10-2025\segmentations\76.img.nii.gz,122,ImageCAS,unassigned,cardiac_ct,axial,0,public,True,0.46484375,0.46484375
ImageCAS_76,76,static,C:\Users\maksa\Desktop\диссертация\data\data\segmentation\ImageCAS_CT\raw_images\final_extracted\1-200\76.img.nii.gz,C:\Users\maksa\Desktop\диссертация\data\data\segmentation\ImageCAS_CT\ImageCAS-STACOM2025-02-10-2025\segmentations\76.img.nii.gz,152,ImageCAS,unassigned,cardiac_ct,axial,0,public,True,0.46484375,0.46484375
ImageCAS_76,76,static,C:\Users\maksa\Desktop\диссертация\data\data\segmentation\ImageCAS_CT\raw_images\final_extracted\1-200\76.img.nii.gz,C:\Users\maksa\Desktop\диссертация\data\data\segmentation\ImageCAS_CT\ImageCAS-STACOM2025-02-10-2025\segmentations\76.img.nii.gz,183,ImageCAS,unassigned,cardiac_ct,axial,0,public,True,0.46484375,0.46484375
ImageCAS_76,76,static,C:\Users\maksa\Desktop\диссертация\data\data\segmentation\ImageCAS_CT\raw_images\final_extracted\1-200\76.img.nii.gz,C:\Users\maksa\Desktop\диссертация\data\data\segmentation\ImageCAS_CT\ImageCAS-STACOM2025-02-10-2025\segmentations\76.img.nii.gz,213,ImageCAS,unassigned,cardiac_ct,axial,0,public,True,0.46484375,0.46484375
ImageCAS_76,76,static,C:\Users\maksa\Desktop\диссертация\data\data\segmentation\ImageCAS_CT\raw_images\final_extracted\1-200\76.img.nii.gz,C:\Users\maksa\Desktop\диссертация\data\data\segmentation\ImageCAS_CT\ImageCAS-STACOM2025-02-10-2025\segmentations\76.img.nii.gz,244,ImageCAS,unassigned,cardiac_ct,axial,0,public,True,0.46484375,0.46484375
ImageCAS_76,76,static,C:\Users\maksa\Desktop\диссертация\data\data\segmentation\ImageCAS_CT\raw_images\final_extracted\1-200\76.img.nii.gz,C:\Users\maksa\Desktop\диссертация\data\data\segmentation\ImageCAS_CT\ImageCAS-STACOM2025-02-10-2025\segmentations\76.img.nii.gz,274,ImageCAS,unassigned,cardiac_ct,axial,0,public,True,0.46484375,0.46484375
ImageCAS_77,77,static,C:\Users\maksa\Desktop\диссертация\data\data\segmentation\ImageCAS_CT\raw_images\final_extracted\1-200\77.img.nii.gz,C:\Users\maksa\Desktop\диссертация\data\data\segmentation\ImageCAS_CT\ImageCAS-STACOM2025-02-10-2025\segmentations\77.img.nii.gz,0,ImageCAS,unassigned,cardiac_ct,axial,0,public,True,0.37109375,0.37109375
ImageCAS_77,77,static,C:\Users\maksa\Desktop\диссертация\data\data\segmentation\ImageCAS_CT\raw_images\final_extracted\1-200\77.img.nii.gz,C:\Users\maksa\Desktop\диссертация\data\data\segmentation\ImageCAS_CT\ImageCAS-STACOM2025-02-10-2025\segmentations\77.img.nii.gz,29,ImageCAS,unassigned,cardiac_ct,axial,0,public,True,0.37109375,0.37109375
ImageCAS_77,77,static,C:\Users\maksa\Desktop\диссертация\data\data\segmentation\ImageCAS_CT\raw_images\final_extracted\1-200\77.img.nii.gz,C:\Users\maksa\Desktop\диссертация\data\data\segmentation\ImageCAS_CT\ImageCAS-STACOM2025-02-10-2025\segmentations\77.img.nii.gz,58,ImageCAS,unassigned,cardiac_ct,axial,0,public,True,0.37109375,0.37109375
ImageCAS_77,77,static,C:\Users\maksa\Desktop\диссертация\data\data\segmentation\ImageCAS_CT\raw_images\final_extracted\1-200\77.img.nii.gz,C:\Users\maksa\Desktop\диссертация\data\data\segmentation\ImageCAS_CT\ImageCAS-STACOM2025-02-10-2025\segmentations\77.img.nii.gz,87,ImageCAS,unassigned,cardiac_ct,axial,0,public,True,0.37109375,0.37109375
ImageCAS_77,77,static,C:\Users\maksa\Desktop\диссертация\data\data\segmentation\ImageCAS_CT\raw_images\final_extracted\1-200\77.img.nii.gz,C:\Users\maksa\Desktop\диссертация\data\data\segmentation\ImageCAS_CT\ImageCAS-STACOM2025-02-10-2025\segmentations\77.img.nii.gz,116,ImageCAS,unassigned,cardiac_ct,axial,0,public,True,0.37109375,0.37109375
ImageCAS_77,77,static,C:\Users\maksa\Desktop\диссертация\data\data\segmentation\ImageCAS_CT\raw_images\final_extracted\1-200\77.img.nii.gz,C:\Users\maksa\Desktop\диссертация\data\data\segmentation\ImageCAS_CT\ImageCAS-STACOM2025-02-10-2025\segmentations\77.img.nii.gz,144,ImageCAS,unassigned,cardiac_ct,axial,0,public,True,0.37109375,0.37109375
ImageCAS_77,77,static,C:\Users\maksa\Desktop\диссертация\data\data\segmentation\ImageCAS_CT\raw_images\final_extracted\1-200\77.img.nii.gz,C:\Users\maksa\Desktop\диссертация\data\data\segmentation\ImageCAS_CT\ImageCAS-STACOM2025-02-10-2025\segmentations\77.img.nii.gz,173,ImageCAS,unassigned,cardiac_ct,axial,0,public,True,0.37109375,0.37109375
ImageCAS_77,77,static,C:\Users\maksa\Desktop\диссертация\data\data\segmentation\ImageCAS_CT\raw_images\final_extracted\1-200\77.img.nii.gz,C:\Users\maksa\Desktop\диссертация\data\data\segmentation\ImageCAS_CT\ImageCAS-STACOM2025-02-10-2025\segmentations\77.img.nii.gz,202,ImageCAS,unassigned,cardiac_ct,axial,0,public,True,0.37109375,0.37109375
ImageCAS_77,77,static,C:\Users\maksa\Desktop\диссертация\data\data\segmentation\ImageCAS_CT\raw_images\final_extracted\1-200\77.img.nii.gz,C:\Users\maksa\Desktop\диссертация\data\data\segmentation\ImageCAS_CT\ImageCAS-STACOM2025-02-10-2025\segmentations\77.img.nii.gz,231,ImageCAS,unassigned,cardiac_ct,axial,0,public,True,0.37109375,0.37109375
ImageCAS_77,77,static,C:\Users\maksa\Desktop\диссертация\data\data\segmentation\ImageCAS_CT\raw_images\final_extracted\1-200\77.img.nii.gz,C:\Users\maksa\Desktop\диссертация\data\data\segmentation\ImageCAS_CT\ImageCAS-STACOM2025-02-10-2025\segmentations\77.img.nii.gz,260,ImageCAS,unassigned,cardiac_ct,axial,0,public,True,0.37109375,0.37109375
ImageCAS_79,79,static,C:\Users\maksa\Desktop\диссертация\data\data\segmentation\ImageCAS_CT\raw_images\final_extracted\1-200\79.img.nii.gz,C:\Users\maksa\Desktop\диссертация\data\data\segmentation\ImageCAS_CT\ImageCAS-STACOM2025-02-10-2025\segmentations\79.img.nii.gz,0,ImageCAS,unassigned,cardiac_ct,axial,0,public,True,0.365234375,0.365234375
ImageCAS_79,79,static,C:\Users\maksa\Desktop\диссертация\data\data\segmentation\ImageCAS_CT\raw_images\final_extracted\1-200\79.img.nii.gz,C:\Users\maksa\Desktop\диссертация\data\data\segmentation\ImageCAS_CT\ImageCAS-STACOM2025-02-10-2025\segmentations\79.img.nii.gz,30,ImageCAS,unassigned,cardiac_ct,axial,0,public,True,0.365234375,0.365234375
ImageCAS_79,79,static,C:\Users\maksa\Desktop\диссертация\data\data\segmentation\ImageCAS_CT\raw_images\final_extracted\1-200\79.img.nii.gz,C:\Users\maksa\Desktop\диссертация\data\data\segmentation\ImageCAS_CT\ImageCAS-STACOM2025-02-10-2025\segmentations\79.img.nii.gz,61,ImageCAS,unassigned,cardiac_ct,axial,0,public,True,0.365234375,0.365234375
ImageCAS_79,79,static,C:\Users\maksa\Desktop\диссертация\data\data\segmentation\ImageCAS_CT\raw_images\final_extracted\1-200\79.img.nii.gz,C:\Users\maksa\Desktop\диссертация\data\data\segmentation\ImageCAS_CT\ImageCAS-STACOM2025-02-10-2025\segmentations\79.img.nii.gz,91,ImageCAS,unassigned,cardiac_ct,axial,0,public,True,0.365234375,0.365234375
ImageCAS_79,79,static,C:\Users\maksa\Desktop\диссертация\data\data\segmentation\ImageCAS_CT\raw_images\final_extracted\1-200\79.img.nii.gz,C:\Users\maksa\Desktop\диссертация\data\data\segmentation\ImageCAS_CT\ImageCAS-STACOM2025-02-10-2025\segmentations\79.img.nii.gz,122,ImageCAS,unassigned,cardiac_ct,axial,0,public,True,0.365234375,0.365234375
ImageCAS_79,79,static,C:\Users\maksa\Desktop\диссертация\data\data\segmentation\ImageCAS_CT\raw_images\final_extracted\1-200\79.img.nii.gz,C:\Users\maksa\Desktop\диссертация\data\data\segmentation\ImageCAS_CT\ImageCAS-STACOM2025-02-10-2025\segmentations\79.img.nii.gz,152,ImageCAS,unassigned,cardiac_ct,axial,0,public,True,0.365234375,0.365234375
ImageCAS_79,79,static,C:\Users\maksa\Desktop\диссертация\data\data\segmentation\ImageCAS_CT\raw_images\final_extracted\1-200\79.img.nii.gz,C:\Users\maksa\Desktop\диссертация\data\data\segmentation\ImageCAS_CT\ImageCAS-STACOM2025-02-10-2025\segmentations\79.img.nii.gz,183,ImageCAS,unassigned,cardiac_ct,axial,0,public,True,0.365234375,0.365234375
ImageCAS_79,79,static,C:\Users\maksa\Desktop\диссертация\data\data\segmentation\ImageCAS_CT\raw_images\final_extracted\1-200\79.img.nii.gz,C:\Users\maksa\Desktop\диссертация\data\data\segmentation\ImageCAS_CT\ImageCAS-STACOM2025-02-10-2025\segmentations\79.img.nii.gz,213,ImageCAS,unassigned,cardiac_ct,axial,0,public,True,0.365234375,0.365234375
ImageCAS_79,79,static,C:\Users\maksa\Desktop\диссертация\data\data\segmentation\ImageCAS_CT\raw_images\final_extracted\1-200\79.img.nii.gz,C:\Users\maksa\Desktop\диссертация\data\data\segmentation\ImageCAS_CT\ImageCAS-STACOM2025-02-10-2025\segmentations\79.img.nii.gz,244,ImageCAS,unassigned,cardiac_ct,axial,0,public,True,0.365234375,0.365234375
ImageCAS_79,79,static,C:\Users\maksa\Desktop\диссертация\data\data\segmentation\ImageCAS_CT\raw_images\final_extracted\1-200\79.img.nii.gz,C:\Users\maksa\Desktop\диссертация\data\data\segmentation\ImageCAS_CT\ImageCAS-STACOM2025-02-10-2025\segmentations\79.img.nii.gz,274,ImageCAS,unassigned,cardiac_ct,axial,0,public,True,0.365234375,0.365234375
ImageCAS_8,8,static,C:\Users\maksa\Desktop\диссертация\data\data\segmentation\ImageCAS_CT\raw_images\final_extracted\1-200\8.img.nii.gz,C:\Users\maksa\Desktop\диссертация\data\data\segmentation\ImageCAS_CT\ImageCAS-STACOM2025-02-10-2025\segmentations\8.img.nii.gz,0,ImageCAS,unassigned,cardiac_ct,axial,0,public,True,0.318359375,0.318359375
ImageCAS_8,8,static,C:\Users\maksa\Desktop\диссертация\data\data\segmentation\ImageCAS_CT\raw_images\final_extracted\1-200\8.img.nii.gz,C:\Users\maksa\Desktop\диссертация\data\data\segmentation\ImageCAS_CT\ImageCAS-STACOM2025-02-10-2025\segmentations\8.img.nii.gz,30,ImageCAS,unassigned,cardiac_ct,axial,0,public,True,0.318359375,0.318359375
ImageCAS_8,8,static,C:\Users\maksa\Desktop\диссертация\data\data\segmentation\ImageCAS_CT\raw_images\final_extracted\1-200\8.img.nii.gz,C:\Users\maksa\Desktop\диссертация\data\data\segmentation\ImageCAS_CT\ImageCAS-STACOM2025-02-10-2025\segmentations\8.img.nii.gz,61,ImageCAS,unassigned,cardiac_ct,axial,0,public,True,0.318359375,0.318359375
ImageCAS_8,8,static,C:\Users\maksa\Desktop\диссертация\data\data\segmentation\ImageCAS_CT\raw_images\final_extracted\1-200\8.img.nii.gz,C:\Users\maksa\Desktop\диссертация\data\data\segmentation\ImageCAS_CT\ImageCAS-STACOM2025-02-10-2025\segmentations\8.img.nii.gz,91,ImageCAS,unassigned,cardiac_ct,axial,0,public,True,0.318359375,0.318359375
ImageCAS_8,8,static,C:\Users\maksa\Desktop\диссертация\data\data\segmentation\ImageCAS_CT\raw_images\final_extracted\1-200\8.img.nii.gz,C:\Users\maksa\Desktop\диссертация\data\data\segmentation\ImageCAS_CT\ImageCAS-STACOM2025-02-10-2025\segmentations\8.img.nii.gz,122,ImageCAS,unassigned,cardiac_ct,axial,0,public,True,0.318359375,0.318359375
ImageCAS_8,8,static,C:\Users\maksa\Desktop\диссертация\data\data\segmentation\ImageCAS_CT\raw_images\final_extracted\1-200\8.img.nii.gz,C:\Users\maksa\Desktop\диссертация\data\data\segmentation\ImageCAS_CT\ImageCAS-STACOM2025-02-10-2025\segmentations\8.img.nii.gz,152,ImageCAS,unassigned,cardiac_ct,axial,0,public,True,0.318359375,0.318359375
ImageCAS_8,8,static,C:\Users\maksa\Desktop\диссертация\data\data\segmentation\ImageCAS_CT\raw_images\final_extracted\1-200\8.img.nii.gz,C:\Users\maksa\Desktop\диссертация\data\data\segmentation\ImageCAS_CT\ImageCAS-STACOM2025-02-10-2025\segmentations\8.img.nii.gz,183,ImageCAS,unassigned,cardiac_ct,axial,0,public,True,0.318359375,0.318359375
ImageCAS_8,8,static,C:\Users\maksa\Desktop\диссертация\data\data\segmentation\ImageCAS_CT\raw_images\final_extracted\1-200\8.img.nii.gz,C:\Users\maksa\Desktop\диссертация\data\data\segmentation\ImageCAS_CT\ImageCAS-STACOM2025-02-10-2025\segmentations\8.img.nii.gz,213,ImageCAS,unassigned,cardiac_ct,axial,0,public,True,0.318359375,0.318359375
ImageCAS_8,8,static,C:\Users\maksa\Desktop\диссертация\data\data\segmentation\ImageCAS_CT\raw_images\final_extracted\1-200\8.img.nii.gz,C:\Users\maksa\Desktop\диссертация\data\data\segmentation\ImageCAS_CT\ImageCAS-STACOM2025-02-10-2025\segmentations\8.img.nii.gz,244,ImageCAS,unassigned,cardiac_ct,axial,0,public,True,0.318359375,0.318359375
ImageCAS_8,8,static,C:\Users\maksa\Desktop\диссертация\data\data\segmentation\ImageCAS_CT\raw_images\final_extracted\1-200\8.img.nii.gz,C:\Users\maksa\Desktop\диссертация\data\data\segmentation\ImageCAS_CT\ImageCAS-STACOM2025-02-10-2025\segmentations\8.img.nii.gz,274,ImageCAS,unassigned,cardiac_ct,axial,0,public,True,0.318359375,0.318359375
ImageCAS_80,80,static,C:\Users\maksa\Desktop\диссертация\data\data\segmentation\ImageCAS_CT\raw_images\final_extracted\1-200\80.img.nii.gz,C:\Users\maksa\Desktop\диссертация\data\data\segmentation\ImageCAS_CT\ImageCAS-STACOM2025-02-10-2025\segmentations\80.img.nii.gz,0,ImageCAS,unassigned,cardiac_ct,axial,0,public,True,0.318359375,0.318359375
ImageCAS_80,80,static,C:\Users\maksa\Desktop\диссертация\data\data\segmentation\ImageCAS_CT\raw_images\final_extracted\1-200\80.img.nii.gz,C:\Users\maksa\Desktop\диссертация\data\data\segmentation\ImageCAS_CT\ImageCAS-STACOM2025-02-10-2025\segmentations\80.img.nii.gz,30,ImageCAS,unassigned,cardiac_ct,axial,0,public,True,0.318359375,0.318359375
ImageCAS_80,80,static,C:\Users\maksa\Desktop\диссертация\data\data\segmentation\ImageCAS_CT\raw_images\final_extracted\1-200\80.img.nii.gz,C:\Users\maksa\Desktop\диссертация\data\data\segmentation\ImageCAS_CT\ImageCAS-STACOM2025-02-10-2025\segmentations\80.img.nii.gz,61,ImageCAS,unassigned,cardiac_ct,axial,0,public,True,0.318359375,0.318359375
ImageCAS_80,80,static,C:\Users\maksa\Desktop\диссертация\data\data\segmentation\ImageCAS_CT\raw_images\final_extracted\1-200\80.img.nii.gz,C:\Users\maksa\Desktop\диссертация\data\data\segmentation\ImageCAS_CT\ImageCAS-STACOM2025-02-10-2025\segmentations\80.img.nii.gz,91,ImageCAS,unassigned,cardiac_ct,axial,0,public,True,0.318359375,0.318359375
ImageCAS_80,80,static,C:\Users\maksa\Desktop\диссертация\data\data\segmentation\ImageCAS_CT\raw_images\final_extracted\1-200\80.img.nii.gz,C:\Users\maksa\Desktop\диссертация\data\data\segmentation\ImageCAS_CT\ImageCAS-STACOM2025-02-10-2025\segmentations\80.img.nii.gz,122,ImageCAS,unassigned,cardiac_ct,axial,0,public,True,0.318359375,0.318359375
ImageCAS_80,80,static,C:\Users\maksa\Desktop\диссертация\data\data\segmentation\ImageCAS_CT\raw_images\final_extracted\1-200\80.img.nii.gz,C:\Users\maksa\Desktop\диссертация\data\data\segmentation\ImageCAS_CT\ImageCAS-STACOM2025-02-10-2025\segmentations\80.img.nii.gz,152,ImageCAS,unassigned,cardiac_ct,axial,0,public,True,0.318359375,0.318359375
ImageCAS_80,80,static,C:\Users\maksa\Desktop\диссертация\data\data\segmentation\ImageCAS_CT\raw_images\final_extracted\1-200\80.img.nii.gz,C:\Users\maksa\Desktop\диссертация\data\data\segmentation\ImageCAS_CT\ImageCAS-STACOM2025-02-10-2025\segmentations\80.img.nii.gz,183,ImageCAS,unassigned,cardiac_ct,axial,0,public,True,0.318359375,0.318359375
ImageCAS_80,80,static,C:\Users\maksa\Desktop\диссертация\data\data\segmentation\ImageCAS_CT\raw_images\final_extracted\1-200\80.img.nii.gz,C:\Users\maksa\Desktop\диссертация\data\data\segmentation\ImageCAS_CT\ImageCAS-STACOM2025-02-10-2025\segmentations\80.img.nii.gz,213,ImageCAS,unassigned,cardiac_ct,axial,0,public,True,0.318359375,0.318359375
ImageCAS_80,80,static,C:\Users\maksa\Desktop\диссертация\data\data\segmentation\ImageCAS_CT\raw_images\final_extracted\1-200\80.img.nii.gz,C:\Users\maksa\Desktop\диссертация\data\data\segmentation\ImageCAS_CT\ImageCAS-STACOM2025-02-10-2025\segmentations\80.img.nii.gz,244,ImageCAS,unassigned,cardiac_ct,axial,0,public,True,0.318359375,0.318359375
ImageCAS_80,80,static,C:\Users\maksa\Desktop\диссертация\data\data\segmentation\ImageCAS_CT\raw_images\final_extracted\1-200\80.img.nii.gz,C:\Users\maksa\Desktop\диссертация\data\data\segmentation\ImageCAS_CT\ImageCAS-STACOM2025-02-10-2025\segmentations\80.img.nii.gz,274,ImageCAS,unassigned,cardiac_ct,axial,0,public,True,0.318359375,0.318359375
ImageCAS_81,81,static,C:\Users\maksa\Desktop\диссертация\data\data\segmentation\ImageCAS_CT\raw_images\final_extracted\1-200\81.img.nii.gz,C:\Users\maksa\Desktop\диссертация\data\data\segmentation\ImageCAS_CT\ImageCAS-STACOM2025-02-10-2025\segmentations\81.img.nii.gz,0,ImageCAS,unassigned,cardiac_ct,axial,0,public,True,0.345703125,0.345703125
ImageCAS_81,81,static,C:\Users\maksa\Desktop\диссертация\data\data\segmentation\ImageCAS_CT\raw_images\final_extracted\1-200\81.img.nii.gz,C:\Users\maksa\Desktop\диссертация\data\data\segmentation\ImageCAS_CT\ImageCAS-STACOM2025-02-10-2025\segmentations\81.img.nii.gz,29,ImageCAS,unassigned,cardiac_ct,axial,0,public,True,0.345703125,0.345703125
ImageCAS_81,81,static,C:\Users\maksa\Desktop\диссертация\data\data\segmentation\ImageCAS_CT\raw_images\final_extracted\1-200\81.img.nii.gz,C:\Users\maksa\Desktop\диссертация\data\data\segmentation\ImageCAS_CT\ImageCAS-STACOM2025-02-10-2025\segmentations\81.img.nii.gz,58,ImageCAS,unassigned,cardiac_ct,axial,0,public,True,0.345703125,0.345703125
ImageCAS_81,81,static,C:\Users\maksa\Desktop\диссертация\data\data\segmentation\ImageCAS_CT\raw_images\final_extracted\1-200\81.img.nii.gz,C:\Users\maksa\Desktop\диссертация\data\data\segmentation\ImageCAS_CT\ImageCAS-STACOM2025-02-10-2025\segmentations\81.img.nii.gz,87,ImageCAS,unassigned,cardiac_ct,axial,0,public,True,0.345703125,0.345703125
ImageCAS_81,81,static,C:\Users\maksa\Desktop\диссертация\data\data\segmentation\ImageCAS_CT\raw_images\final_extracted\1-200\81.img.nii.gz,C:\Users\maksa\Desktop\диссертация\data\data\segmentation\ImageCAS_CT\ImageCAS-STACOM2025-02-10-2025\segmentations\81.img.nii.gz,116,ImageCAS,unassigned,cardiac_ct,axial,0,public,True,0.345703125,0.345703125
ImageCAS_81,81,static,C:\Users\maksa\Desktop\диссертация\data\data\segmentation\ImageCAS_CT\raw_images\final_extracted\1-200\81.img.nii.gz,C:\Users\maksa\Desktop\диссертация\data\data\segmentation\ImageCAS_CT\ImageCAS-STACOM2025-02-10-2025\segmentations\81.img.nii.gz,144,ImageCAS,unassigned,cardiac_ct,axial,0,public,True,0.345703125,0.345703125
ImageCAS_81,81,static,C:\Users\maksa\Desktop\диссертация\data\data\segmentation\ImageCAS_CT\raw_images\final_extracted\1-200\81.img.nii.gz,C:\Users\maksa\Desktop\диссертация\data\data\segmentation\ImageCAS_CT\ImageCAS-STACOM2025-02-10-2025\segmentations\81.img.nii.gz,173,ImageCAS,unassigned,cardiac_ct,axial,0,public,True,0.345703125,0.345703125
ImageCAS_81,81,static,C:\Users\maksa\Desktop\диссертация\data\data\segmentation\ImageCAS_CT\raw_images\final_extracted\1-200\81.img.nii.gz,C:\Users\maksa\Desktop\диссертация\data\data\segmentation\ImageCAS_CT\ImageCAS-STACOM2025-02-10-2025\segmentations\81.img.nii.gz,202,ImageCAS,unassigned,cardiac_ct,axial,0,public,True,0.345703125,0.345703125
ImageCAS_81,81,static,C:\Users\maksa\Desktop\диссертация\data\data\segmentation\ImageCAS_CT\raw_images\final_extracted\1-200\81.img.nii.gz,C:\Users\maksa\Desktop\диссертация\data\data\segmentation\ImageCAS_CT\ImageCAS-STACOM2025-02-10-2025\segmentations\81.img.nii.gz,231,ImageCAS,unassigned,cardiac_ct,axial,0,public,True,0.345703125,0.345703125
ImageCAS_81,81,static,C:\Users\maksa\Desktop\диссертация\data\data\segmentation\ImageCAS_CT\raw_images\final_extracted\1-200\81.img.nii.gz,C:\Users\maksa\Desktop\диссертация\data\data\segmentation\ImageCAS_CT\ImageCAS-STACOM2025-02-10-2025\segmentations\81.img.nii.gz,260,ImageCAS,unassigned,cardiac_ct,axial,0,public,True,0.345703125,0.345703125
ImageCAS_82,82,static,C:\Users\maksa\Desktop\диссертация\data\data\segmentation\ImageCAS_CT\raw_images\final_extracted\1-200\82.img.nii.gz,C:\Users\maksa\Desktop\диссертация\data\data\segmentation\ImageCAS_CT\ImageCAS-STACOM2025-02-10-2025\segmentations\82.img.nii.gz,0,ImageCAS,unassigned,cardiac_ct,axial,0,public,True,0.35546875,0.35546875
ImageCAS_82,82,static,C:\Users\maksa\Desktop\диссертация\data\data\segmentation\ImageCAS_CT\raw_images\final_extracted\1-200\82.img.nii.gz,C:\Users\maksa\Desktop\диссертация\data\data\segmentation\ImageCAS_CT\ImageCAS-STACOM2025-02-10-2025\segmentations\82.img.nii.gz,30,ImageCAS,unassigned,cardiac_ct,axial,0,public,True,0.35546875,0.35546875
ImageCAS_82,82,static,C:\Users\maksa\Desktop\диссертация\data\data\segmentation\ImageCAS_CT\raw_images\final_extracted\1-200\82.img.nii.gz,C:\Users\maksa\Desktop\диссертация\data\data\segmentation\ImageCAS_CT\ImageCAS-STACOM2025-02-10-2025\segmentations\82.img.nii.gz,61,ImageCAS,unassigned,cardiac_ct,axial,0,public,True,0.35546875,0.35546875
ImageCAS_82,82,static,C:\Users\maksa\Desktop\диссертация\data\data\segmentation\ImageCAS_CT\raw_images\final_extracted\1-200\82.img.nii.gz,C:\Users\maksa\Desktop\диссертация\data\data\segmentation\ImageCAS_CT\ImageCAS-STACOM2025-02-10-2025\segmentations\82.img.nii.gz,91,ImageCAS,unassigned,cardiac_ct,axial,0,public,True,0.35546875,0.35546875
ImageCAS_82,82,static,C:\Users\maksa\Desktop\диссертация\data\data\segmentation\ImageCAS_CT\raw_images\final_extracted\1-200\82.img.nii.gz,C:\Users\maksa\Desktop\диссертация\data\data\segmentation\ImageCAS_CT\ImageCAS-STACOM2025-02-10-2025\segmentations\82.img.nii.gz,122,ImageCAS,unassigned,cardiac_ct,axial,0,public,True,0.35546875,0.35546875
ImageCAS_82,82,static,C:\Users\maksa\Desktop\диссертация\data\data\segmentation\ImageCAS_CT\raw_images\final_extracted\1-200\82.img.nii.gz,C:\Users\maksa\Desktop\диссертация\data\data\segmentation\ImageCAS_CT\ImageCAS-STACOM2025-02-10-2025\segmentations\82.img.nii.gz,152,ImageCAS,unassigned,cardiac_ct,axial,0,public,True,0.35546875,0.35546875
ImageCAS_82,82,static,C:\Users\maksa\Desktop\диссертация\data\data\segmentation\ImageCAS_CT\raw_images\final_extracted\1-200\82.img.nii.gz,C:\Users\maksa\Desktop\диссертация\data\data\segmentation\ImageCAS_CT\ImageCAS-STACOM2025-02-10-2025\segmentations\82.img.nii.gz,183,ImageCAS,unassigned,cardiac_ct,axial,0,public,True,0.35546875,0.35546875
ImageCAS_82,82,static,C:\Users\maksa\Desktop\диссертация\data\data\segmentation\ImageCAS_CT\raw_images\final_extracted\1-200\82.img.nii.gz,C:\Users\maksa\Desktop\диссертация\data\data\segmentation\ImageCAS_CT\ImageCAS-STACOM2025-02-10-2025\segmentations\82.img.nii.gz,213,ImageCAS,unassigned,cardiac_ct,axial,0,public,True,0.35546875,0.35546875
ImageCAS_82,82,static,C:\Users\maksa\Desktop\диссертация\data\data\segmentation\ImageCAS_CT\raw_images\final_extracted\1-200\82.img.nii.gz,C:\Users\maksa\Desktop\диссертация\data\data\segmentation\ImageCAS_CT\ImageCAS-STACOM2025-02-10-2025\segmentations\82.img.nii.gz,244,ImageCAS,unassigned,cardiac_ct,axial,0,public,True,0.35546875,0.35546875
ImageCAS_82,82,static,C:\Users\maksa\Desktop\диссертация\data\data\segmentation\ImageCAS_CT\raw_images\final_extracted\1-200\82.img.nii.gz,C:\Users\maksa\Desktop\диссертация\data\data\segmentation\ImageCAS_CT\ImageCAS-STACOM2025-02-10-2025\segmentations\82.img.nii.gz,274,ImageCAS,unassigned,cardiac_ct,axial,0,public,True,0.35546875,0.35546875
ImageCAS_86,86,static,C:\Users\maksa\Desktop\диссертация\data\data\segmentation\ImageCAS_CT\raw_images\final_extracted\1-200\86.img.nii.gz,C:\Users\maksa\Desktop\диссертация\data\data\segmentation\ImageCAS_CT\ImageCAS-STACOM2025-02-10-2025\segmentations\86.img.nii.gz,0,ImageCAS,unassigned,cardiac_ct,axial,0,public,True,0.359375,0.359375
ImageCAS_86,86,static,C:\Users\maksa\Desktop\диссертация\data\data\segmentation\ImageCAS_CT\raw_images\final_extracted\1-200\86.img.nii.gz,C:\Users\maksa\Desktop\диссертация\data\data\segmentation\ImageCAS_CT\ImageCAS-STACOM2025-02-10-2025\segmentations\86.img.nii.gz,27,ImageCAS,unassigned,cardiac_ct,axial,0,public,True,0.359375,0.359375
ImageCAS_86,86,static,C:\Users\maksa\Desktop\диссертация\data\data\segmentation\ImageCAS_CT\raw_images\final_extracted\1-200\86.img.nii.gz,C:\Users\maksa\Desktop\диссертация\data\data\segmentation\ImageCAS_CT\ImageCAS-STACOM2025-02-10-2025\segmentations\86.img.nii.gz,55,ImageCAS,unassigned,cardiac_ct,axial,0,public,True,0.359375,0.359375
ImageCAS_86,86,static,C:\Users\maksa\Desktop\диссертация\data\data\segmentation\ImageCAS_CT\raw_images\final_extracted\1-200\86.img.nii.gz,C:\Users\maksa\Desktop\диссертация\data\data\segmentation\ImageCAS_CT\ImageCAS-STACOM2025-02-10-2025\segmentations\86.img.nii.gz,82,ImageCAS,unassigned,cardiac_ct,axial,0,public,True,0.359375,0.359375
ImageCAS_86,86,static,C:\Users\maksa\Desktop\диссертация\data\data\segmentation\ImageCAS_CT\raw_images\final_extracted\1-200\86.img.nii.gz,C:\Users\maksa\Desktop\диссертация\data\data\segmentation\ImageCAS_CT\ImageCAS-STACOM2025-02-10-2025\segmentations\86.img.nii.gz,110,ImageCAS,unassigned,cardiac_ct,axial,0,public,True,0.359375,0.359375
ImageCAS_86,86,static,C:\Users\maksa\Desktop\диссертация\data\data\segmentation\ImageCAS_CT\raw_images\final_extracted\1-200\86.img.nii.gz,C:\Users\maksa\Desktop\диссертация\data\data\segmentation\ImageCAS_CT\ImageCAS-STACOM2025-02-10-2025\segmentations\86.img.nii.gz,137,ImageCAS,unassigned,cardiac_ct,axial,0,public,True,0.359375,0.359375
ImageCAS_86,86,static,C:\Users\maksa\Desktop\диссертация\data\data\segmentation\ImageCAS_CT\raw_images\final_extracted\1-200\86.img.nii.gz,C:\Users\maksa\Desktop\диссертация\data\data\segmentation\ImageCAS_CT\ImageCAS-STACOM2025-02-10-2025\segmentations\86.img.nii.gz,165,ImageCAS,unassigned,cardiac_ct,axial,0,public,True,0.359375,0.359375
ImageCAS_86,86,static,C:\Users\maksa\Desktop\диссертация\data\data\segmentation\ImageCAS_CT\raw_images\final_extracted\1-200\86.img.nii.gz,C:\Users\maksa\Desktop\диссертация\data\data\segmentation\ImageCAS_CT\ImageCAS-STACOM2025-02-10-2025\segmentations\86.img.nii.gz,192,ImageCAS,unassigned,cardiac_ct,axial,0,public,True,0.359375,0.359375
ImageCAS_86,86,static,C:\Users\maksa\Desktop\диссертация\data\data\segmentation\ImageCAS_CT\raw_images\final_extracted\1-200\86.img.nii.gz,C:\Users\maksa\Desktop\диссертация\data\data\segmentation\ImageCAS_CT\ImageCAS-STACOM2025-02-10-2025\segmentations\86.img.nii.gz,220,ImageCAS,unassigned,cardiac_ct,axial,0,public,True,0.359375,0.359375
ImageCAS_86,86,static,C:\Users\maksa\Desktop\диссертация\data\data\segmentation\ImageCAS_CT\raw_images\final_extracted\1-200\86.img.nii.gz,C:\Users\maksa\Desktop\диссертация\data\data\segmentation\ImageCAS_CT\ImageCAS-STACOM2025-02-10-2025\segmentations\86.img.nii.gz,247,ImageCAS,unassigned,cardiac_ct,axial,0,public,True,0.359375,0.359375
ImageCAS_87,87,static,C:\Users\maksa\Desktop\диссертация\data\data\segmentation\ImageCAS_CT\raw_images\final_extracted\1-200\87.img.nii.gz,C:\Users\maksa\Desktop\диссертация\data\data\segmentation\ImageCAS_CT\ImageCAS-STACOM2025-02-10-2025\segmentations\87.img.nii.gz,0,ImageCAS,unassigned,cardiac_ct,axial,0,public,True,0.318359375,0.318359375
ImageCAS_87,87,static,C:\Users\maksa\Desktop\диссертация\data\data\segmentation\ImageCAS_CT\raw_images\final_extracted\1-200\87.img.nii.gz,C:\Users\maksa\Desktop\диссертация\data\data\segmentation\ImageCAS_CT\ImageCAS-STACOM2025-02-10-2025\segmentations\87.img.nii.gz,30,ImageCAS,unassigned,cardiac_ct,axial,0,public,True,0.318359375,0.318359375
ImageCAS_87,87,static,C:\Users\maksa\Desktop\диссертация\data\data\segmentation\ImageCAS_CT\raw_images\final_extracted\1-200\87.img.nii.gz,C:\Users\maksa\Desktop\диссертация\data\data\segmentation\ImageCAS_CT\ImageCAS-STACOM2025-02-10-2025\segmentations\87.img.nii.gz,61,ImageCAS,unassigned,cardiac_ct,axial,0,public,True,0.318359375,0.318359375
ImageCAS_87,87,static,C:\Users\maksa\Desktop\диссертация\data\data\segmentation\ImageCAS_CT\raw_images\final_extracted\1-200\87.img.nii.gz,C:\Users\maksa\Desktop\диссертация\data\data\segmentation\ImageCAS_CT\ImageCAS-STACOM2025-02-10-2025\segmentations\87.img.nii.gz,91,ImageCAS,unassigned,cardiac_ct,axial,0,public,True,0.318359375,0.318359375
ImageCAS_87,87,static,C:\Users\maksa\Desktop\диссертация\data\data\segmentation\ImageCAS_CT\raw_images\final_extracted\1-200\87.img.nii.gz,C:\Users\maksa\Desktop\диссертация\data\data\segmentation\ImageCAS_CT\ImageCAS-STACOM2025-02-10-2025\segmentations\87.img.nii.gz,122,ImageCAS,unassigned,cardiac_ct,axial,0,public,True,0.318359375,0.318359375
ImageCAS_87,87,static,C:\Users\maksa\Desktop\диссертация\data\data\segmentation\ImageCAS_CT\raw_images\final_extracted\1-200\87.img.nii.gz,C:\Users\maksa\Desktop\диссертация\data\data\segmentation\ImageCAS_CT\ImageCAS-STACOM2025-02-10-2025\segmentations\87.img.nii.gz,152,ImageCAS,unassigned,cardiac_ct,axial,0,public,True,0.318359375,0.318359375
ImageCAS_87,87,static,C:\Users\maksa\Desktop\диссертация\data\data\segmentation\ImageCAS_CT\raw_images\final_extracted\1-200\87.img.nii.gz,C:\Users\maksa\Desktop\диссертация\data\data\segmentation\ImageCAS_CT\ImageCAS-STACOM2025-02-10-2025\segmentations\87.img.nii.gz,183,ImageCAS,unassigned,cardiac_ct,axial,0,public,True,0.318359375,0.318359375
ImageCAS_87,87,static,C:\Users\maksa\Desktop\диссертация\data\data\segmentation\ImageCAS_CT\raw_images\final_extracted\1-200\87.img.nii.gz,C:\Users\maksa\Desktop\диссертация\data\data\segmentation\ImageCAS_CT\ImageCAS-STACOM2025-02-10-2025\segmentations\87.img.nii.gz,213,ImageCAS,unassigned,cardiac_ct,axial,0,public,True,0.318359375,0.318359375
ImageCAS_87,87,static,C:\Users\maksa\Desktop\диссертация\data\data\segmentation\ImageCAS_CT\raw_images\final_extracted\1-200\87.img.nii.gz,C:\Users\maksa\Desktop\диссертация\data\data\segmentation\ImageCAS_CT\ImageCAS-STACOM2025-02-10-2025\segmentations\87.img.nii.gz,244,ImageCAS,unassigned,cardiac_ct,axial,0,public,True,0.318359375,0.318359375
ImageCAS_87,87,static,C:\Users\maksa\Desktop\диссертация\data\data\segmentation\ImageCAS_CT\raw_images\final_extracted\1-200\87.img.nii.gz,C:\Users\maksa\Desktop\диссертация\data\data\segmentation\ImageCAS_CT\ImageCAS-STACOM2025-02-10-2025\segmentations\87.img.nii.gz,274,ImageCAS,unassigned,cardiac_ct,axial,0,public,True,0.318359375,0.318359375
ImageCAS_88,88,static,C:\Users\maksa\Desktop\диссертация\data\data\segmentation\ImageCAS_CT\raw_images\final_extracted\1-200\88.img.nii.gz,C:\Users\maksa\Desktop\диссертация\data\data\segmentation\ImageCAS_CT\ImageCAS-STACOM2025-02-10-2025\segmentations\88.img.nii.gz,0,ImageCAS,unassigned,cardiac_ct,axial,0,public,True,0.318359375,0.318359375
ImageCAS_88,88,static,C:\Users\maksa\Desktop\диссертация\data\data\segmentation\ImageCAS_CT\raw_images\final_extracted\1-200\88.img.nii.gz,C:\Users\maksa\Desktop\диссертация\data\data\segmentation\ImageCAS_CT\ImageCAS-STACOM2025-02-10-2025\segmentations\88.img.nii.gz,27,ImageCAS,unassigned,cardiac_ct,axial,0,public,True,0.318359375,0.318359375
ImageCAS_88,88,static,C:\Users\maksa\Desktop\диссертация\data\data\segmentation\ImageCAS_CT\raw_images\final_extracted\1-200\88.img.nii.gz,C:\Users\maksa\Desktop\диссертация\data\data\segmentation\ImageCAS_CT\ImageCAS-STACOM2025-02-10-2025\segmentations\88.img.nii.gz,54,ImageCAS,unassigned,cardiac_ct,axial,0,public,True,0.318359375,0.318359375
ImageCAS_88,88,static,C:\Users\maksa\Desktop\диссертация\data\data\segmentation\ImageCAS_CT\raw_images\final_extracted\1-200\88.img.nii.gz,C:\Users\maksa\Desktop\диссертация\data\data\segmentation\ImageCAS_CT\ImageCAS-STACOM2025-02-10-2025\segmentations\88.img.nii.gz,81,ImageCAS,unassigned,cardiac_ct,axial,0,public,True,0.318359375,0.318359375
ImageCAS_88,88,static,C:\Users\maksa\Desktop\диссертация\data\data\segmentation\ImageCAS_CT\raw_images\final_extracted\1-200\88.img.nii.gz,C:\Users\maksa\Desktop\диссертация\data\data\segmentation\ImageCAS_CT\ImageCAS-STACOM2025-02-10-2025\segmentations\88.img.nii.gz,108,ImageCAS,unassigned,cardiac_ct,axial,0,public,True,0.318359375,0.318359375
ImageCAS_88,88,static,C:\Users\maksa\Desktop\диссертация\data\data\segmentation\ImageCAS_CT\raw_images\final_extracted\1-200\88.img.nii.gz,C:\Users\maksa\Desktop\диссертация\data\data\segmentation\ImageCAS_CT\ImageCAS-STACOM2025-02-10-2025\segmentations\88.img.nii.gz,134,ImageCAS,unassigned,cardiac_ct,axial,0,public,True,0.318359375,0.318359375
ImageCAS_88,88,static,C:\Users\maksa\Desktop\диссертация\data\data\segmentation\ImageCAS_CT\raw_images\final_extracted\1-200\88.img.nii.gz,C:\Users\maksa\Desktop\диссертация\data\data\segmentation\ImageCAS_CT\ImageCAS-STACOM2025-02-10-2025\segmentations\88.img.nii.gz,161,ImageCAS,unassigned,cardiac_ct,axial,0,public,True,0.318359375,0.318359375
ImageCAS_88,88,static,C:\Users\maksa\Desktop\диссертация\data\data\segmentation\ImageCAS_CT\raw_images\final_extracted\1-200\88.img.nii.gz,C:\Users\maksa\Desktop\диссертация\data\data\segmentation\ImageCAS_CT\ImageCAS-STACOM2025-02-10-2025\segmentations\88.img.nii.gz,188,ImageCAS,unassigned,cardiac_ct,axial,0,public,True,0.318359375,0.318359375
ImageCAS_88,88,static,C:\Users\maksa\Desktop\диссертация\data\data\segmentation\ImageCAS_CT\raw_images\final_extracted\1-200\88.img.nii.gz,C:\Users\maksa\Desktop\диссертация\data\data\segmentation\ImageCAS_CT\ImageCAS-STACOM2025-02-10-2025\segmentations\88.img.nii.gz,215,ImageCAS,unassigned,cardiac_ct,axial,0,public,True,0.318359375,0.318359375
ImageCAS_88,88,static,C:\Users\maksa\Desktop\диссертация\data\data\segmentation\ImageCAS_CT\raw_images\final_extracted\1-200\88.img.nii.gz,C:\Users\maksa\Desktop\диссертация\data\data\segmentation\ImageCAS_CT\ImageCAS-STACOM2025-02-10-2025\segmentations\88.img.nii.gz,242,ImageCAS,unassigned,cardiac_ct,axial,0,public,True,0.318359375,0.318359375
ImageCAS_89,89,static,C:\Users\maksa\Desktop\диссертация\data\data\segmentation\ImageCAS_CT\raw_images\final_extracted\1-200\89.img.nii.gz,C:\Users\maksa\Desktop\диссертация\data\data\segmentation\ImageCAS_CT\ImageCAS-STACOM2025-02-10-2025\segmentations\89.img.nii.gz,0,ImageCAS,unassigned,cardiac_ct,axial,0,public,True,0.330078125,0.330078125
ImageCAS_89,89,static,C:\Users\maksa\Desktop\диссертация\data\data\segmentation\ImageCAS_CT\raw_images\final_extracted\1-200\89.img.nii.gz,C:\Users\maksa\Desktop\диссертация\data\data\segmentation\ImageCAS_CT\ImageCAS-STACOM2025-02-10-2025\segmentations\89.img.nii.gz,30,ImageCAS,unassigned,cardiac_ct,axial,0,public,True,0.330078125,0.330078125
ImageCAS_89,89,static,C:\Users\maksa\Desktop\диссертация\data\data\segmentation\ImageCAS_CT\raw_images\final_extracted\1-200\89.img.nii.gz,C:\Users\maksa\Desktop\диссертация\data\data\segmentation\ImageCAS_CT\ImageCAS-STACOM2025-02-10-2025\segmentations\89.img.nii.gz,61,ImageCAS,unassigned,cardiac_ct,axial,0,public,True,0.330078125,0.330078125
ImageCAS_89,89,static,C:\Users\maksa\Desktop\диссертация\data\data\segmentation\ImageCAS_CT\raw_images\final_extracted\1-200\89.img.nii.gz,C:\Users\maksa\Desktop\диссертация\data\data\segmentation\ImageCAS_CT\ImageCAS-STACOM2025-02-10-2025\segmentations\89.img.nii.gz,91,ImageCAS,unassigned,cardiac_ct,axial,0,public,True,0.330078125,0.330078125
ImageCAS_89,89,static,C:\Users\maksa\Desktop\диссертация\data\data\segmentation\ImageCAS_CT\raw_images\final_extracted\1-200\89.img.nii.gz,C:\Users\maksa\Desktop\диссертация\data\data\segmentation\ImageCAS_CT\ImageCAS-STACOM2025-02-10-2025\segmentations\89.img.nii.gz,122,ImageCAS,unassigned,cardiac_ct,axial,0,public,True,0.330078125,0.330078125
ImageCAS_89,89,static,C:\Users\maksa\Desktop\диссертация\data\data\segmentation\ImageCAS_CT\raw_images\final_extracted\1-200\89.img.nii.gz,C:\Users\maksa\Desktop\диссертация\data\data\segmentation\ImageCAS_CT\ImageCAS-STACOM2025-02-10-2025\segmentations\89.img.nii.gz,152,ImageCAS,unassigned,cardiac_ct,axial,0,public,True,0.330078125,0.330078125
ImageCAS_89,89,static,C:\Users\maksa\Desktop\диссертация\data\data\segmentation\ImageCAS_CT\raw_images\final_extracted\1-200\89.img.nii.gz,C:\Users\maksa\Desktop\диссертация\data\data\segmentation\ImageCAS_CT\ImageCAS-STACOM2025-02-10-2025\segmentations\89.img.nii.gz,183,ImageCAS,unassigned,cardiac_ct,axial,0,public,True,0.330078125,0.330078125
ImageCAS_89,89,static,C:\Users\maksa\Desktop\диссертация\data\data\segmentation\ImageCAS_CT\raw_images\final_extracted\1-200\89.img.nii.gz,C:\Users\maksa\Desktop\диссертация\data\data\segmentation\ImageCAS_CT\ImageCAS-STACOM2025-02-10-2025\segmentations\89.img.nii.gz,213,ImageCAS,unassigned,cardiac_ct,axial,0,public,True,0.330078125,0.330078125
ImageCAS_89,89,static,C:\Users\maksa\Desktop\диссертация\data\data\segmentation\ImageCAS_CT\raw_images\final_extracted\1-200\89.img.nii.gz,C:\Users\maksa\Desktop\диссертация\data\data\segmentation\ImageCAS_CT\ImageCAS-STACOM2025-02-10-2025\segmentations\89.img.nii.gz,244,ImageCAS,unassigned,cardiac_ct,axial,0,public,True,0.330078125,0.330078125
ImageCAS_89,89,static,C:\Users\maksa\Desktop\диссертация\data\data\segmentation\ImageCAS_CT\raw_images\final_extracted\1-200\89.img.nii.gz,C:\Users\maksa\Desktop\диссертация\data\data\segmentation\ImageCAS_CT\ImageCAS-STACOM2025-02-10-2025\segmentations\89.img.nii.gz,274,ImageCAS,unassigned,cardiac_ct,axial,0,public,True,0.330078125,0.330078125
ImageCAS_9,9,static,C:\Users\maksa\Desktop\диссертация\data\data\segmentation\ImageCAS_CT\raw_images\final_extracted\1-200\9.img.nii.gz,C:\Users\maksa\Desktop\диссертация\data\data\segmentation\ImageCAS_CT\ImageCAS-STACOM2025-02-10-2025\segmentations\9.img.nii.gz,0,ImageCAS,unassigned,cardiac_ct,axial,0,public,True,0.390625,0.390625
ImageCAS_9,9,static,C:\Users\maksa\Desktop\диссертация\data\data\segmentation\ImageCAS_CT\raw_images\final_extracted\1-200\9.img.nii.gz,C:\Users\maksa\Desktop\диссертация\data\data\segmentation\ImageCAS_CT\ImageCAS-STACOM2025-02-10-2025\segmentations\9.img.nii.gz,30,ImageCAS,unassigned,cardiac_ct,axial,0,public,True,0.390625,0.390625
ImageCAS_9,9,static,C:\Users\maksa\Desktop\диссертация\data\data\segmentation\ImageCAS_CT\raw_images\final_extracted\1-200\9.img.nii.gz,C:\Users\maksa\Desktop\диссертация\data\data\segmentation\ImageCAS_CT\ImageCAS-STACOM2025-02-10-2025\segmentations\9.img.nii.gz,61,ImageCAS,unassigned,cardiac_ct,axial,0,public,True,0.390625,0.390625
ImageCAS_9,9,static,C:\Users\maksa\Desktop\диссертация\data\data\segmentation\ImageCAS_CT\raw_images\final_extracted\1-200\9.img.nii.gz,C:\Users\maksa\Desktop\диссертация\data\data\segmentation\ImageCAS_CT\ImageCAS-STACOM2025-02-10-2025\segmentations\9.img.nii.gz,91,ImageCAS,unassigned,cardiac_ct,axial,0,public,True,0.390625,0.390625
ImageCAS_9,9,static,C:\Users\maksa\Desktop\диссертация\data\data\segmentation\ImageCAS_CT\raw_images\final_extracted\1-200\9.img.nii.gz,C:\Users\maksa\Desktop\диссертация\data\data\segmentation\ImageCAS_CT\ImageCAS-STACOM2025-02-10-2025\segmentations\9.img.nii.gz,122,ImageCAS,unassigned,cardiac_ct,axial,0,public,True,0.390625,0.390625
ImageCAS_9,9,static,C:\Users\maksa\Desktop\диссертация\data\data\segmentation\ImageCAS_CT\raw_images\final_extracted\1-200\9.img.nii.gz,C:\Users\maksa\Desktop\диссертация\data\data\segmentation\ImageCAS_CT\ImageCAS-STACOM2025-02-10-2025\segmentations\9.img.nii.gz,152,ImageCAS,unassigned,cardiac_ct,axial,0,public,True,0.390625,0.390625
ImageCAS_9,9,static,C:\Users\maksa\Desktop\диссертация\data\data\segmentation\ImageCAS_CT\raw_images\final_extracted\1-200\9.img.nii.gz,C:\Users\maksa\Desktop\диссертация\data\data\segmentation\ImageCAS_CT\ImageCAS-STACOM2025-02-10-2025\segmentations\9.img.nii.gz,183,ImageCAS,unassigned,cardiac_ct,axial,0,public,True,0.390625,0.390625
ImageCAS_9,9,static,C:\Users\maksa\Desktop\диссертация\data\data\segmentation\ImageCAS_CT\raw_images\final_extracted\1-200\9.img.nii.gz,C:\Users\maksa\Desktop\диссертация\data\data\segmentation\ImageCAS_CT\ImageCAS-STACOM2025-02-10-2025\segmentations\9.img.nii.gz,213,ImageCAS,unassigned,cardiac_ct,axial,0,public,True,0.390625,0.390625
ImageCAS_9,9,static,C:\Users\maksa\Desktop\диссертация\data\data\segmentation\ImageCAS_CT\raw_images\final_extracted\1-200\9.img.nii.gz,C:\Users\maksa\Desktop\диссертация\data\data\segmentation\ImageCAS_CT\ImageCAS-STACOM2025-02-10-2025\segmentations\9.img.nii.gz,244,ImageCAS,unassigned,cardiac_ct,axial,0,public,True,0.390625,0.390625
ImageCAS_9,9,static,C:\Users\maksa\Desktop\диссертация\data\data\segmentation\ImageCAS_CT\raw_images\final_extracted\1-200\9.img.nii.gz,C:\Users\maksa\Desktop\диссертация\data\data\segmentation\ImageCAS_CT\ImageCAS-STACOM2025-02-10-2025\segmentations\9.img.nii.gz,274,ImageCAS,unassigned,cardiac_ct,axial,0,public,True,0.390625,0.390625
ImageCAS_91,91,static,C:\Users\maksa\Desktop\диссертация\data\data\segmentation\ImageCAS_CT\raw_images\final_extracted\1-200\91.img.nii.gz,C:\Users\maksa\Desktop\диссертация\data\data\segmentation\ImageCAS_CT\ImageCAS-STACOM2025-02-10-2025\segmentations\91.img.nii.gz,0,ImageCAS,unassigned,cardiac_ct,axial,0,public,True,0.361328125,0.361328125
ImageCAS_91,91,static,C:\Users\maksa\Desktop\диссертация\data\data\segmentation\ImageCAS_CT\raw_images\final_extracted\1-200\91.img.nii.gz,C:\Users\maksa\Desktop\диссертация\data\data\segmentation\ImageCAS_CT\ImageCAS-STACOM2025-02-10-2025\segmentations\91.img.nii.gz,30,ImageCAS,unassigned,cardiac_ct,axial,0,public,True,0.361328125,0.361328125
ImageCAS_91,91,static,C:\Users\maksa\Desktop\диссертация\data\data\segmentation\ImageCAS_CT\raw_images\final_extracted\1-200\91.img.nii.gz,C:\Users\maksa\Desktop\диссертация\data\data\segmentation\ImageCAS_CT\ImageCAS-STACOM2025-02-10-2025\segmentations\91.img.nii.gz,61,ImageCAS,unassigned,cardiac_ct,axial,0,public,True,0.361328125,0.361328125
ImageCAS_91,91,static,C:\Users\maksa\Desktop\диссертация\data\data\segmentation\ImageCAS_CT\raw_images\final_extracted\1-200\91.img.nii.gz,C:\Users\maksa\Desktop\диссертация\data\data\segmentation\ImageCAS_CT\ImageCAS-STACOM2025-02-10-2025\segmentations\91.img.nii.gz,91,ImageCAS,unassigned,cardiac_ct,axial,0,public,True,0.361328125,0.361328125
ImageCAS_91,91,static,C:\Users\maksa\Desktop\диссертация\data\data\segmentation\ImageCAS_CT\raw_images\final_extracted\1-200\91.img.nii.gz,C:\Users\maksa\Desktop\диссертация\data\data\segmentation\ImageCAS_CT\ImageCAS-STACOM2025-02-10-2025\segmentations\91.img.nii.gz,122,ImageCAS,unassigned,cardiac_ct,axial,0,public,True,0.361328125,0.361328125
ImageCAS_91,91,static,C:\Users\maksa\Desktop\диссертация\data\data\segmentation\ImageCAS_CT\raw_images\final_extracted\1-200\91.img.nii.gz,C:\Users\maksa\Desktop\диссертация\data\data\segmentation\ImageCAS_CT\ImageCAS-STACOM2025-02-10-2025\segmentations\91.img.nii.gz,152,ImageCAS,unassigned,cardiac_ct,axial,0,public,True,0.361328125,0.361328125
ImageCAS_91,91,static,C:\Users\maksa\Desktop\диссертация\data\data\segmentation\ImageCAS_CT\raw_images\final_extracted\1-200\91.img.nii.gz,C:\Users\maksa\Desktop\диссертация\data\data\segmentation\ImageCAS_CT\ImageCAS-STACOM2025-02-10-2025\segmentations\91.img.nii.gz,183,ImageCAS,unassigned,cardiac_ct,axial,0,public,True,0.361328125,0.361328125
ImageCAS_91,91,static,C:\Users\maksa\Desktop\диссертация\data\data\segmentation\ImageCAS_CT\raw_images\final_extracted\1-200\91.img.nii.gz,C:\Users\maksa\Desktop\диссертация\data\data\segmentation\ImageCAS_CT\ImageCAS-STACOM2025-02-10-2025\segmentations\91.img.nii.gz,213,ImageCAS,unassigned,cardiac_ct,axial,0,public,True,0.361328125,0.361328125
ImageCAS_91,91,static,C:\Users\maksa\Desktop\диссертация\data\data\segmentation\ImageCAS_CT\raw_images\final_extracted\1-200\91.img.nii.gz,C:\Users\maksa\Desktop\диссертация\data\data\segmentation\ImageCAS_CT\ImageCAS-STACOM2025-02-10-2025\segmentations\91.img.nii.gz,244,ImageCAS,unassigned,cardiac_ct,axial,0,public,True,0.361328125,0.361328125
ImageCAS_91,91,static,C:\Users\maksa\Desktop\диссертация\data\data\segmentation\ImageCAS_CT\raw_images\final_extracted\1-200\91.img.nii.gz,C:\Users\maksa\Desktop\диссертация\data\data\segmentation\ImageCAS_CT\ImageCAS-STACOM2025-02-10-2025\segmentations\91.img.nii.gz,274,ImageCAS,unassigned,cardiac_ct,axial,0,public,True,0.361328125,0.361328125
ImageCAS_92,92,static,C:\Users\maksa\Desktop\диссертация\data\data\segmentation\ImageCAS_CT\raw_images\final_extracted\1-200\92.img.nii.gz,C:\Users\maksa\Desktop\диссертация\data\data\segmentation\ImageCAS_CT\ImageCAS-STACOM2025-02-10-2025\segmentations\92.img.nii.gz,0,ImageCAS,unassigned,cardiac_ct,axial,0,public,True,0.318359375,0.318359375
ImageCAS_92,92,static,C:\Users\maksa\Desktop\диссертация\data\data\segmentation\ImageCAS_CT\raw_images\final_extracted\1-200\92.img.nii.gz,C:\Users\maksa\Desktop\диссертация\data\data\segmentation\ImageCAS_CT\ImageCAS-STACOM2025-02-10-2025\segmentations\92.img.nii.gz,30,ImageCAS,unassigned,cardiac_ct,axial,0,public,True,0.318359375,0.318359375
ImageCAS_92,92,static,C:\Users\maksa\Desktop\диссертация\data\data\segmentation\ImageCAS_CT\raw_images\final_extracted\1-200\92.img.nii.gz,C:\Users\maksa\Desktop\диссертация\data\data\segmentation\ImageCAS_CT\ImageCAS-STACOM2025-02-10-2025\segmentations\92.img.nii.gz,61,ImageCAS,unassigned,cardiac_ct,axial,0,public,True,0.318359375,0.318359375
ImageCAS_92,92,static,C:\Users\maksa\Desktop\диссертация\data\data\segmentation\ImageCAS_CT\raw_images\final_extracted\1-200\92.img.nii.gz,C:\Users\maksa\Desktop\диссертация\data\data\segmentation\ImageCAS_CT\ImageCAS-STACOM2025-02-10-2025\segmentations\92.img.nii.gz,91,ImageCAS,unassigned,cardiac_ct,axial,0,public,True,0.318359375,0.318359375
ImageCAS_92,92,static,C:\Users\maksa\Desktop\диссертация\data\data\segmentation\ImageCAS_CT\raw_images\final_extracted\1-200\92.img.nii.gz,C:\Users\maksa\Desktop\диссертация\data\data\segmentation\ImageCAS_CT\ImageCAS-STACOM2025-02-10-2025\segmentations\92.img.nii.gz,122,ImageCAS,unassigned,cardiac_ct,axial,0,public,True,0.318359375,0.318359375
ImageCAS_92,92,static,C:\Users\maksa\Desktop\диссертация\data\data\segmentation\ImageCAS_CT\raw_images\final_extracted\1-200\92.img.nii.gz,C:\Users\maksa\Desktop\диссертация\data\data\segmentation\ImageCAS_CT\ImageCAS-STACOM2025-02-10-2025\segmentations\92.img.nii.gz,152,ImageCAS,unassigned,cardiac_ct,axial,0,public,True,0.318359375,0.318359375
ImageCAS_92,92,static,C:\Users\maksa\Desktop\диссертация\data\data\segmentation\ImageCAS_CT\raw_images\final_extracted\1-200\92.img.nii.gz,C:\Users\maksa\Desktop\диссертация\data\data\segmentation\ImageCAS_CT\ImageCAS-STACOM2025-02-10-2025\segmentations\92.img.nii.gz,183,ImageCAS,unassigned,cardiac_ct,axial,0,public,True,0.318359375,0.318359375
ImageCAS_92,92,static,C:\Users\maksa\Desktop\диссертация\data\data\segmentation\ImageCAS_CT\raw_images\final_extracted\1-200\92.img.nii.gz,C:\Users\maksa\Desktop\диссертация\data\data\segmentation\ImageCAS_CT\ImageCAS-STACOM2025-02-10-2025\segmentations\92.img.nii.gz,213,ImageCAS,unassigned,cardiac_ct,axial,0,public,True,0.318359375,0.318359375
ImageCAS_92,92,static,C:\Users\maksa\Desktop\диссертация\data\data\segmentation\ImageCAS_CT\raw_images\final_extracted\1-200\92.img.nii.gz,C:\Users\maksa\Desktop\диссертация\data\data\segmentation\ImageCAS_CT\ImageCAS-STACOM2025-02-10-2025\segmentations\92.img.nii.gz,244,ImageCAS,unassigned,cardiac_ct,axial,0,public,True,0.318359375,0.318359375
ImageCAS_92,92,static,C:\Users\maksa\Desktop\диссертация\data\data\segmentation\ImageCAS_CT\raw_images\final_extracted\1-200\92.img.nii.gz,C:\Users\maksa\Desktop\диссертация\data\data\segmentation\ImageCAS_CT\ImageCAS-STACOM2025-02-10-2025\segmentations\92.img.nii.gz,274,ImageCAS,unassigned,cardiac_ct,axial,0,public,True,0.318359375,0.318359375
ImageCAS_94,94,static,C:\Users\maksa\Desktop\диссертация\data\data\segmentation\ImageCAS_CT\raw_images\final_extracted\1-200\94.img.nii.gz,C:\Users\maksa\Desktop\диссертация\data\data\segmentation\ImageCAS_CT\ImageCAS-STACOM2025-02-10-2025\segmentations\94.img.nii.gz,0,ImageCAS,unassigned,cardiac_ct,axial,0,public,True,0.361328125,0.361328125
ImageCAS_94,94,static,C:\Users\maksa\Desktop\диссертация\data\data\segmentation\ImageCAS_CT\raw_images\final_extracted\1-200\94.img.nii.gz,C:\Users\maksa\Desktop\диссертация\data\data\segmentation\ImageCAS_CT\ImageCAS-STACOM2025-02-10-2025\segmentations\94.img.nii.gz,28,ImageCAS,unassigned,cardiac_ct,axial,0,public,True,0.361328125,0.361328125
ImageCAS_94,94,static,C:\Users\maksa\Desktop\диссертация\data\data\segmentation\ImageCAS_CT\raw_images\final_extracted\1-200\94.img.nii.gz,C:\Users\maksa\Desktop\диссертация\data\data\segmentation\ImageCAS_CT\ImageCAS-STACOM2025-02-10-2025\segmentations\94.img.nii.gz,55,ImageCAS,unassigned,cardiac_ct,axial,0,public,True,0.361328125,0.361328125
ImageCAS_94,94,static,C:\Users\maksa\Desktop\диссертация\data\data\segmentation\ImageCAS_CT\raw_images\final_extracted\1-200\94.img.nii.gz,C:\Users\maksa\Desktop\диссертация\data\data\segmentation\ImageCAS_CT\ImageCAS-STACOM2025-02-10-2025\segmentations\94.img.nii.gz,83,ImageCAS,unassigned,cardiac_ct,axial,0,public,True,0.361328125,0.361328125
ImageCAS_94,94,static,C:\Users\maksa\Desktop\диссертация\data\data\segmentation\ImageCAS_CT\raw_images\final_extracted\1-200\94.img.nii.gz,C:\Users\maksa\Desktop\диссертация\data\data\segmentation\ImageCAS_CT\ImageCAS-STACOM2025-02-10-2025\segmentations\94.img.nii.gz,110,ImageCAS,unassigned,cardiac_ct,axial,0,public,True,0.361328125,0.361328125
ImageCAS_94,94,static,C:\Users\maksa\Desktop\диссертация\data\data\segmentation\ImageCAS_CT\raw_images\final_extracted\1-200\94.img.nii.gz,C:\Users\maksa\Desktop\диссертация\data\data\segmentation\ImageCAS_CT\ImageCAS-STACOM2025-02-10-2025\segmentations\94.img.nii.gz,138,ImageCAS,unassigned,cardiac_ct,axial,0,public,True,0.361328125,0.361328125
ImageCAS_94,94,static,C:\Users\maksa\Desktop\диссертация\data\data\segmentation\ImageCAS_CT\raw_images\final_extracted\1-200\94.img.nii.gz,C:\Users\maksa\Desktop\диссертация\data\data\segmentation\ImageCAS_CT\ImageCAS-STACOM2025-02-10-2025\segmentations\94.img.nii.gz,165,ImageCAS,unassigned,cardiac_ct,axial,0,public,True,0.361328125,0.361328125
ImageCAS_94,94,static,C:\Users\maksa\Desktop\диссертация\data\data\segmentation\ImageCAS_CT\raw_images\final_extracted\1-200\94.img.nii.gz,C:\Users\maksa\Desktop\диссертация\data\data\segmentation\ImageCAS_CT\ImageCAS-STACOM2025-02-10-2025\segmentations\94.img.nii.gz,193,ImageCAS,unassigned,cardiac_ct,axial,0,public,True,0.361328125,0.361328125
ImageCAS_94,94,static,C:\Users\maksa\Desktop\диссертация\data\data\segmentation\ImageCAS_CT\raw_images\final_extracted\1-200\94.img.nii.gz,C:\Users\maksa\Desktop\диссертация\data\data\segmentation\ImageCAS_CT\ImageCAS-STACOM2025-02-10-2025\segmentations\94.img.nii.gz,220,ImageCAS,unassigned,cardiac_ct,axial,0,public,True,0.361328125,0.361328125
ImageCAS_94,94,static,C:\Users\maksa\Desktop\диссертация\data\data\segmentation\ImageCAS_CT\raw_images\final_extracted\1-200\94.img.nii.gz,C:\Users\maksa\Desktop\диссертация\data\data\segmentation\ImageCAS_CT\ImageCAS-STACOM2025-02-10-2025\segmentations\94.img.nii.gz,248,ImageCAS,unassigned,cardiac_ct,axial,0,public,True,0.361328125,0.361328125
ImageCAS_96,96,static,C:\Users\maksa\Desktop\диссертация\data\data\segmentation\ImageCAS_CT\raw_images\final_extracted\1-200\96.img.nii.gz,C:\Users\maksa\Desktop\диссертация\data\data\segmentation\ImageCAS_CT\ImageCAS-STACOM2025-02-10-2025\segmentations\96.img.nii.gz,0,ImageCAS,unassigned,cardiac_ct,axial,0,public,True,0.318359375,0.318359375
ImageCAS_96,96,static,C:\Users\maksa\Desktop\диссертация\data\data\segmentation\ImageCAS_CT\raw_images\final_extracted\1-200\96.img.nii.gz,C:\Users\maksa\Desktop\диссертация\data\data\segmentation\ImageCAS_CT\ImageCAS-STACOM2025-02-10-2025\segmentations\96.img.nii.gz,27,ImageCAS,unassigned,cardiac_ct,axial,0,public,True,0.318359375,0.318359375
ImageCAS_96,96,static,C:\Users\maksa\Desktop\диссертация\data\data\segmentation\ImageCAS_CT\raw_images\final_extracted\1-200\96.img.nii.gz,C:\Users\maksa\Desktop\диссертация\data\data\segmentation\ImageCAS_CT\ImageCAS-STACOM2025-02-10-2025\segmentations\96.img.nii.gz,55,ImageCAS,unassigned,cardiac_ct,axial,0,public,True,0.318359375,0.318359375
ImageCAS_96,96,static,C:\Users\maksa\Desktop\диссертация\data\data\segmentation\ImageCAS_CT\raw_images\final_extracted\1-200\96.img.nii.gz,C:\Users\maksa\Desktop\диссертация\data\data\segmentation\ImageCAS_CT\ImageCAS-STACOM2025-02-10-2025\segmentations\96.img.nii.gz,82,ImageCAS,unassigned,cardiac_ct,axial,0,public,True,0.318359375,0.318359375
ImageCAS_96,96,static,C:\Users\maksa\Desktop\диссертация\data\data\segmentation\ImageCAS_CT\raw_images\final_extracted\1-200\96.img.nii.gz,C:\Users\maksa\Desktop\диссертация\data\data\segmentation\ImageCAS_CT\ImageCAS-STACOM2025-02-10-2025\segmentations\96.img.nii.gz,109,ImageCAS,unassigned,cardiac_ct,axial,0,public,True,0.318359375,0.318359375
ImageCAS_96,96,static,C:\Users\maksa\Desktop\диссертация\data\data\segmentation\ImageCAS_CT\raw_images\final_extracted\1-200\96.img.nii.gz,C:\Users\maksa\Desktop\диссертация\data\data\segmentation\ImageCAS_CT\ImageCAS-STACOM2025-02-10-2025\segmentations\96.img.nii.gz,137,ImageCAS,unassigned,cardiac_ct,axial,0,public,True,0.318359375,0.318359375
ImageCAS_96,96,static,C:\Users\maksa\Desktop\диссертация\data\data\segmentation\ImageCAS_CT\raw_images\final_extracted\1-200\96.img.nii.gz,C:\Users\maksa\Desktop\диссертация\data\data\segmentation\ImageCAS_CT\ImageCAS-STACOM2025-02-10-2025\segmentations\96.img.nii.gz,164,ImageCAS,unassigned,cardiac_ct,axial,0,public,True,0.318359375,0.318359375
ImageCAS_96,96,static,C:\Users\maksa\Desktop\диссертация\data\data\segmentation\ImageCAS_CT\raw_images\final_extracted\1-200\96.img.nii.gz,C:\Users\maksa\Desktop\диссертация\data\data\segmentation\ImageCAS_CT\ImageCAS-STACOM2025-02-10-2025\segmentations\96.img.nii.gz,191,ImageCAS,unassigned,cardiac_ct,axial,0,public,True,0.318359375,0.318359375
ImageCAS_96,96,static,C:\Users\maksa\Desktop\диссертация\data\data\segmentation\ImageCAS_CT\raw_images\final_extracted\1-200\96.img.nii.gz,C:\Users\maksa\Desktop\диссертация\data\data\segmentation\ImageCAS_CT\ImageCAS-STACOM2025-02-10-2025\segmentations\96.img.nii.gz,219,ImageCAS,unassigned,cardiac_ct,axial,0,public,True,0.318359375,0.318359375
ImageCAS_96,96,static,C:\Users\maksa\Desktop\диссертация\data\data\segmentation\ImageCAS_CT\raw_images\final_extracted\1-200\96.img.nii.gz,C:\Users\maksa\Desktop\диссертация\data\data\segmentation\ImageCAS_CT\ImageCAS-STACOM2025-02-10-2025\segmentations\96.img.nii.gz,246,ImageCAS,unassigned,cardiac_ct,axial,0,public,True,0.318359375,0.318359375
ImageCAS_97,97,static,C:\Users\maksa\Desktop\диссертация\data\data\segmentation\ImageCAS_CT\raw_images\final_extracted\1-200\97.img.nii.gz,C:\Users\maksa\Desktop\диссертация\data\data\segmentation\ImageCAS_CT\ImageCAS-STACOM2025-02-10-2025\segmentations\97.img.nii.gz,0,ImageCAS,unassigned,cardiac_ct,axial,0,public,True,0.318359375,0.318359375
ImageCAS_97,97,static,C:\Users\maksa\Desktop\диссертация\data\data\segmentation\ImageCAS_CT\raw_images\final_extracted\1-200\97.img.nii.gz,C:\Users\maksa\Desktop\диссертация\data\data\segmentation\ImageCAS_CT\ImageCAS-STACOM2025-02-10-2025\segmentations\97.img.nii.gz,25,ImageCAS,unassigned,cardiac_ct,axial,0,public,True,0.318359375,0.318359375
ImageCAS_97,97,static,C:\Users\maksa\Desktop\диссертация\data\data\segmentation\ImageCAS_CT\raw_images\final_extracted\1-200\97.img.nii.gz,C:\Users\maksa\Desktop\диссертация\data\data\segmentation\ImageCAS_CT\ImageCAS-STACOM2025-02-10-2025\segmentations\97.img.nii.gz,50,ImageCAS,unassigned,cardiac_ct,axial,0,public,True,0.318359375,0.318359375
ImageCAS_97,97,static,C:\Users\maksa\Desktop\диссертация\data\data\segmentation\ImageCAS_CT\raw_images\final_extracted\1-200\97.img.nii.gz,C:\Users\maksa\Desktop\диссертация\data\data\segmentation\ImageCAS_CT\ImageCAS-STACOM2025-02-10-2025\segmentations\97.img.nii.gz,75,ImageCAS,unassigned,cardiac_ct,axial,0,public,True,0.318359375,0.318359375
ImageCAS_97,97,static,C:\Users\maksa\Desktop\диссертация\data\data\segmentation\ImageCAS_CT\raw_images\final_extracted\1-200\97.img.nii.gz,C:\Users\maksa\Desktop\диссертация\data\data\segmentation\ImageCAS_CT\ImageCAS-STACOM2025-02-10-2025\segmentations\97.img.nii.gz,100,ImageCAS,unassigned,cardiac_ct,axial,0,public,True,0.318359375,0.318359375
ImageCAS_97,97,static,C:\Users\maksa\Desktop\диссертация\data\data\segmentation\ImageCAS_CT\raw_images\final_extracted\1-200\97.img.nii.gz,C:\Users\maksa\Desktop\диссертация\data\data\segmentation\ImageCAS_CT\ImageCAS-STACOM2025-02-10-2025\segmentations\97.img.nii.gz,124,ImageCAS,unassigned,cardiac_ct,axial,0,public,True,0.318359375,0.318359375
ImageCAS_97,97,static,C:\Users\maksa\Desktop\диссертация\data\data\segmentation\ImageCAS_CT\raw_images\final_extracted\1-200\97.img.nii.gz,C:\Users\maksa\Desktop\диссертация\data\data\segmentation\ImageCAS_CT\ImageCAS-STACOM2025-02-10-2025\segmentations\97.img.nii.gz,149,ImageCAS,unassigned,cardiac_ct,axial,0,public,True,0.318359375,0.318359375
ImageCAS_97,97,static,C:\Users\maksa\Desktop\диссертация\data\data\segmentation\ImageCAS_CT\raw_images\final_extracted\1-200\97.img.nii.gz,C:\Users\maksa\Desktop\диссертация\data\data\segmentation\ImageCAS_CT\ImageCAS-STACOM2025-02-10-2025\segmentations\97.img.nii.gz,174,ImageCAS,unassigned,cardiac_ct,axial,0,public,True,0.318359375,0.318359375
ImageCAS_97,97,static,C:\Users\maksa\Desktop\диссертация\data\data\segmentation\ImageCAS_CT\raw_images\final_extracted\1-200\97.img.nii.gz,C:\Users\maksa\Desktop\диссертация\data\data\segmentation\ImageCAS_CT\ImageCAS-STACOM2025-02-10-2025\segmentations\97.img.nii.gz,199,ImageCAS,unassigned,cardiac_ct,axial,0,public,True,0.318359375,0.318359375
ImageCAS_97,97,static,C:\Users\maksa\Desktop\диссертация\data\data\segmentation\ImageCAS_CT\raw_images\final_extracted\1-200\97.img.nii.gz,C:\Users\maksa\Desktop\диссертация\data\data\segmentation\ImageCAS_CT\ImageCAS-STACOM2025-02-10-2025\segmentations\97.img.nii.gz,224,ImageCAS,unassigned,cardiac_ct,axial,0,public,True,0.318359375,0.318359375
ImageCAS_98,98,static,C:\Users\maksa\Desktop\диссертация\data\data\segmentation\ImageCAS_CT\raw_images\final_extracted\1-200\98.img.nii.gz,C:\Users\maksa\Desktop\диссертация\data\data\segmentation\ImageCAS_CT\ImageCAS-STACOM2025-02-10-2025\segmentations\98.img.nii.gz,0,ImageCAS,unassigned,cardiac_ct,axial,0,public,True,0.337890625,0.337890625
ImageCAS_98,98,static,C:\Users\maksa\Desktop\диссертация\data\data\segmentation\ImageCAS_CT\raw_images\final_extracted\1-200\98.img.nii.gz,C:\Users\maksa\Desktop\диссертация\data\data\segmentation\ImageCAS_CT\ImageCAS-STACOM2025-02-10-2025\segmentations\98.img.nii.gz,29,ImageCAS,unassigned,cardiac_ct,axial,0,public,True,0.337890625,0.337890625
ImageCAS_98,98,static,C:\Users\maksa\Desktop\диссертация\data\data\segmentation\ImageCAS_CT\raw_images\final_extracted\1-200\98.img.nii.gz,C:\Users\maksa\Desktop\диссертация\data\data\segmentation\ImageCAS_CT\ImageCAS-STACOM2025-02-10-2025\segmentations\98.img.nii.gz,58,ImageCAS,unassigned,cardiac_ct,axial,0,public,True,0.337890625,0.337890625
ImageCAS_98,98,static,C:\Users\maksa\Desktop\диссертация\data\data\segmentation\ImageCAS_CT\raw_images\final_extracted\1-200\98.img.nii.gz,C:\Users\maksa\Desktop\диссертация\data\data\segmentation\ImageCAS_CT\ImageCAS-STACOM2025-02-10-2025\segmentations\98.img.nii.gz,87,ImageCAS,unassigned,cardiac_ct,axial,0,public,True,0.337890625,0.337890625
ImageCAS_98,98,static,C:\Users\maksa\Desktop\диссертация\data\data\segmentation\ImageCAS_CT\raw_images\final_extracted\1-200\98.img.nii.gz,C:\Users\maksa\Desktop\диссертация\data\data\segmentation\ImageCAS_CT\ImageCAS-STACOM2025-02-10-2025\segmentations\98.img.nii.gz,116,ImageCAS,unassigned,cardiac_ct,axial,0,public,True,0.337890625,0.337890625
ImageCAS_98,98,static,C:\Users\maksa\Desktop\диссертация\data\data\segmentation\ImageCAS_CT\raw_images\final_extracted\1-200\98.img.nii.gz,C:\Users\maksa\Desktop\диссертация\data\data\segmentation\ImageCAS_CT\ImageCAS-STACOM2025-02-10-2025\segmentations\98.img.nii.gz,146,ImageCAS,unassigned,cardiac_ct,axial,0,public,True,0.337890625,0.337890625
ImageCAS_98,98,static,C:\Users\maksa\Desktop\диссертация\data\data\segmentation\ImageCAS_CT\raw_images\final_extracted\1-200\98.img.nii.gz,C:\Users\maksa\Desktop\диссертация\data\data\segmentation\ImageCAS_CT\ImageCAS-STACOM2025-02-10-2025\segmentations\98.img.nii.gz,175,ImageCAS,unassigned,cardiac_ct,axial,0,public,True,0.337890625,0.337890625
ImageCAS_98,98,static,C:\Users\maksa\Desktop\диссертация\data\data\segmentation\ImageCAS_CT\raw_images\final_extracted\1-200\98.img.nii.gz,C:\Users\maksa\Desktop\диссертация\data\data\segmentation\ImageCAS_CT\ImageCAS-STACOM2025-02-10-2025\segmentations\98.img.nii.gz,204,ImageCAS,unassigned,cardiac_ct,axial,0,public,True,0.337890625,0.337890625
ImageCAS_98,98,static,C:\Users\maksa\Desktop\диссертация\data\data\segmentation\ImageCAS_CT\raw_images\final_extracted\1-200\98.img.nii.gz,C:\Users\maksa\Desktop\диссертация\data\data\segmentation\ImageCAS_CT\ImageCAS-STACOM2025-02-10-2025\segmentations\98.img.nii.gz,233,ImageCAS,unassigned,cardiac_ct,axial,0,public,True,0.337890625,0.337890625
ImageCAS_98,98,static,C:\Users\maksa\Desktop\диссертация\data\data\segmentation\ImageCAS_CT\raw_images\final_extracted\1-200\98.img.nii.gz,C:\Users\maksa\Desktop\диссертация\data\data\segmentation\ImageCAS_CT\ImageCAS-STACOM2025-02-10-2025\segmentations\98.img.nii.gz,262,ImageCAS,unassigned,cardiac_ct,axial,0,public,True,0.337890625,0.337890625
ImageCAS_99,99,static,C:\Users\maksa\Desktop\диссертация\data\data\segmentation\ImageCAS_CT\raw_images\final_extracted\1-200\99.img.nii.gz,C:\Users\maksa\Desktop\диссертация\data\data\segmentation\ImageCAS_CT\ImageCAS-STACOM2025-02-10-2025\segmentations\99.img.nii.gz,0,ImageCAS,unassigned,cardiac_ct,axial,0,public,True,0.39453125,0.39453125
ImageCAS_99,99,static,C:\Users\maksa\Desktop\диссертация\data\data\segmentation\ImageCAS_CT\raw_images\final_extracted\1-200\99.img.nii.gz,C:\Users\maksa\Desktop\диссертация\data\data\segmentation\ImageCAS_CT\ImageCAS-STACOM2025-02-10-2025\segmentations\99.img.nii.gz,30,ImageCAS,unassigned,cardiac_ct,axial,0,public,True,0.39453125,0.39453125
ImageCAS_99,99,static,C:\Users\maksa\Desktop\диссертация\data\data\segmentation\ImageCAS_CT\raw_images\final_extracted\1-200\99.img.nii.gz,C:\Users\maksa\Desktop\диссертация\data\data\segmentation\ImageCAS_CT\ImageCAS-STACOM2025-02-10-2025\segmentations\99.img.nii.gz,61,ImageCAS,unassigned,cardiac_ct,axial,0,public,True,0.39453125,0.39453125
ImageCAS_99,99,static,C:\Users\maksa\Desktop\диссертация\data\data\segmentation\ImageCAS_CT\raw_images\final_extracted\1-200\99.img.nii.gz,C:\Users\maksa\Desktop\диссертация\data\data\segmentation\ImageCAS_CT\ImageCAS-STACOM2025-02-10-2025\segmentations\99.img.nii.gz,91,ImageCAS,unassigned,cardiac_ct,axial,0,public,True,0.39453125,0.39453125
ImageCAS_99,99,static,C:\Users\maksa\Desktop\диссертация\data\data\segmentation\ImageCAS_CT\raw_images\final_extracted\1-200\99.img.nii.gz,C:\Users\maksa\Desktop\диссертация\data\data\segmentation\ImageCAS_CT\ImageCAS-STACOM2025-02-10-2025\segmentations\99.img.nii.gz,122,ImageCAS,unassigned,cardiac_ct,axial,0,public,True,0.39453125,0.39453125
ImageCAS_99,99,static,C:\Users\maksa\Desktop\диссертация\data\data\segmentation\ImageCAS_CT\raw_images\final_extracted\1-200\99.img.nii.gz,C:\Users\maksa\Desktop\диссертация\data\data\segmentation\ImageCAS_CT\ImageCAS-STACOM2025-02-10-2025\segmentations\99.img.nii.gz,152,ImageCAS,unassigned,cardiac_ct,axial,0,public,True,0.39453125,0.39453125
ImageCAS_99,99,static,C:\Users\maksa\Desktop\диссертация\data\data\segmentation\ImageCAS_CT\raw_images\final_extracted\1-200\99.img.nii.gz,C:\Users\maksa\Desktop\диссертация\data\data\segmentation\ImageCAS_CT\ImageCAS-STACOM2025-02-10-2025\segmentations\99.img.nii.gz,183,ImageCAS,unassigned,cardiac_ct,axial,0,public,True,0.39453125,0.39453125
ImageCAS_99,99,static,C:\Users\maksa\Desktop\диссертация\data\data\segmentation\ImageCAS_CT\raw_images\final_extracted\1-200\99.img.nii.gz,C:\Users\maksa\Desktop\диссертация\data\data\segmentation\ImageCAS_CT\ImageCAS-STACOM2025-02-10-2025\segmentations\99.img.nii.gz,213,ImageCAS,unassigned,cardiac_ct,axial,0,public,True,0.39453125,0.39453125
ImageCAS_99,99,static,C:\Users\maksa\Desktop\диссертация\data\data\segmentation\ImageCAS_CT\raw_images\final_extracted\1-200\99.img.nii.gz,C:\Users\maksa\Desktop\диссертация\data\data\segmentation\ImageCAS_CT\ImageCAS-STACOM2025-02-10-2025\segmentations\99.img.nii.gz,244,ImageCAS,unassigned,cardiac_ct,axial,0,public,True,0.39453125,0.39453125
ImageCAS_99,99,static,C:\Users\maksa\Desktop\диссертация\data\data\segmentation\ImageCAS_CT\raw_images\final_extracted\1-200\99.img.nii.gz,C:\Users\maksa\Desktop\диссертация\data\data\segmentation\ImageCAS_CT\ImageCAS-STACOM2025-02-10-2025\segmentations\99.img.nii.gz,274,ImageCAS,unassigned,cardiac_ct,axial,0,public,True,0.39453125,0.39453125
